Map Key,Path Key,File,Layer,Path Name,Vertices,Start Lon,Start Lat,End Lon,End Lat,WKT
1gHUPcrsaFH_yc2pjp-VaDU1WsEbVJUJf,1gHUPcrsaFH_yc2pjp-VaDU1WsEbVJUJf-L1,2025.EIS.000099.kmz,"Directions from Starlight Sweaters Ltd. (Labib Group to Vogra Bypass school field, Dhaka - Mymensingh Road, Gazipur","Directions from Starlight Sweaters Ltd. (Labib Group to Vogra Bypass school field, Dhaka - Mymensingh Road, Gazipur",122,90.37725,23.97878,90.38052,23.97729,"LINESTRING(90.37725 23.97878,90.37777 23.97882,90.37791 23.97887,90.37808 23.97888,90.37805 23.9783,90.37805 23.97818,90.37805 23.9778,90.37805 23.97762,90.37804 23.97748,90.3804 23.97754,90.38056 23.97755,90.3808 23.97755,90.38078 23.97743,90.38072 23.97637,90.38072 23.97627,90.38067 23.97538,90.38061 23.97468,90.38061 23.97467,90.38055 23.97409,90.38053 23.97377,90.38051 23.9736,90.38051 23.97358,90.38049 23.97323,90.38044 23.97251,90.38041 23.97196,90.3804 23.97179,90.38039 23.97172,90.38038 23.97165,90.38038 23.97162,90.38038 23.9716,90.38033 23.97094,90.38031 23.9704,90.38031 23.96978,90.38026 23.96907,90.38024 23.96799,90.38024 23.96798,90.38021 23.96691,90.38021 23.96689,90.38021 23.96676,90.38021 23.96634,90.38022 23.96592,90.38025 23.96546,90.38031 23.96487,90.38041 23.96397,90.38057 23.9624,90.38062 23.96199,90.38064 23.96181,90.38066 23.96163,90.38073 23.96092,90.38087 23.95972,90.38089 23.95954,90.38096 23.95865,90.38096 23.9586,90.38103 23.95776,90.38103 23.95771,90.38104 23.95758,90.38111 23.95681,90.38117 23.95613,90.3812 23.95579,90.38121 23.9556,90.38125 23.95497,90.3813 23.95367,90.38114 23.9537,90.38111 23.95442,90.3811 23.95478,90.38109 23.95494,90.38107 23.95544,90.38105 23.95568,90.38104 23.95575,90.38102 23.95603,90.38097 23.95665,90.38089 23.9575,90.38088 23.95754,90.38081 23.95836,90.38078 23.95861,90.3807 23.95941,90.38058 23.96084,90.38052 23.96157,90.38051 23.96168,90.38049 23.96186,90.38042 23.96239,90.38033 23.96314,90.38024 23.96389,90.38013 23.96478,90.38012 23.96486,90.38009 23.96522,90.38006 23.96545,90.38005 23.9656,90.38004 23.96576,90.38004 23.96591,90.38005 23.96621,90.38007 23.9665,90.38008 23.96713,90.3801 23.96803,90.38014 23.96953,90.38015 23.96979,90.38018 23.97055,90.38021 23.97129,90.38021 23.97141,90.38021 23.97144,90.38021 23.9715,90.3802 23.97162,90.38021 23.97207,90.38023 23.97242,90.38026 23.97272,90.38029 23.97307,90.38031 23.97334,90.38034 23.97374,90.38038 23.97414,90.38043 23.97468,90.3805 23.97556,90.38051 23.97624,90.38051 23.97627,90.38049 23.97638,90.38048 23.97645,90.38048 23.97657,90.38048 23.9767,90.38049 23.97686,90.3805 23.97702,90.38051 23.97718,90.38052 23.97726,90.38052 23.97729)"
1jTVvCGwxEVldCc6xBc9xw4wh99_Am7AM,1jTVvCGwxEVldCc6xBc9xw4wh99_Am7AM-L2,2026.EIS.000146.kmz,"Directions from JHVV+6FC, N1, Sonargaon, Bangladesh to ZAHEEN KNITWEARS LTD., Madanpur, N1, Bandar, N1","Directions from JHVV+6FC, N1, Sonargaon, Bangladesh to ZAHEEN KNITWEARS LTD., Madanpur, N1, Bandar, N1",818,90.59317,23.64344,90.54956,23.68748,"LINESTRING(90.59317 23.64344,90.59319 23.64331,90.5932 23.64327,90.59323 23.6431,90.59327 23.64296,90.59331 23.64282,90.59333 23.64278,90.59335 23.64271,90.59336 23.64266,90.59335 23.64261,90.59335 23.6425,90.59333 23.64242,90.59328 23.64225,90.59324 23.64217,90.59323 23.64215,90.59321 23.64213,90.5932 23.64212,90.59317 23.64211,90.59311 23.64212,90.59303 23.64214,90.59278 23.64218,90.59267 23.64218,90.59259 23.64218,90.59252 23.64218,90.59239 23.64219,90.59229 23.64219,90.59219 23.6422,90.5921 23.64221,90.59202 23.64224,90.59192 23.64227,90.59183 23.64227,90.59163 23.64226,90.5915 23.64223,90.59143 23.6422,90.59182 23.64147,90.59192 23.64128,90.59217 23.64083,90.5923 23.64059,90.59248 23.64026,90.5927 23.63983,90.59342 23.63842,90.5935 23.63825,90.59359 23.63809,90.59374 23.63781,90.59376 23.63777,90.59389 23.6375,90.59392 23.63744,90.594 23.63728,90.59403 23.63722,90.5942 23.63689,90.59423 23.63683,90.59433 23.63662,90.59438 23.63653,90.59447 23.63641,90.59455 23.63629,90.59465 23.63618,90.59475 23.63607,90.5949 23.63591,90.59509 23.63574,90.59611 23.63489,90.59623 23.6348,90.59669 23.63443,90.597 23.63419,90.59731 23.63393,90.59763 23.63366,90.59778 23.63355,90.59844 23.63297,90.59893 23.63254,90.59924 23.63228,90.59954 23.63203,90.60023 23.63151,90.60045 23.63133,90.60076 23.63108,90.60093 23.63094,90.60107 23.63083,90.60124 23.63069,90.60135 23.63059,90.60157 23.63038,90.60172 23.6302,90.60201 23.62981,90.60219 23.62953,90.6023 23.62934,90.6024 23.62919,90.60255 23.62895,90.60268 23.62874,90.60284 23.62848,90.60293 23.62835,90.60299 23.62825,90.60349 23.62748,90.60372 23.62711,90.60382 23.62695,90.60397 23.62673,90.60399 23.62669,90.60493 23.62525,90.60514 23.62491,90.60529 23.62467,90.60535 23.62458,90.60538 23.62451,90.60548 23.62437,90.60555 23.62422,90.6056 23.62416,90.60563 23.62411,90.60567 23.62406,90.60573 23.62399,90.60581 23.62387,90.60587 23.62377,90.6059 23.6237,90.60599 23.62356,90.60603 23.62349,90.60634 23.62298,90.60647 23.62278,90.60667 23.62247,90.60676 23.62233,90.60702 23.62193,90.60714 23.62176,90.60739 23.62142,90.60775 23.62087,90.60788 23.62068,90.60796 23.62054,90.60803 23.62039,90.60809 23.62029,90.60816 23.62015,90.60821 23.62008,90.60825 23.62002,90.60829 23.61996,90.60832 23.61992,90.60836 23.61988,90.60839 23.61985,90.60848 23.61972,90.60877 23.6193,90.60894 23.61903,90.60914 23.61867,90.6092 23.61857,90.60927 23.61842,90.60935 23.61825,90.60942 23.61812,90.60944 23.61808,90.60947 23.61802,90.60994 23.61711,90.61019 23.61662,90.61043 23.61622,90.61089 23.61533,90.61105 23.61499,90.61114 23.61466,90.61119 23.61442,90.61123 23.61397,90.61124 23.61379,90.61132 23.61289,90.61135 23.61247,90.61137 23.61235,90.61139 23.61218,90.61141 23.61208,90.61142 23.612,90.61145 23.61182,90.61146 23.6118,90.61153 23.61149,90.61159 23.61127,90.61172 23.61096,90.61183 23.61069,90.61236 23.60964,90.6124 23.60955,90.61244 23.60946,90.61251 23.60929,90.61257 23.60913,90.61274 23.60879,90.61282 23.60863,90.6129 23.60846,90.61298 23.6083,90.61305 23.60816,90.61331 23.60764,90.61339 23.60748,90.61352 23.60721,90.61392 23.60639,90.61404 23.60615,90.61416 23.60591,90.61426 23.60568,90.61469 23.6048,90.61536 23.60341,90.61541 23.60332,90.61586 23.60242,90.61595 23.60223,90.61595 23.60222,90.61604 23.60206,90.61621 23.60174,90.6163 23.60158,90.6166 23.60115,90.61686 23.60086,90.61722 23.60054,90.61731 23.60049,90.61747 23.6004,90.61776 23.60024,90.61833 23.59996,90.61912 23.59957,90.61922 23.59952,90.62044 23.59899,90.62091 23.59876,90.6214 23.59854,90.62168 23.59839,90.62207 23.59817,90.62261 23.59783,90.62253 23.5977,90.62192 23.59809,90.62146 23.59834,90.62038 23.59887,90.61921 23.59941,90.61895 23.59953,90.61878 23.59961,90.61845 23.59975,90.61828 23.59984,90.61796 23.59997,90.61752 23.60021,90.61715 23.60043,90.61693 23.60059,90.61666 23.60086,90.61642 23.60113,90.61622 23.60138,90.61589 23.60199,90.61581 23.60216,90.61524 23.60331,90.61468 23.60445,90.61399 23.60587,90.61379 23.60629,90.61298 23.60794,90.6129 23.60809,90.61282 23.60826,90.6127 23.60851,90.61258 23.60875,90.61257 23.60877,90.61243 23.60908,90.61242 23.6091,90.61228 23.6094,90.61224 23.60948,90.61221 23.60955,90.61205 23.60988,90.61182 23.61035,90.61163 23.61074,90.61148 23.61116,90.61146 23.61122,90.61135 23.61155,90.61129 23.61184,90.61121 23.6124,90.61108 23.61389,90.61102 23.6146,90.61086 23.61506,90.61071 23.61531,90.61056 23.61563,90.61031 23.61597,90.6102 23.61612,90.6099 23.61653,90.60937 23.61732,90.60929 23.61751,90.60918 23.61785,90.60914 23.61798,90.60911 23.61806,90.60911 23.61807,90.60908 23.61815,90.60903 23.61832,90.60899 23.61843,90.60895 23.61858,90.60881 23.61895,90.6088 23.61899,90.60876 23.61906,90.60847 23.61955,90.6084 23.61967,90.60819 23.61993,90.60817 23.61997,90.60805 23.62014,90.60789 23.62044,90.60782 23.62058,90.60721 23.62151,90.60705 23.62176,90.6066 23.62243,90.606 23.62336,90.60599 23.62339,90.6058 23.62367,90.60538 23.62434,90.60534 23.6244,90.6051 23.6248,90.60499 23.62498,90.60487 23.62516,90.60467 23.62547,90.60407 23.6264,90.60375 23.62688,90.60356 23.62717,90.60327 23.62763,90.60318 23.62778,90.60287 23.62825,90.60257 23.62872,90.60233 23.6291,90.60212 23.62944,90.60196 23.62968,90.60192 23.62974,90.60184 23.62986,90.60178 23.62995,90.60167 23.63008,90.60149 23.6303,90.6014 23.63039,90.60126 23.63053,90.60107 23.6307,90.60012 23.63149,90.59976 23.63176,90.59941 23.63204,90.59908 23.63231,90.59889 23.63247,90.59839 23.63289,90.59814 23.63308,90.59768 23.63348,90.59752 23.63361,90.59728 23.63382,90.59706 23.634,90.59691 23.63413,90.59642 23.63453,90.5961 23.6348,90.59592 23.63495,90.59559 23.63522,90.59545 23.63532,90.59539 23.63537,90.59496 23.63574,90.59484 23.63585,90.59476 23.63592,90.59459 23.6361,90.59452 23.63618,90.5944 23.63634,90.59438 23.63638,90.59431 23.63648,90.59427 23.63654,90.59421 23.63663,90.59412 23.63681,90.59411 23.63684,90.59394 23.63715,90.59372 23.63763,90.59358 23.63791,90.59352 23.63803,90.59343 23.63819,90.59321 23.63862,90.59312 23.63881,90.59302 23.639,90.59293 23.63919,90.59277 23.63948,90.59262 23.63977,90.59262 23.63978,90.59261 23.63979,90.59216 23.64062,90.59182 23.64127,90.59182 23.64129,90.59177 23.64138,90.59173 23.64145,90.59167 23.64156,90.59144 23.64198,90.59143 23.64199,90.59135 23.64214,90.59129 23.64225,90.59119 23.64244,90.59114 23.64254,90.59111 23.6426,90.59066 23.6434,90.59025 23.64419,90.59022 23.64425,90.59003 23.64461,90.58992 23.64481,90.58982 23.64499,90.58964 23.64532,90.58959 23.64542,90.58935 23.64587,90.58931 23.64596,90.58918 23.64621,90.58902 23.64647,90.5889 23.64668,90.58876 23.64686,90.58863 23.64702,90.58848 23.64719,90.58847 23.64719,90.58834 23.64733,90.58828 23.64738,90.58819 23.64746,90.58802 23.64759,90.58788 23.64768,90.58757 23.64788,90.58755 23.64789,90.58754 23.64789,90.5874 23.64798,90.58739 23.64799,90.58738 23.64799,90.58723 23.64809,90.58708 23.64819,90.58664 23.64845,90.5864 23.64859,90.58626 23.64868,90.58601 23.64883,90.58595 23.64887,90.58557 23.64908,90.58546 23.64915,90.58482 23.64956,90.58449 23.64975,90.58439 23.6498,90.58416 23.64995,90.58411 23.64999,90.58336 23.65041,90.583 23.65063,90.5829 23.65069,90.58251 23.65093,90.58156 23.65152,90.58137 23.65163,90.58088 23.65192,90.58026 23.65229,90.58009 23.65239,90.58006 23.6524,90.58004 23.65242,90.57957 23.65268,90.57912 23.65293,90.57908 23.65295,90.57864 23.65319,90.57859 23.65321,90.57809 23.65349,90.57775 23.6537,90.57757 23.65381,90.57682 23.65428,90.5761 23.65478,90.57541 23.65529,90.57526 23.65539,90.57475 23.65572,90.5747 23.65574,90.57411 23.65611,90.57371 23.65638,90.57362 23.65643,90.57329 23.65663,90.5729 23.65689,90.5725 23.6572,90.57226 23.65737,90.57195 23.65761,90.5717 23.65783,90.57148 23.65796,90.57109 23.65821,90.5703 23.6587,90.56948 23.65921,90.56918 23.65941,90.56867 23.6597,90.56844 23.65982,90.56832 23.65987,90.56779 23.66011,90.56706 23.66043,90.5668 23.66056,90.56664 23.66064,90.56623 23.66089,90.56614 23.66094,90.56582 23.66113,90.56515 23.66161,90.56502 23.66171,90.56475 23.66196,90.56454 23.66216,90.56443 23.66228,90.56435 23.66238,90.5643 23.66244,90.56418 23.6626,90.56405 23.66278,90.56393 23.66296,90.5637 23.66336,90.56356 23.66363,90.56347 23.66381,90.56301 23.66463,90.56286 23.66493,90.56226 23.66606,90.56198 23.66662,90.56184 23.66689,90.56132 23.66788,90.5609 23.6687,90.56083 23.66885,90.56025 23.67,90.56018 23.67013,90.5599 23.6707,90.55961 23.67128,90.55959 23.67131,90.5594 23.67169,90.55933 23.67182,90.55903 23.67242,90.55881 23.67282,90.55857 23.67327,90.5585 23.6734,90.55823 23.67392,90.55819 23.674,90.55814 23.67408,90.55795 23.67445,90.55776 23.67479,90.55756 23.67517,90.55749 23.67531,90.55716 23.67593,90.55695 23.67633,90.55621 23.67731,90.55586 23.67793,90.55577 23.67808,90.55566 23.67839,90.55555 23.67867,90.55544 23.6789,90.55532 23.67924,90.55513 23.67975,90.55478 23.68041,90.55427 23.68136,90.55407 23.68173,90.5536 23.68262,90.55357 23.68268,90.55327 23.68323,90.55305 23.68355,90.55291 23.68373,90.55234 23.68432,90.55216 23.68451,90.55152 23.68519,90.55139 23.68532,90.55139 23.68533,90.5512 23.68552,90.55066 23.6861,90.55 23.68685,90.5498 23.68707,90.54937 23.68754,90.5491 23.68783,90.54875 23.6882,90.54814 23.68888,90.54811 23.6889,90.54791 23.68911,90.54783 23.6892,90.54766 23.68937,90.54732 23.68967,90.54716 23.68981,90.54683 23.69013,90.54679 23.69017,90.54661 23.69035,90.54643 23.69047,90.5464 23.69049,90.5463 23.69055,90.54619 23.69061,90.54609 23.69066,90.546 23.6907,90.54577 23.69079,90.54576 23.69079,90.54565 23.69083,90.54433 23.69123,90.54369 23.69143,90.54343 23.69151,90.54246 23.6918,90.54221 23.69188,90.54113 23.69221,90.54054 23.69238,90.54034 23.69244,90.54005 23.69255,90.53994 23.6926,90.53981 23.69266,90.53962 23.69276,90.5394 23.69288,90.5391 23.69308,90.53869 23.6934,90.53766 23.69425,90.5375 23.69438,90.53695 23.69484,90.53649 23.69522,90.53565 23.6959,90.53522 23.69623,90.53456 23.69673,90.53376 23.69737,90.53352 23.69755,90.53301 23.69795,90.53285 23.69809,90.53246 23.6984,90.53 23.70039,90.52986 23.7005,90.52897 23.7012,90.52806 23.70193,90.52727 23.70255,90.5268 23.70291,90.52673 23.70297,90.5265 23.70316,90.52617 23.70342,90.52553 23.70393,90.52465 23.70464,90.52451 23.70472,90.5242 23.70494,90.52414 23.70499,90.52398 23.7051,90.52375 23.70522,90.52346 23.70536,90.52331 23.70542,90.52311 23.70548,90.52296 23.70551,90.52264 23.70558,90.52233 23.70563,90.52214 23.70564,90.52198 23.70564,90.52181 23.70565,90.52165 23.70564,90.52149 23.70562,90.5212 23.70558,90.52099 23.70554,90.52077 23.70548,90.52055 23.70541,90.52026 23.70529,90.51993 23.70509,90.51974 23.70497,90.51945 23.70477,90.51924 23.70462,90.51899 23.7044,90.51878 23.70423,90.51869 23.70417,90.51859 23.70409,90.5184 23.70392,90.51831 23.70385,90.518 23.70358,90.51798 23.70356,90.51773 23.70335,90.51769 23.70331,90.51762 23.70326,90.51759 23.70323,90.51754 23.70319,90.51739 23.70308,90.51732 23.70302,90.51725 23.70296,90.5171 23.70285,90.51704 23.70281,90.51695 23.70273,90.51677 23.70259,90.51663 23.70249,90.51635 23.70227,90.51623 23.70218,90.51611 23.70208,90.51595 23.70195,90.51565 23.7017,90.5155 23.70158,90.51509 23.70122,90.51507 23.7012,90.51493 23.7011,90.51492 23.70109,90.51475 23.70097,90.51411 23.70048,90.51417 23.70047,90.51422 23.70047,90.51427 23.70048,90.51432 23.70051,90.51441 23.70056,90.51448 23.7006,90.51459 23.70066,90.51491 23.70089,90.51516 23.70106,90.51541 23.70123,90.51542 23.70123,90.51553 23.70131,90.51558 23.70134,90.5156 23.70135,90.51574 23.70145,90.51586 23.70153,90.51614 23.7017,90.51627 23.70179,90.51632 23.70182,90.51639 23.70191,90.51637 23.702,90.51635 23.70207,90.51633 23.70212,90.51624 23.70223,90.51624 23.70224,90.51622 23.70225,90.5162 23.70228,90.51618 23.70231,90.51616 23.70232,90.51615 23.70233,90.5161 23.70236,90.51606 23.70239,90.51601 23.70241,90.51595 23.70243,90.51586 23.70244,90.51571 23.70231,90.51554 23.70213,90.51537 23.702,90.51524 23.7019,90.515 23.70175,90.51482 23.70164,90.51479 23.70161,90.51475 23.70157,90.51474 23.70155,90.51474 23.7015,90.51476 23.70146,90.51478 23.70142,90.51482 23.7014,90.51487 23.70139,90.51491 23.70139,90.51493 23.70139,90.51499 23.70142,90.5151 23.7015,90.51527 23.70164,90.5154 23.70176,90.51545 23.70179,90.51548 23.7018,90.5155 23.70179,90.51554 23.70177,90.51569 23.70189,90.51586 23.70203,90.51596 23.7021,90.51606 23.7022,90.51612 23.70224,90.51626 23.70237,90.51651 23.70259,90.51666 23.7027,90.51681 23.70282,90.51686 23.70286,90.51711 23.70305,90.51726 23.70317,90.51729 23.7032,90.5174 23.70329,90.51744 23.70332,90.51755 23.70341,90.51765 23.70348,90.51785 23.70364,90.51799 23.70376,90.51814 23.70388,90.51829 23.704,90.51854 23.7042,90.51863 23.70429,90.51872 23.70437,90.51934 23.70492,90.51943 23.70494,90.51947 23.70496,90.51952 23.705,90.51959 23.70505,90.51982 23.70521,90.52008 23.70537,90.5201 23.70539,90.52028 23.70547,90.52046 23.70555,90.52082 23.70569,90.52098 23.70574,90.52111 23.70577,90.52123 23.7058,90.5213 23.70581,90.52139 23.70582,90.52153 23.70584,90.52167 23.70586,90.52185 23.70586,90.52207 23.70586,90.52241 23.70583,90.5227 23.70579,90.52301 23.70571,90.52328 23.70563,90.52349 23.70554,90.52368 23.70544,90.52395 23.70528,90.52402 23.70523,90.52411 23.70517,90.52423 23.70509,90.52436 23.70499,90.5245 23.70486,90.52463 23.70475,90.52466 23.70474,90.5248 23.70469,90.52515 23.70435,90.52534 23.70419,90.52593 23.70372,90.52639 23.70336,90.52653 23.70325,90.52687 23.70297,90.52692 23.70293,90.52806 23.70203,90.52811 23.70199,90.52904 23.70125,90.52994 23.70053,90.53 23.70048,90.53006 23.70044,90.53023 23.7003,90.53029 23.70025,90.53109 23.69961,90.53154 23.69925,90.53202 23.69885,90.5322 23.6987,90.53243 23.69852,90.53261 23.69837,90.53282 23.69821,90.53293 23.69813,90.53307 23.69802,90.53337 23.69778,90.53382 23.69742,90.53485 23.69662,90.53527 23.69629,90.53585 23.69582,90.53629 23.69546,90.53647 23.69533,90.53702 23.69488,90.53708 23.69484,90.53775 23.69428,90.53808 23.69402,90.53842 23.69373,90.53892 23.69332,90.53917 23.69313,90.53931 23.69303,90.53943 23.69296,90.53973 23.69279,90.53998 23.69267,90.54017 23.69259,90.54058 23.69245,90.54095 23.69234,90.54116 23.69228,90.54185 23.69207,90.54227 23.69196,90.54306 23.69171,90.54328 23.69164,90.54358 23.69154,90.54473 23.6912,90.54528 23.69104,90.54579 23.69089,90.54593 23.69084,90.54611 23.69076,90.54635 23.69064,90.54656 23.69052,90.54667 23.69043,90.54675 23.69035,90.54703 23.69009,90.54734 23.6898,90.54749 23.68967,90.54788 23.68929,90.54814 23.68901,90.54817 23.68897,90.54845 23.68867,90.54883 23.68827,90.54896 23.68812,90.54956 23.68748)"
1vYFbPqg4gcr_UcRMIUWaa-HkWd0JZKBC,1vYFbPqg4gcr_UcRMIUWaa-HkWd0JZKBC-L3,2025.EIS.000112.kmz,"Directions from Taqwa Fabrics Ltd. and Lantabur Apparels Ltd., Mawna to 5CX5+QV9, Mawna, Bangladesh","Directions from Taqwa Fabrics Ltd. and Lantabur Apparels Ltd., Mawna to 5CX5+QV9, Mawna, Bangladesh",54,90.4068,24.19578,90.40889,24.19892,"LINESTRING(90.4068 24.19578,90.407 24.19579,90.40702 24.19579,90.40702 24.19581,90.40702 24.1959,90.40723 24.19591,90.40725 24.19591,90.40726 24.19592,90.40727 24.19593,90.40728 24.19614,90.40728 24.19617,90.40728 24.19618,90.40729 24.19621,90.4073 24.19623,90.4073 24.19625,90.4073 24.19627,90.40731 24.19643,90.40734 24.19668,90.40735 24.19684,90.40767 24.1968,90.40771 24.19679,90.40803 24.19676,90.40822 24.19676,90.40833 24.19676,90.40838 24.19676,90.40851 24.19675,90.40853 24.19674,90.40861 24.19672,90.40868 24.19671,90.40877 24.19669,90.40894 24.19666,90.40955 24.19658,90.40993 24.19653,90.41011 24.19652,90.41011 24.19655,90.41011 24.19672,90.41009 24.19691,90.41008 24.19698,90.41008 24.19703,90.41007 24.19706,90.41006 24.19713,90.41005 24.19716,90.41003 24.19724,90.40998 24.19747,90.4099 24.19786,90.40988 24.19796,90.40986 24.19808,90.40985 24.19812,90.40985 24.19815,90.40987 24.19827,90.40994 24.19867,90.41 24.19893,90.40943 24.19896,90.40889 24.19892)"
11nVksis7vf5vuATeV55TT6X7Zk3jU1O7,11nVksis7vf5vuATeV55TT6X7Zk3jU1O7-L4,2025.EIS.000052.kmz,"Directions from Ayet Ali Udayon Academy to ANANTA Casual Wear Ltd., Dhaka - Mymensingh Highway, Netrokona","Directions from Ayet Ali Udayon Academy to ANANTA Casual Wear Ltd., Dhaka - Mymensingh Highway, Netrokona",32,90.38737,23.92986,90.38928,23.92901,"LINESTRING(90.38737 23.92986,90.38739 23.92984,90.3874 23.92983,90.38749 23.92949,90.38749 23.92948,90.38749 23.92947,90.38749 23.92946,90.38748 23.92946,90.38746 23.92946,90.38745 23.92945,90.38744 23.92945,90.38744 23.92944,90.38744 23.92942,90.38744 23.9294,90.38746 23.92924,90.38767 23.92923,90.38777 23.92922,90.38788 23.92923,90.38801 23.92924,90.3882 23.92926,90.38835 23.92928,90.38844 23.92929,90.38851 23.92931,90.38866 23.92939,90.3888 23.92948,90.3889 23.92953,90.38912 23.92903,90.38954 23.92805,90.38969 23.92808,90.38936 23.92881,90.3893 23.92897,90.38928 23.92901)"
1mCadOG6blzVrPXs3nOU7BOYD219jIgFr,1mCadOG6blzVrPXs3nOU7BOYD219jIgFr-L5,2025.EIS.000086.kmz,"Directions from 24.172777, 90.432865 to Golden Refit Garments Ltd. (Factory), Dhaka - Mymensingh Road, গাজীপুর","Directions from 24.172777, 90.432865 to Golden Refit Garments Ltd. (Factory), Dhaka - Mymensingh Road, গাজীপুর",102,90.43287,24.17278,90.42703,24.16743,"LINESTRING(90.43287 24.17278,90.43287 24.17266,90.43287 24.17263,90.43285 24.1726,90.43284 24.17259,90.43272 24.17255,90.43269 24.17253,90.43268 24.17251,90.43267 24.17248,90.43268 24.17231,90.4327 24.17189,90.43272 24.17155,90.43265 24.17154,90.43261 24.17151,90.43257 24.17147,90.43272 24.17138,90.43301 24.17117,90.43327 24.17101,90.43332 24.17098,90.43325 24.17058,90.43324 24.17055,90.43323 24.17055,90.43323 24.17054,90.4331 24.17048,90.43308 24.17047,90.43307 24.17046,90.43305 24.17043,90.43305 24.17041,90.43305 24.17039,90.43307 24.16996,90.43306 24.16991,90.43306 24.1699,90.43306 24.16989,90.43305 24.16989,90.43303 24.16988,90.43302 24.16987,90.43301 24.16987,90.43299 24.16986,90.43284 24.16984,90.43252 24.1698,90.43169 24.16968,90.43128 24.16963,90.43129 24.16929,90.43129 24.16897,90.43132 24.16881,90.43146 24.1681,90.43133 24.1679,90.43126 24.16778,90.43108 24.16773,90.43102 24.16771,90.43095 24.16768,90.43091 24.16766,90.43086 24.16764,90.4306 24.16757,90.43058 24.16757,90.43047 24.16754,90.43039 24.16751,90.43016 24.16747,90.43004 24.16745,90.42999 24.16744,90.42993 24.16742,90.42969 24.16737,90.42961 24.16735,90.42947 24.16732,90.42939 24.16731,90.42931 24.16729,90.42905 24.16726,90.42877 24.16724,90.42866 24.16723,90.42854 24.16724,90.42835 24.16725,90.42813 24.16727,90.42816 24.16701,90.42822 24.16618,90.42823 24.16603,90.42827 24.16564,90.4283 24.16517,90.42831 24.16506,90.42835 24.16505,90.4284 24.16502,90.42841 24.165,90.42841 24.16494,90.42843 24.16489,90.42837 24.16489,90.42831 24.16489,90.42824 24.16489,90.42823 24.16489,90.42817 24.16488,90.42811 24.16488,90.42805 24.16488,90.42804 24.16499,90.42807 24.165,90.4281 24.165,90.42816 24.165,90.42815 24.16508,90.42812 24.16567,90.42806 24.16657,90.42802 24.16708,90.42799 24.1674,90.42778 24.1674,90.42739 24.16742,90.42703 24.16743)"
1OTZcz0lqnpdDYNFf23qB9D4mrOJvAprk,1OTZcz0lqnpdDYNFf23qB9D4mrOJvAprk-L6,2025.EIS.000059.kmz,"Directions from Lariz Fashion Ltd./লারিজ ফ্যাশন লিমিটেড, Bandar to Gausia Khairia Jame Mosque","Directions from Lariz Fashion Ltd./লারিজ ফ্যাশন লিমিটেড, Bandar to Gausia Khairia Jame Mosque",19,90.54823,23.68919,90.54849,23.68804,"LINESTRING(90.54823 23.68919,90.54814 23.68901,90.54788 23.68929,90.54749 23.68967,90.54734 23.6898,90.54703 23.69009,90.54675 23.69035,90.54667 23.69043,90.54661 23.69035,90.54679 23.69017,90.54683 23.69013,90.54716 23.68981,90.54732 23.68967,90.54766 23.68937,90.54783 23.6892,90.54807 23.68895,90.54811 23.6889,90.54875 23.6882,90.54849 23.68804)"
1J2cSH3EynEEjNCeY7Vg-mNSwRwfNlfyD,1J2cSH3EynEEjNCeY7Vg-mNSwRwfNlfyD-L7,2025.EIS.000117.kmz,"Directions from Ettade Jeans Ltd, Chattogram to 9Q6F+5RJ, Chattogram 4217, Bangladesh","Directions from Ettade Jeans Ltd, Chattogram to 9Q6F+5RJ, Chattogram 4217, Bangladesh",587,91.82759,22.38201,91.7745,22.36119,"LINESTRING(91.82759 22.38201,91.82746 22.38222,91.82727 22.38255,91.82719 22.38274,91.82726 22.38276,91.82775 22.38276,91.82793 22.38277,91.82797 22.38277,91.82799 22.38278,91.82802 22.38279,91.82804 22.3828,91.82807 22.38284,91.82783 22.38306,91.8277 22.38319,91.82723 22.38359,91.82694 22.38384,91.82668 22.3841,91.82661 22.38417,91.82651 22.3843,91.82613 22.38482,91.8259 22.38517,91.82574 22.3854,91.82564 22.38561,91.82531 22.38627,91.82513 22.38664,91.82509 22.38673,91.82504 22.38688,91.82494 22.38719,91.82485 22.38747,91.82477 22.38774,91.82472 22.38792,91.82469 22.38802,91.82457 22.38844,91.82443 22.38897,91.82436 22.38923,91.82419 22.38989,91.82418 22.38992,91.82415 22.39002,91.82414 22.39005,91.8241 22.39019,91.82409 22.39022,91.82405 22.39032,91.82403 22.39036,91.82401 22.3904,91.82394 22.39052,91.8239 22.39057,91.82378 22.39073,91.82374 22.39081,91.8236 22.39105,91.82345 22.39138,91.82344 22.39139,91.82327 22.39175,91.82311 22.39208,91.82306 22.3922,91.82299 22.39232,91.82294 22.39241,91.82289 22.39249,91.82285 22.39255,91.82281 22.39259,91.8228 22.3926,91.82278 22.39262,91.82265 22.39272,91.82241 22.39288,91.82212 22.39307,91.82201 22.39316,91.82194 22.3932,91.82189 22.39323,91.82174 22.39333,91.8216 22.39342,91.82159 22.39342,91.82159 22.39341,91.82158 22.39341,91.82157 22.39341,91.82157 22.3934,91.82156 22.3934,91.82155 22.3934,91.82154 22.3934,91.82153 22.3934,91.82152 22.3934,91.82151 22.3934,91.8215 22.3934,91.82149 22.3934,91.82133 22.39334,91.82125 22.39332,91.82099 22.39327,91.82073 22.39323,91.82057 22.39321,91.8202 22.39316,91.82016 22.39315,91.82009 22.39314,91.82002 22.39312,91.81972 22.39309,91.81958 22.39307,91.81939 22.39304,91.81919 22.39301,91.81905 22.39299,91.819 22.39298,91.81881 22.39295,91.81862 22.39292,91.81843 22.39289,91.8184 22.39288,91.8182 22.39286,91.81801 22.39284,91.81771 22.39281,91.81748 22.3928,91.81734 22.39279,91.81725 22.39279,91.81666 22.39277,91.81624 22.39277,91.81622 22.39277,91.81563 22.39275,91.81505 22.39274,91.81477 22.39273,91.81452 22.39272,91.814 22.39271,91.81257 22.39269,91.81252 22.39269,91.81247 22.39269,91.81242 22.39268,91.81237 22.39266,91.81234 22.39265,91.81228 22.39261,91.81222 22.39257,91.81214 22.3925,91.81194 22.39226,91.8118 22.39205,91.81177 22.392,91.81113 22.39096,91.81093 22.39061,91.81087 22.39051,91.81081 22.39039,91.81075 22.39028,91.8107 22.39017,91.81068 22.39009,91.81067 22.39,91.81066 22.38993,91.81065 22.38976,91.81065 22.38966,91.81066 22.3894,91.81066 22.38918,91.81069 22.38869,91.81072 22.38814,91.81074 22.38787,91.81074 22.3875,91.81077 22.38706,91.81078 22.38692,91.81078 22.38691,91.81078 22.3869,91.81079 22.3869,91.81079 22.38689,91.81079 22.38688,91.81079 22.38687,91.81078 22.38686,91.81078 22.38685,91.81077 22.38685,91.81076 22.38685,91.81076 22.38684,91.81075 22.38684,91.81074 22.38684,91.81073 22.38684,91.81073 22.38685,91.81072 22.38685,91.81072 22.38686,91.81071 22.38686,91.81071 22.38687,91.81054 22.38686,91.81052 22.38686,91.81051 22.38686,91.81046 22.38684,91.81041 22.38683,91.81038 22.38682,91.81034 22.38681,91.81021 22.3868,91.81017 22.3868,91.81014 22.38679,91.81012 22.38679,91.8101 22.38678,91.81008 22.38677,91.81006 22.38674,91.80995 22.38664,91.8098 22.3865,91.80977 22.38648,91.80974 22.38646,91.80971 22.38644,91.8097 22.38644,91.80964 22.38641,91.80959 22.38638,91.80942 22.3863,91.80938 22.38626,91.8093 22.3862,91.80925 22.38615,91.80914 22.38603,91.8091 22.38598,91.809 22.38599,91.80896 22.386,91.8089 22.386,91.80874 22.386,91.80835 22.38602,91.80822 22.38603,91.80781 22.38604,91.80744 22.38604,91.80706 22.38603,91.80689 22.38603,91.80674 22.38603,91.80664 22.38603,91.80654 22.38602,91.80623 22.38599,91.80614 22.38599,91.80596 22.38598,91.80593 22.38597,91.80576 22.38596,91.80528 22.38593,91.80475 22.3859,91.80461 22.38589,91.80444 22.38588,91.80368 22.38583,91.80319 22.3858,91.80293 22.38579,91.80251 22.38577,91.80208 22.38572,91.80161 22.38571,91.80141 22.38571,91.80127 22.3857,91.80042 22.38568,91.8004 22.38568,91.80034 22.38567,91.79958 22.38565,91.79951 22.38565,91.79942 22.38564,91.79897 22.38562,91.79891 22.38561,91.79884 22.38561,91.79875 22.3856,91.79839 22.38562,91.79836 22.38562,91.798 22.38564,91.79776 22.38567,91.79758 22.38568,91.79757 22.38569,91.79747 22.38569,91.79726 22.38573,91.79702 22.38577,91.79693 22.38579,91.79693 22.3858,91.7969 22.3858,91.79681 22.38582,91.79662 22.38586,91.79645 22.38591,91.79628 22.38596,91.79612 22.38601,91.79594 22.38607,91.79578 22.38613,91.79558 22.38621,91.79557 22.38622,91.79546 22.38626,91.79518 22.38639,91.79496 22.38651,91.79458 22.38674,91.79432 22.38691,91.79427 22.38694,91.79381 22.38721,91.79353 22.38735,91.79348 22.38737,91.7932 22.38748,91.79282 22.3876,91.79247 22.38768,91.79227 22.38772,91.79204 22.38775,91.79198 22.38775,91.79177 22.38778,91.79147 22.38779,91.79129 22.38778,91.7912 22.38778,91.79108 22.38777,91.79101 22.38776,91.79061 22.38771,91.79026 22.38765,91.79024 22.38765,91.78992 22.38756,91.78959 22.38747,91.78925 22.38737,91.78924 22.38737,91.78887 22.38726,91.7885 22.38715,91.78838 22.38711,91.78812 22.38704,91.78756 22.38698,91.78754 22.38697,91.78709 22.38691,91.78699 22.38689,91.78681 22.38686,91.78676 22.38685,91.78662 22.38682,91.78641 22.38678,91.78608 22.38668,91.78591 22.38663,91.78572 22.38656,91.7855 22.38649,91.78536 22.38644,91.78495 22.38631,91.78494 22.3863,91.78466 22.38623,91.78454 22.38621,91.78451 22.38621,91.78424 22.38619,91.78404 22.3862,91.78375 22.38626,91.78366 22.38628,91.78334 22.38639,91.78278 22.38656,91.78204 22.38678,91.78203 22.38679,91.78167 22.3869,91.78154 22.38694,91.7813 22.38701,91.78105 22.38708,91.78069 22.38719,91.78037 22.38727,91.7802 22.38732,91.78019 22.38733,91.77978 22.38745,91.77963 22.38749,91.779 22.38766,91.77887 22.3877,91.77837 22.38785,91.77795 22.388,91.77783 22.38805,91.77759 22.38815,91.77747 22.3882,91.77742 22.38823,91.77732 22.38827,91.77719 22.38835,91.77693 22.38848,91.77679 22.38856,91.77658 22.38868,91.77646 22.38874,91.77628 22.38884,91.77624 22.38886,91.77622 22.38888,91.77608 22.38896,91.77592 22.38904,91.77591 22.38905,91.77578 22.38911,91.77574 22.38913,91.77564 22.38918,91.77557 22.38922,91.77553 22.38923,91.77545 22.38927,91.7754 22.38929,91.77522 22.38937,91.77508 22.38943,91.77496 22.38948,91.77469 22.3896,91.77456 22.38966,91.77451 22.38968,91.77436 22.38975,91.77421 22.38983,91.77377 22.39001,91.7735 22.39013,91.77346 22.39014,91.77327 22.39023,91.7728 22.39043,91.77275 22.39045,91.77249 22.39055,91.77229 22.39064,91.77192 22.39083,91.77162 22.39098,91.77143 22.39106,91.77122 22.39114,91.77091 22.39127,91.77076 22.39134,91.77039 22.39149,91.76998 22.39166,91.76974 22.39175,91.76915 22.39197,91.76891 22.39205,91.76876 22.39211,91.76802 22.3924,91.76761 22.39258,91.76743 22.39264,91.76704 22.39275,91.76671 22.39282,91.7662 22.39291,91.76562 22.39302,91.76547 22.39305,91.76482 22.39317,91.76451 22.39321,91.76413 22.39326,91.76399 22.39327,91.7637 22.39327,91.76368 22.39327,91.76354 22.39326,91.76339 22.39324,91.76313 22.39322,91.76312 22.39322,91.7631 22.39322,91.7626 22.39316,91.76209 22.39306,91.76195 22.39305,91.76178 22.39302,91.76161 22.39299,91.76139 22.39295,91.76114 22.39291,91.76104 22.39289,91.76099 22.39288,91.76034 22.39276,91.76 22.39269,91.75976 22.39263,91.7597 22.39262,91.75969 22.39262,91.75955 22.39259,91.75945 22.39255,91.75936 22.39248,91.75921 22.39235,91.75933 22.39188,91.75941 22.39166,91.75956 22.3913,91.75966 22.39107,91.76016 22.39007,91.76027 22.38983,91.76049 22.38936,91.76058 22.38917,91.7607 22.3889,91.76075 22.3888,91.7608 22.3887,91.76085 22.38857,91.76107 22.38797,91.7611 22.3879,91.76127 22.38748,91.76147 22.38696,91.7616 22.38667,91.76168 22.3865,91.76184 22.38617,91.76231 22.38546,91.76244 22.38528,91.76255 22.38513,91.76255 22.38512,91.76315 22.3843,91.76357 22.38385,91.76394 22.38341,91.7641 22.3832,91.76426 22.38298,91.76445 22.38272,91.76452 22.38262,91.76462 22.38248,91.76467 22.3824,91.76484 22.38211,91.76495 22.38193,91.76515 22.3816,91.76534 22.38131,91.76541 22.38121,91.76546 22.38113,91.76552 22.38105,91.76561 22.38095,91.76572 22.38082,91.76581 22.38072,91.76604 22.38048,91.76637 22.38014,91.76644 22.38008,91.76656 22.37997,91.76667 22.37989,91.76685 22.37977,91.76702 22.37965,91.76744 22.37937,91.76763 22.37924,91.76781 22.37911,91.76794 22.379,91.76824 22.37877,91.76831 22.37871,91.76841 22.37863,91.76853 22.37854,91.76886 22.37825,91.769 22.37815,91.76922 22.37797,91.7693 22.37789,91.7694 22.37779,91.76961 22.37756,91.76978 22.37735,91.77015 22.37683,91.7704 22.37647,91.77068 22.3761,91.77088 22.37587,91.77116 22.37562,91.77194 22.375,91.77288 22.37427,91.77322 22.374,91.77348 22.37378,91.77366 22.37361,91.77371 22.37356,91.77395 22.37331,91.77403 22.37323,91.77416 22.37309,91.77419 22.37305,91.77429 22.37293,91.77446 22.37276,91.77467 22.37252,91.77475 22.37242,91.7749 22.37226,91.77512 22.37199,91.77532 22.3717,91.77565 22.37124,91.7759 22.37092,91.77595 22.37085,91.77624 22.37052,91.77629 22.37047,91.77636 22.37038,91.77645 22.37028,91.77672 22.36996,91.77686 22.36982,91.77695 22.36974,91.77708 22.36962,91.77713 22.36958,91.7773 22.36944,91.7775 22.36929,91.77781 22.3691,91.77789 22.36902,91.77793 22.36898,91.77802 22.36889,91.77812 22.36877,91.77815 22.36873,91.7783 22.36853,91.77836 22.36844,91.77866 22.36797,91.77925 22.36719,91.77927 22.36716,91.77928 22.36715,91.77964 22.36665,91.77965 22.36664,91.78 22.36617,91.78011 22.36603,91.78021 22.36589,91.78043 22.36562,91.78097 22.36495,91.78097 22.36494,91.78124 22.36462,91.78133 22.3645,91.78138 22.3644,91.78142 22.36432,91.78146 22.36425,91.78153 22.3641,91.78177 22.36341,91.78198 22.36278,91.78199 22.36258,91.78199 22.36241,91.78196 22.36187,91.78192 22.36113,91.7819 22.3607,91.7819 22.36036,91.7819 22.36026,91.78191 22.3601,91.78192 22.35992,91.78194 22.35981,91.78196 22.35969,91.78199 22.35955,91.78206 22.35923,91.78215 22.35885,91.78216 22.35878,91.78206 22.35876,91.78195 22.35874,91.7819 22.35874,91.78168 22.3587,91.78165 22.35869,91.78131 22.35862,91.78121 22.3586,91.78037 22.35843,91.77926 22.3582,91.7787 22.35807,91.77783 22.35786,91.77775 22.35784,91.77687 22.35768,91.77526 22.35746,91.77497 22.35902,91.77497 22.35909,91.77492 22.35939,91.77481 22.35992,91.77481 22.36001,91.7748 22.36009,91.77475 22.36012,91.77474 22.36013,91.77473 22.36014,91.77472 22.36015,91.77471 22.36016,91.77469 22.36021,91.77464 22.36039,91.77457 22.36079,91.77455 22.36097,91.7745 22.36119)"
19jzQWqUgBXMmdBurvUOcCCoRZPH0ojdD,19jzQWqUgBXMmdBurvUOcCCoRZPH0ojdD-L8,2025.EIS.000049.kmz,"Directions from 387H+8F5, Bangladesh to Essential Clothing Limited, Mouchak - Fulbaria Road","Directions from 387H+8F5, Bangladesh to Essential Clothing Limited, Mouchak - Fulbaria Road",94,90.32826,24.063,90.31533,24.06318,"LINESTRING(90.32826 24.063,90.32833 24.06302,90.32842 24.06304,90.32858 24.06307,90.32865 24.06309,90.32872 24.06311,90.32868 24.06318,90.32857 24.06333,90.32847 24.06357,90.3284 24.06374,90.32839 24.06381,90.32836 24.064,90.32837 24.06412,90.32838 24.06421,90.32839 24.06426,90.3284 24.0643,90.32841 24.06433,90.32843 24.06437,90.32851 24.06462,90.32849 24.06478,90.32844 24.06505,90.32837 24.0653,90.32836 24.06553,90.32835 24.0658,90.32831 24.06603,90.32828 24.0662,90.32828 24.06622,90.3282 24.06656,90.32814 24.06701,90.32803 24.06699,90.32796 24.06699,90.32781 24.06699,90.32775 24.06701,90.3277 24.06702,90.32764 24.06703,90.3276 24.06704,90.32756 24.06704,90.32752 24.06704,90.32748 24.06704,90.32745 24.06703,90.32718 24.06698,90.32717 24.06698,90.32697 24.06694,90.3268 24.0669,90.32678 24.0669,90.32677 24.0669,90.32639 24.06681,90.32583 24.06666,90.32547 24.06657,90.32545 24.06657,90.32532 24.06654,90.32528 24.06653,90.32489 24.06642,90.32465 24.06636,90.32438 24.06628,90.32417 24.0662,90.32373 24.06607,90.32365 24.06604,90.32322 24.0659,90.3231 24.06586,90.32305 24.06585,90.32266 24.06574,90.32244 24.06568,90.32188 24.06553,90.32179 24.06551,90.32093 24.06528,90.32055 24.06518,90.32044 24.06515,90.31994 24.06502,90.31979 24.06498,90.31938 24.06486,90.31911 24.06478,90.3188 24.0647,90.31875 24.06469,90.31863 24.06467,90.3185 24.06464,90.31842 24.06462,90.31833 24.06461,90.31815 24.06459,90.31807 24.06459,90.31791 24.06458,90.31774 24.06457,90.31757 24.06456,90.31724 24.06454,90.31719 24.06454,90.31704 24.06454,90.31684 24.06454,90.31681 24.06454,90.31615 24.06449,90.31616 24.06407,90.31614 24.0636,90.31614 24.06339,90.31538 24.06345,90.31533 24.06318)"
1-0UItm7kfI6gahC5csPUoVfQrhLGkjwj,1-0UItm7kfI6gahC5csPUoVfQrhLGkjwj-L9,2025.EIS.000082.kmz,"Directions from Executive Greentex Ltd., Mc bajar, Mawna to Nambihin Rasta, Mawna, Bangladesh","Directions from Executive Greentex Ltd., Mc bajar, Mawna to Nambihin Rasta, Mawna, Bangladesh",100,90.39976,24.23741,90.41118,24.23193,"LINESTRING(90.39976 24.23741,90.39975 24.23739,90.39973 24.23734,90.39977 24.2369,90.39975 24.23685,90.39974 24.23684,90.3997 24.23682,90.39903 24.23663,90.39891 24.23685,90.39885 24.23693,90.39871 24.23711,90.39854 24.23737,90.39842 24.23756,90.39835 24.23765,90.39816 24.23792,90.3979 24.23829,90.39786 24.23841,90.39785 24.23845,90.39782 24.23867,90.39781 24.23873,90.39781 24.23879,90.39781 24.23911,90.39843 24.23914,90.39886 24.23915,90.39908 24.23926,90.39934 24.23938,90.39942 24.23942,90.39965 24.2395,90.39968 24.23951,90.40005 24.23959,90.40024 24.2396,90.40028 24.23961,90.40057 24.23964,90.40102 24.23969,90.40125 24.23974,90.40154 24.2398,90.40171 24.23989,90.40189 24.23997,90.40191 24.23998,90.40205 24.24006,90.40221 24.24014,90.4023 24.24017,90.40236 24.24019,90.40248 24.24022,90.40263 24.24025,90.40279 24.24026,90.40299 24.24027,90.40321 24.24028,90.40299 24.24108,90.40291 24.24143,90.4026 24.24264,90.40249 24.24301,90.40237 24.24346,90.40219 24.24418,90.40228 24.24419,90.4023 24.2442,90.40239 24.24385,90.40242 24.24372,90.40249 24.24347,90.403 24.24145,90.40325 24.24047,90.40331 24.24024,90.40351 24.23948,90.40363 24.23901,90.40371 24.2387,90.40381 24.23833,90.40385 24.23822,90.4039 24.23806,90.404 24.23778,90.40408 24.23758,90.4041 24.23753,90.40427 24.23717,90.40444 24.23683,90.40499 24.23571,90.40579 24.23411,90.4068 24.23205,90.40699 24.23165,90.40721 24.23121,90.40783 24.23132,90.40856 24.23149,90.40859 24.23149,90.40862 24.2315,90.40909 24.23164,90.40956 24.23184,90.40999 24.23207,90.41004 24.2321,90.41018 24.23219,90.41058 24.23246,90.41073 24.23257,90.41115 24.23285,90.41119 24.23289,90.4112 24.23268,90.41119 24.23254,90.41117 24.2324,90.41116 24.23232,90.41115 24.23219,90.41115 24.23217,90.41116 24.23205,90.41117 24.23199,90.41118 24.23193)"
1-qWks6btdX-BXZSici4u7IzPRxIj9tH4,1-qWks6btdX-BXZSici4u7IzPRxIj9tH4-L10,2025.EIS.000088.kmz,"Directions from Manta Apparels Ltd. to Jamuna Bank Limited, Dhaka - Ashulia Highway, Jamgora","Directions from Manta Apparels Ltd. to Jamuna Bank Limited, Dhaka - Ashulia Highway, Jamgora",514,90.29577,23.93749,90.29266,23.93688,"LINESTRING(90.29577 23.93749,90.29577 23.93748,90.29578 23.93732,90.2958 23.93713,90.29581 23.93697,90.29518 23.93696,90.29505 23.93696,90.2948 23.93696,90.29439 23.93693,90.294 23.93692,90.29391 23.93691,90.29308 23.93689,90.29243 23.93687,90.29183 23.93685,90.29179 23.93685,90.29151 23.93685,90.2915 23.93685,90.29104 23.93685,90.29068 23.93686,90.2905 23.93688,90.29034 23.9369,90.29028 23.9369,90.29022 23.93691,90.28948 23.93702,90.28923 23.93706,90.28897 23.9371,90.28875 23.93712,90.28852 23.93714,90.28805 23.93717,90.28762 23.93717,90.28726 23.93718,90.2867 23.93722,90.28653 23.93725,90.28587 23.93735,90.28582 23.93735,90.28544 23.93738,90.28516 23.93738,90.28496 23.93739,90.28468 23.93735,90.28455 23.93733,90.28418 23.93728,90.28386 23.93722,90.28336 23.93712,90.28332 23.93712,90.28284 23.93702,90.28236 23.93692,90.28219 23.93688,90.28178 23.9368,90.2816 23.93677,90.28159 23.93676,90.28111 23.93668,90.28095 23.93664,90.28058 23.93657,90.28042 23.93655,90.28033 23.93654,90.28015 23.93653,90.2798 23.9365,90.27943 23.93647,90.279 23.93644,90.27874 23.9364,90.27872 23.9364,90.27858 23.93638,90.27848 23.93635,90.27832 23.93631,90.27808 23.93625,90.27794 23.93622,90.27775 23.93619,90.27754 23.93619,90.27743 23.93619,90.27742 23.93619,90.27725 23.9362,90.27704 23.93621,90.27691 23.93622,90.2762 23.93627,90.27563 23.93628,90.27548 23.93629,90.27535 23.93629,90.27491 23.93631,90.27457 23.93633,90.27442 23.93634,90.27428 23.93638,90.27418 23.93641,90.27379 23.9365,90.27368 23.93652,90.2735 23.93657,90.27324 23.93667,90.27294 23.93677,90.27269 23.93688,90.27248 23.93696,90.27232 23.93703,90.27113 23.9375,90.27087 23.93762,90.27052 23.93776,90.26976 23.93807,90.26952 23.93755,90.26922 23.93687,90.26917 23.93677,90.26894 23.93627,90.26876 23.93589,90.2687 23.93578,90.2687 23.93576,90.26857 23.93549,90.2685 23.93534,90.26833 23.93498,90.26831 23.93495,90.26802 23.93432,90.26779 23.93383,90.2675 23.93322,90.26745 23.93311,90.267 23.93211,90.26671 23.9315,90.26668 23.93143,90.26662 23.93131,90.26651 23.93109,90.26645 23.93093,90.26635 23.93069,90.26626 23.93049,90.26623 23.93043,90.26595 23.92986,90.26576 23.92944,90.26556 23.92901,90.26497 23.92771,90.26481 23.92734,90.26457 23.92683,90.26451 23.9267,90.26442 23.9265,90.26429 23.92622,90.26415 23.92592,90.26406 23.92571,90.26389 23.92532,90.26386 23.92526,90.26385 23.92523,90.26379 23.92511,90.26375 23.92502,90.26375 23.92501,90.26372 23.92495,90.26372 23.92494,90.2637 23.92492,90.26362 23.92475,90.26357 23.92465,90.26355 23.92459,90.26352 23.92452,90.26347 23.9244,90.26345 23.92436,90.26345 23.92435,90.26325 23.92391,90.26324 23.9239,90.26302 23.92341,90.26274 23.92277,90.2623 23.92178,90.26214 23.92143,90.26159 23.9202,90.26154 23.92009,90.26152 23.92005,90.26146 23.91992,90.26138 23.91973,90.26119 23.91932,90.26116 23.91926,90.26109 23.91909,90.26086 23.91859,90.26059 23.91799,90.26031 23.91737,90.26016 23.91703,90.26008 23.91687,90.26004 23.91676,90.25986 23.91637,90.25979 23.9162,90.25962 23.91583,90.25956 23.9157,90.25949 23.91554,90.2594 23.91535,90.25933 23.91519,90.25926 23.91505,90.25919 23.91492,90.25921 23.91486,90.25921 23.91484,90.25921 23.91482,90.25921 23.91481,90.25921 23.91479,90.2592 23.91479,90.25905 23.91446,90.25896 23.91425,90.2589 23.91411,90.25881 23.91389,90.25879 23.9138,90.25878 23.91374,90.25877 23.91368,90.25877 23.91359,90.25878 23.91352,90.2588 23.91345,90.25883 23.91338,90.25885 23.91335,90.25891 23.91326,90.25897 23.91319,90.25916 23.91302,90.25919 23.91298,90.25923 23.91289,90.25957 23.91267,90.25971 23.91258,90.25993 23.91244,90.26043 23.91211,90.26075 23.9119,90.26086 23.91183,90.26108 23.91167,90.2611 23.91165,90.26129 23.9115,90.26165 23.9112,90.26185 23.91103,90.26187 23.91104,90.26188 23.91105,90.26189 23.91105,90.2619 23.91104,90.26192 23.91104,90.26195 23.91102,90.26201 23.91097,90.26236 23.9107,90.26254 23.91055,90.26275 23.91037,90.26277 23.91036,90.26305 23.91011,90.26324 23.90997,90.26337 23.90987,90.26329 23.90981,90.26323 23.90976,90.26264 23.91027,90.2626 23.91029,90.26253 23.91036,90.26235 23.91052,90.26222 23.91063,90.26196 23.91084,90.26174 23.91103,90.26141 23.9113,90.26119 23.91148,90.2611 23.91155,90.26097 23.91166,90.26069 23.91185,90.26048 23.912,90.26029 23.91212,90.25989 23.91238,90.25968 23.91252,90.25952 23.91262,90.25933 23.91274,90.25911 23.91288,90.25879 23.9131,90.25844 23.91332,90.25837 23.91337,90.2584 23.91341,90.25858 23.91379,90.25877 23.91422,90.25879 23.91426,90.25887 23.91444,90.25912 23.91501,90.25916 23.91508,90.25923 23.91524,90.25929 23.91537,90.2593 23.9154,90.25938 23.91557,90.25946 23.91573,90.25949 23.91581,90.25951 23.91584,90.25965 23.91615,90.25976 23.9164,90.25996 23.91687,90.26008 23.91715,90.26054 23.91819,90.26073 23.91861,90.26096 23.9191,90.26122 23.91969,90.2617 23.92073,90.262 23.92139,90.2621 23.92162,90.2621 23.92163,90.26264 23.92281,90.26335 23.9244,90.26338 23.92446,90.26346 23.92463,90.26353 23.92479,90.26355 23.92483,90.26365 23.92504,90.26365 23.92505,90.26368 23.92512,90.26372 23.9252,90.26373 23.92522,90.2639 23.9256,90.26396 23.92572,90.26402 23.92587,90.26403 23.92588,90.2641 23.92604,90.2642 23.92627,90.2644 23.9267,90.26497 23.92792,90.26501 23.92802,90.26536 23.92878,90.26567 23.92949,90.26588 23.92992,90.26601 23.93019,90.26613 23.93043,90.26622 23.93063,90.26639 23.93103,90.26651 23.93133,90.26659 23.93151,90.26661 23.93155,90.2669 23.93217,90.26633 23.93225,90.26591 23.93227,90.26587 23.93227,90.26585 23.93228,90.26584 23.93228,90.26582 23.9323,90.26581 23.93231,90.2658 23.93233,90.26579 23.93235,90.26573 23.93259,90.26572 23.93261,90.26572 23.93263,90.26571 23.93265,90.2657 23.93266,90.26569 23.93266,90.26569 23.93267,90.26567 23.93267,90.26564 23.93268,90.2645 23.93271,90.26427 23.93271,90.26389 23.93272,90.26382 23.93273,90.2638 23.93274,90.26345 23.93271,90.26319 23.93276,90.26307 23.93278,90.26282 23.93281,90.26281 23.93281,90.26263 23.93275,90.26261 23.93274,90.26241 23.93269,90.26215 23.93265,90.26188 23.93264,90.26143 23.9327,90.26142 23.93271,90.26128 23.93272,90.26127 23.93272,90.26112 23.93274,90.26048 23.93273,90.2604 23.93271,90.26016 23.93265,90.26006 23.93262,90.26 23.93259,90.25997 23.93258,90.25994 23.93257,90.25975 23.93254,90.25973 23.93253,90.25963 23.93252,90.25951 23.93251,90.25941 23.93252,90.25928 23.93253,90.2591 23.93255,90.25902 23.93255,90.25893 23.93255,90.25885 23.93254,90.25868 23.93254,90.25828 23.93253,90.25868 23.93254,90.25885 23.93254,90.25893 23.93255,90.25902 23.93255,90.2591 23.93255,90.25928 23.93253,90.25941 23.93252,90.25951 23.93251,90.25963 23.93252,90.25973 23.93253,90.25975 23.93254,90.25994 23.93257,90.25997 23.93258,90.26 23.93259,90.26006 23.93262,90.26016 23.93265,90.2604 23.93271,90.26048 23.93273,90.26112 23.93274,90.26127 23.93272,90.26128 23.93272,90.26142 23.93271,90.26143 23.9327,90.26188 23.93264,90.26215 23.93265,90.26241 23.93269,90.26261 23.93274,90.26263 23.93275,90.26281 23.93281,90.26282 23.93281,90.26307 23.93278,90.26319 23.93276,90.26345 23.93271,90.2638 23.93274,90.26382 23.93273,90.26389 23.93272,90.26427 23.93271,90.2645 23.93271,90.26564 23.93268,90.26567 23.93267,90.26569 23.93267,90.26569 23.93266,90.2657 23.93266,90.26571 23.93265,90.26572 23.93263,90.26572 23.93261,90.26573 23.93259,90.26579 23.93235,90.2658 23.93233,90.26581 23.93231,90.26582 23.9323,90.26584 23.93228,90.26585 23.93228,90.26587 23.93227,90.26591 23.93227,90.26633 23.93225,90.2669 23.93217,90.2671 23.93258,90.26728 23.933,90.2674 23.93326,90.26769 23.93384,90.26782 23.93414,90.26828 23.93512,90.26853 23.93564,90.26871 23.936,90.2689 23.93643,90.26897 23.93658,90.26907 23.93679,90.26935 23.93745,90.26948 23.93778,90.26965 23.9381,90.26976 23.93807,90.27052 23.93776,90.27087 23.93762,90.27113 23.9375,90.27232 23.93703,90.27248 23.93696,90.27269 23.93688,90.27294 23.93677,90.27324 23.93667,90.2735 23.93657,90.27368 23.93652,90.27379 23.9365,90.27418 23.93641,90.27428 23.93638,90.27442 23.93634,90.27457 23.93633,90.27491 23.93631,90.27535 23.93629,90.27548 23.93629,90.27563 23.93628,90.2762 23.93627,90.27691 23.93622,90.27704 23.93621,90.27725 23.9362,90.27742 23.93619,90.27743 23.93619,90.27754 23.93619,90.27775 23.93619,90.27794 23.93622,90.27808 23.93625,90.27832 23.93631,90.27848 23.93635,90.27858 23.93638,90.27872 23.9364,90.27874 23.9364,90.279 23.93644,90.27943 23.93647,90.2798 23.9365,90.28015 23.93653,90.28033 23.93654,90.28042 23.93655,90.28058 23.93657,90.28095 23.93664,90.28111 23.93668,90.28159 23.93676,90.2816 23.93677,90.28178 23.9368,90.28219 23.93688,90.28236 23.93692,90.28284 23.93702,90.28332 23.93712,90.28336 23.93712,90.28386 23.93722,90.28418 23.93728,90.28455 23.93733,90.28468 23.93735,90.28496 23.93739,90.28516 23.93738,90.28544 23.93738,90.28582 23.93735,90.28587 23.93735,90.28653 23.93725,90.2867 23.93722,90.28726 23.93718,90.28762 23.93717,90.28805 23.93717,90.28852 23.93714,90.28875 23.93712,90.28897 23.9371,90.28923 23.93706,90.28948 23.93702,90.29022 23.93691,90.29028 23.9369,90.29034 23.9369,90.2905 23.93688,90.29068 23.93686,90.29104 23.93685,90.2915 23.93685,90.29151 23.93685,90.29179 23.93685,90.29183 23.93685,90.29243 23.93687,90.29266 23.93688)"
1-zdxdMpVlnlVy9v4CMRPpVxvD9xEe0Hd,1-zdxdMpVlnlVy9v4CMRPpVxvD9xEe0Hd-L11,2025.EIS.000116.kmz,"Directions from Brothers Fashion Ltd. Team Group, Dhaka - Mymensingh Road, Gazipur to X9MJ+PJ7, Dhaka - Mymensingh Rd, Gazipur, Bangladesh","Directions from Brothers Fashion Ltd. Team Group, Dhaka - Mymensingh Road, Gazipur to X9MJ+PJ7, Dhaka - Mymensingh Rd, Gazipur, Bangladesh",145,90.38114,23.9838,90.38151,23.98444,"LINESTRING(90.38114 23.9838,90.38125 23.98379,90.38126 23.98395,90.38127 23.98405,90.38127 23.98408,90.38126 23.98423,90.38133 23.98491,90.38137 23.98533,90.38137 23.98534,90.38139 23.98551,90.38144 23.98587,90.38152 23.98677,90.38154 23.98694,90.38158 23.9873,90.38161 23.98762,90.38166 23.9882,90.38167 23.98829,90.38168 23.98879,90.38169 23.98884,90.3817 23.98902,90.38173 23.98921,90.38174 23.9894,90.38175 23.98947,90.382 23.98948,90.38207 23.98948,90.38245 23.98952,90.38278 23.98957,90.38292 23.9896,90.3832 23.98963,90.38369 23.98972,90.38352 23.98976,90.38318 23.98972,90.38313 23.98972,90.38279 23.98968,90.38263 23.98966,90.38255 23.98966,90.38247 23.98966,90.3824 23.98967,90.38236 23.98968,90.38234 23.98968,90.38214 23.98957,90.3821 23.98955,90.38201 23.98944,90.38194 23.98934,90.38192 23.98931,90.38181 23.98916,90.38179 23.98908,90.38176 23.989,90.38177 23.98898,90.38177 23.98892,90.38177 23.9889,90.38178 23.98881,90.38178 23.98874,90.38178 23.98873,90.38177 23.98856,90.38177 23.98854,90.38174 23.98828,90.38173 23.9882,90.38173 23.98818,90.3817 23.98778,90.38168 23.98765,90.38165 23.98736,90.38165 23.98729,90.38161 23.98675,90.3816 23.98673,90.38155 23.98622,90.38155 23.98621,90.38152 23.98594,90.38152 23.98593,90.3815 23.9857,90.38149 23.98568,90.38146 23.98515,90.38146 23.98514,90.38145 23.98506,90.38145 23.98505,90.38144 23.98496,90.38142 23.98478,90.38138 23.98441,90.38142 23.98478,90.38144 23.98496,90.38145 23.98505,90.38145 23.98506,90.38146 23.98514,90.38146 23.98515,90.38149 23.98568,90.3815 23.9857,90.38152 23.98593,90.38152 23.98594,90.38155 23.98621,90.38155 23.98622,90.3816 23.98673,90.38161 23.98675,90.38165 23.98729,90.38165 23.98736,90.38168 23.98765,90.3817 23.98778,90.38173 23.98818,90.38173 23.9882,90.38174 23.98828,90.38177 23.98854,90.38177 23.98856,90.38178 23.98873,90.38178 23.98874,90.38178 23.98881,90.38177 23.9889,90.38177 23.98892,90.38177 23.98898,90.38176 23.989,90.38179 23.98908,90.38181 23.98916,90.38192 23.98931,90.38194 23.98934,90.38201 23.98944,90.3821 23.98955,90.38214 23.98957,90.38234 23.98968,90.38236 23.98968,90.3824 23.98967,90.38247 23.98966,90.38255 23.98966,90.38263 23.98966,90.38279 23.98968,90.38313 23.98972,90.38318 23.98972,90.38352 23.98976,90.38369 23.98972,90.3832 23.98963,90.38292 23.9896,90.38278 23.98957,90.38245 23.98952,90.38207 23.98948,90.382 23.98948,90.38194 23.98927,90.38194 23.98912,90.38193 23.98871,90.38192 23.98855,90.3819 23.98824,90.38185 23.98774,90.38175 23.98682,90.38174 23.98674,90.38172 23.98656,90.38166 23.98591,90.38165 23.98585,90.38154 23.98473,90.38151 23.98444)"
10LePDoQzJu1XGiZUSUL4vkP-auMt-VK4,10LePDoQzJu1XGiZUSUL4vkP-auMt-VK4-L12,2026.EIS.000135.kmz,"Directions from 5CQG+G3, Mawna, Bangladesh to Fakhruddin Textile Mills Ltd., Unnamed Road, Mawna","Directions from 5CQG+G3, Mawna, Bangladesh to Fakhruddin Textile Mills Ltd., Unnamed Road, Mawna",431,90.42384,24.18943,90.43481,24.19117,"LINESTRING(90.42384 24.18943,90.42379 24.18921,90.42373 24.18892,90.4236 24.18856,90.42356 24.18847,90.42351 24.18822,90.42346 24.18778,90.42389 24.18779,90.42405 24.1878,90.42409 24.1878,90.42428 24.18782,90.42435 24.18784,90.42436 24.18784,90.42445 24.18785,90.42453 24.18785,90.42455 24.18785,90.42459 24.18785,90.42465 24.18783,90.42468 24.18783,90.42477 24.18781,90.42487 24.1878,90.42489 24.1878,90.42526 24.18783,90.42543 24.18785,90.42563 24.18787,90.42581 24.18789,90.42631 24.1879,90.4266 24.1879,90.4265 24.18912,90.42648 24.18944,90.42645 24.18978,90.42643 24.19012,90.42637 24.19101,90.42631 24.19168,90.42628 24.19201,90.42624 24.19227,90.42617 24.19265,90.42611 24.19286,90.42606 24.19303,90.42606 24.19305,90.42601 24.19316,90.42597 24.19327,90.42579 24.19366,90.42569 24.19387,90.42559 24.19412,90.42543 24.19446,90.42502 24.19529,90.42495 24.19542,90.42471 24.1959,90.4246 24.1961,90.42472 24.19615,90.42488 24.19582,90.42502 24.19554,90.42519 24.19522,90.42539 24.1948,90.42554 24.19445,90.42583 24.19389,90.42587 24.1938,90.42588 24.19379,90.42611 24.19329,90.42617 24.19314,90.42617 24.19312,90.4262 24.19306,90.42625 24.19288,90.42631 24.19266,90.42635 24.19246,90.42641 24.19211,90.42642 24.19201,90.42643 24.19188,90.42647 24.19151,90.42654 24.19044,90.42659 24.18978,90.42666 24.18882,90.42673 24.18793,90.42673 24.18784,90.42674 24.18777,90.42681 24.18717,90.42682 24.18698,90.42687 24.18645,90.42693 24.18578,90.42693 24.18562,90.42694 24.18501,90.42695 24.18484,90.42695 24.18439,90.42696 24.18406,90.42696 24.18394,90.42696 24.18356,90.42696 24.18354,90.42697 24.18342,90.42697 24.18341,90.42697 24.18338,90.42699 24.18306,90.42701 24.18285,90.42703 24.18267,90.42703 24.18266,90.42708 24.18215,90.42711 24.18178,90.42717 24.18087,90.42719 24.18049,90.42722 24.17988,90.42724 24.17959,90.42744 24.17661,90.42777 24.1723,90.42796 24.16965,90.42813 24.16727,90.42816 24.16701,90.42822 24.16618,90.42823 24.16603,90.42827 24.16564,90.4283 24.16517,90.42831 24.16506,90.42831 24.16489,90.42831 24.16488,90.42832 24.1647,90.42832 24.16462,90.42832 24.1644,90.42831 24.16416,90.42829 24.1639,90.42826 24.16364,90.42824 24.16351,90.42822 24.16338,90.42822 24.16337,90.4282 24.16326,90.42816 24.1631,90.4281 24.1629,90.42806 24.16277,90.428 24.16259,90.42791 24.16236,90.42776 24.16197,90.42743 24.16131,90.42741 24.16126,90.42698 24.16038,90.42648 24.15937,90.42607 24.15855,90.42595 24.15825,90.42586 24.15809,90.42577 24.15789,90.42572 24.15778,90.42552 24.15734,90.42529 24.15686,90.42512 24.15644,90.42497 24.15611,90.42471 24.15555,90.42463 24.15539,90.42447 24.15505,90.42427 24.15464,90.42402 24.15412,90.42389 24.15383,90.4235 24.15301,90.42347 24.15295,90.42335 24.15268,90.42317 24.1523,90.42279 24.15146,90.42248 24.1508,90.4222 24.15021,90.422 24.14978,90.42194 24.14966,90.42177 24.14931,90.42164 24.14905,90.42136 24.14845,90.4213 24.14832,90.42112 24.14793,90.421 24.14767,90.4206 24.14684,90.42035 24.1463,90.42012 24.14579,90.42004 24.14563,90.41997 24.14547,90.41994 24.1454,90.41973 24.14495,90.41971 24.14491,90.41963 24.14474,90.41955 24.14457,90.4194 24.14424,90.41931 24.14405,90.4192 24.14381,90.41917 24.14375,90.41909 24.14358,90.41871 24.14274,90.41851 24.14232,90.4184 24.14209,90.41836 24.14202,90.41827 24.14183,90.41824 24.14176,90.41812 24.1415,90.41804 24.1416,90.41814 24.14182,90.41821 24.14201,90.41843 24.14249,90.41863 24.14294,90.41889 24.14347,90.41919 24.14408,90.41921 24.14414,90.41959 24.14494,90.41966 24.1451,90.41989 24.14559,90.41997 24.14576,90.42019 24.14626,90.42044 24.1468,90.42086 24.14769,90.42096 24.14791,90.42101 24.148,90.42122 24.14846,90.4215 24.14904,90.42186 24.14979,90.4224 24.15093,90.42252 24.15119,90.42266 24.15149,90.42305 24.15234,90.4232 24.15265,90.4232 24.15266,90.42338 24.15305,90.42344 24.1532,90.42375 24.15387,90.42384 24.15406,90.42407 24.15456,90.42462 24.15574,90.42476 24.15604,90.42513 24.15684,90.42513 24.15685,90.42536 24.15734,90.42547 24.15757,90.42574 24.15818,90.42578 24.15826,90.42628 24.15926,90.42636 24.15941,90.42664 24.15995,90.42676 24.16018,90.42699 24.16068,90.42735 24.16149,90.42747 24.16175,90.42761 24.16199,90.42773 24.16226,90.42782 24.16251,90.42786 24.16262,90.4279 24.16274,90.42796 24.16291,90.42797 24.16296,90.42799 24.16304,90.42803 24.16318,90.42807 24.16336,90.42811 24.16356,90.42816 24.16385,90.42818 24.16405,90.42818 24.16409,90.42819 24.16429,90.42819 24.16457,90.42819 24.16462,90.42817 24.16489,90.42816 24.165,90.42815 24.16508,90.42812 24.16567,90.42806 24.16657,90.42802 24.16708,90.42799 24.1674,90.42785 24.16934,90.4278 24.17022,90.42779 24.17025,90.42771 24.17147,90.42765 24.17213,90.42764 24.17237,90.42757 24.17299,90.42753 24.17362,90.42752 24.17376,90.42743 24.17506,90.42743 24.17509,90.42731 24.17654,90.42731 24.17661,90.42711 24.17958,90.42709 24.17987,90.42709 24.17998,90.42706 24.18045,90.42704 24.18082,90.42704 24.18083,90.42701 24.18129,90.42697 24.18195,90.42696 24.18202,90.42691 24.18252,90.42687 24.18291,90.42685 24.18316,90.42682 24.18363,90.42681 24.18381,90.4268 24.18399,90.42679 24.18454,90.42678 24.18496,90.42678 24.18571,90.42673 24.18643,90.42671 24.18671,90.42664 24.18745,90.42661 24.18777,90.4266 24.1879,90.4265 24.18912,90.42648 24.18944,90.42645 24.18978,90.42643 24.19012,90.42637 24.19101,90.42631 24.19168,90.42628 24.19201,90.42624 24.19227,90.42617 24.19265,90.42611 24.19286,90.42606 24.19303,90.42606 24.19305,90.42601 24.19316,90.42597 24.19327,90.42579 24.19366,90.42569 24.19387,90.42559 24.19412,90.42543 24.19446,90.42502 24.19529,90.42495 24.19542,90.42471 24.1959,90.4246 24.1961,90.42472 24.19615,90.42488 24.19582,90.42502 24.19554,90.42519 24.19522,90.42539 24.1948,90.42554 24.19445,90.42583 24.19389,90.42587 24.1938,90.42588 24.19379,90.42611 24.19329,90.42617 24.19314,90.42617 24.19312,90.4262 24.19306,90.42625 24.19288,90.42631 24.19266,90.42635 24.19246,90.42641 24.19211,90.42642 24.19201,90.42643 24.19188,90.42647 24.19151,90.42654 24.19044,90.42659 24.18978,90.42666 24.18882,90.42673 24.18793,90.42674 24.18777,90.42701 24.18778,90.42717 24.1878,90.42738 24.18782,90.4276 24.18784,90.42772 24.18784,90.4278 24.18784,90.42803 24.18784,90.42853 24.18783,90.42859 24.18784,90.42899 24.18785,90.42955 24.18788,90.42957 24.18788,90.42972 24.18789,90.42977 24.18789,90.42981 24.1879,90.42986 24.18791,90.4299 24.18792,90.42996 24.18793,90.43001 24.18795,90.43014 24.18799,90.43031 24.18805,90.43033 24.18805,90.43044 24.18808,90.43074 24.18811,90.43076 24.18812,90.43084 24.18813,90.43091 24.18814,90.43096 24.18816,90.43111 24.1882,90.43124 24.18825,90.43133 24.18828,90.43146 24.18834,90.43172 24.18849,90.43178 24.18851,90.43183 24.18853,90.43187 24.18854,90.43194 24.18856,90.43195 24.18856,90.43209 24.18857,90.43216 24.18858,90.43238 24.18857,90.43245 24.18855,90.43272 24.18849,90.43273 24.18849,90.43294 24.18845,90.43308 24.18842,90.43322 24.18839,90.4338 24.18824,90.43404 24.1882,90.43418 24.18821,90.43427 24.18823,90.43444 24.18829,90.43477 24.18842,90.435 24.1885,90.43517 24.18854,90.43519 24.18854,90.43534 24.18856,90.43561 24.18859,90.43584 24.1886,90.43582 24.1888,90.4358 24.18885,90.43579 24.18889,90.43577 24.18899,90.43577 24.18916,90.43577 24.1892,90.43578 24.18937,90.43579 24.18944,90.43582 24.18979,90.43584 24.1899,90.43584 24.18995,90.43589 24.19021,90.43589 24.19032,90.43587 24.19046,90.43587 24.1905,90.43585 24.19059,90.43584 24.19065,90.43584 24.19073,90.43584 24.19074,90.43583 24.1908,90.43582 24.19094,90.43583 24.19101,90.43584 24.19108,90.43584 24.19121,90.43584 24.19125,90.43584 24.19128,90.43583 24.19133,90.43582 24.19136,90.43519 24.19126,90.43514 24.19125,90.43508 24.19123,90.43505 24.19122,90.43492 24.19119,90.43481 24.19117)"
11KDKd5yW71b-4T-YvRqPAsCh5MjU-PQQ,11KDKd5yW71b-4T-YvRqPAsCh5MjU-PQQ-L13,2025.EIS.000087.kmz,"Directions from Nambihin Rasta, Bangladesh to F7QG+VFR, Kochuyarpar, Bangladesh","Directions from Nambihin Rasta, Bangladesh to F7QG+VFR, Kochuyarpar, Bangladesh",501,90.28514,24.49428,90.27634,24.49019,"LINESTRING(90.28514 24.49428,90.28518 24.49418,90.28531 24.49397,90.28531 24.49396,90.28532 24.49396,90.28532 24.49395,90.28596 24.49325,90.28617 24.49305,90.28593 24.4928,90.28565 24.49258,90.285 24.49243,90.28457 24.49223,90.28396 24.4918,90.28312 24.49164,90.28189 24.49135,90.28087 24.49101,90.28082 24.491,90.28068 24.49095,90.28049 24.4909,90.28048 24.49089,90.27935 24.49073,90.27869 24.49069,90.27834 24.49065,90.27786 24.49045,90.27756 24.4903,90.27669 24.49017,90.27622 24.4902,90.27625 24.48986,90.27648 24.48867,90.27652 24.48862,90.27668 24.48846,90.27693 24.48815,90.2772 24.48786,90.27759 24.48749,90.27805 24.48693,90.27806 24.48691,90.27838 24.48648,90.27846 24.48639,90.27875 24.48616,90.27909 24.48569,90.27955 24.48522,90.27967 24.48508,90.27978 24.48486,90.27986 24.48461,90.27986 24.48459,90.27994 24.48439,90.27998 24.48423,90.27995 24.48408,90.27994 24.48396,90.27997 24.48383,90.28007 24.48372,90.2805 24.48353,90.28073 24.48341,90.28147 24.4828,90.28147 24.48279,90.28215 24.48238,90.28218 24.48237,90.28243 24.48221,90.28275 24.48197,90.28287 24.48178,90.28294 24.4817,90.28301 24.48167,90.28309 24.48165,90.28409 24.48122,90.28409 24.48121,90.28385 24.48042,90.28352 24.47974,90.28352 24.47973,90.28338 24.47947,90.28318 24.4789,90.28317 24.47884,90.28317 24.47875,90.28326 24.47842,90.28356 24.4777,90.28357 24.47769,90.28367 24.47741,90.28372 24.4773,90.28376 24.47717,90.28377 24.47701,90.28381 24.47681,90.28384 24.47614,90.284 24.47549,90.284 24.47542,90.28394 24.47517,90.2837 24.47456,90.28366 24.47435,90.28368 24.4742,90.28369 24.47418,90.28371 24.47405,90.28369 24.47391,90.28348 24.47335,90.28336 24.47309,90.28327 24.47276,90.28303 24.47204,90.28288 24.47175,90.28274 24.47152,90.28269 24.4714,90.28269 24.47128,90.28291 24.47064,90.28293 24.47017,90.2829 24.46974,90.28285 24.46956,90.28293 24.46871,90.28282 24.46764,90.28261 24.467,90.28244 24.46662,90.28218 24.46613,90.28106 24.46457,90.28097 24.46437,90.28068 24.46399,90.28045 24.46379,90.28044 24.46356,90.28037 24.46331,90.28032 24.46292,90.28026 24.46279,90.28026 24.46278,90.28008 24.46254,90.28002 24.46235,90.28003 24.46222,90.2801 24.46198,90.2801 24.46074,90.28007 24.4603,90.28007 24.46008,90.28014 24.45986,90.28019 24.45964,90.28015 24.45916,90.28016 24.45894,90.28013 24.45877,90.28003 24.45857,90.2799 24.45812,90.2796 24.45632,90.2796 24.45628,90.27956 24.45606,90.27943 24.45568,90.2794 24.45555,90.27913 24.4547,90.27904 24.45435,90.27888 24.45289,90.27887 24.45268,90.27916 24.45284,90.27954 24.45313,90.27987 24.45329,90.27999 24.45332,90.28001 24.45333,90.28069 24.45343,90.28096 24.45351,90.28114 24.45359,90.28151 24.4537,90.28212 24.45369,90.28334 24.45374,90.28399 24.45366,90.28405 24.45364,90.28411 24.45363,90.28557 24.45315,90.28639 24.45291,90.28717 24.45256,90.28765 24.4523,90.28813 24.4521,90.28862 24.45181,90.28909 24.45158,90.28991 24.45113,90.29073 24.45079,90.29123 24.45055,90.29124 24.45054,90.29165 24.45029,90.29191 24.45016,90.29192 24.45015,90.29253 24.4498,90.29296 24.44941,90.29314 24.44928,90.2934 24.44912,90.29379 24.44894,90.29447 24.44857,90.29512 24.44817,90.29601 24.44756,90.29709 24.44668,90.29762 24.4463,90.29791 24.44604,90.29811 24.44593,90.2989 24.44565,90.29926 24.4456,90.29971 24.44558,90.30008 24.44554,90.30008 24.44553,90.30023 24.44551,90.30095 24.44535,90.30174 24.44514,90.30194 24.44507,90.30304 24.44506,90.30375 24.44511,90.30401 24.44515,90.30531 24.44515,90.30573 24.44522,90.30598 24.44528,90.30682 24.4456,90.30704 24.44564,90.3073 24.44564,90.30772 24.44557,90.30843 24.44537,90.30864 24.44536,90.30865 24.44537,90.30872 24.44537,90.30961 24.44552,90.31058 24.44559,90.31096 24.44559,90.31155 24.44565,90.31183 24.44571,90.31274 24.44597,90.31305 24.44609,90.31347 24.44622,90.31372 24.44632,90.31414 24.44655,90.31425 24.44659,90.31445 24.44661,90.31569 24.44666,90.31589 24.4467,90.31753 24.44717,90.31848 24.4474,90.31887 24.44746,90.31929 24.44748,90.3216 24.44743,90.32189 24.44739,90.32214 24.4473,90.32246 24.44712,90.32308 24.4469,90.32321 24.44683,90.32344 24.44662,90.32367 24.44648,90.32417 24.44625,90.32479 24.4459,90.32504 24.4458,90.32525 24.44579,90.32559 24.44583,90.32618 24.44577,90.32741 24.44576,90.32789 24.44581,90.32801 24.44586,90.32848 24.44618,90.32849 24.44618,90.32869 24.44629,90.32888 24.44636,90.32895 24.44641,90.32915 24.44659,90.3295 24.4468,90.32968 24.44681,90.33036 24.44666,90.33061 24.44657,90.33117 24.44642,90.33141 24.44641,90.33179 24.44637,90.33217 24.44636,90.3324 24.44638,90.33261 24.44638,90.33278 24.4463,90.33326 24.44603,90.33347 24.44589,90.33378 24.44574,90.33461 24.44547,90.33488 24.44543,90.33518 24.44541,90.33804 24.44542,90.33816 24.4454,90.33824 24.44537,90.33833 24.44575,90.33824 24.44537,90.33816 24.4454,90.33804 24.44542,90.33518 24.44541,90.33488 24.44543,90.33461 24.44547,90.33378 24.44574,90.33347 24.44589,90.33326 24.44603,90.33278 24.4463,90.33261 24.44638,90.3324 24.44638,90.33217 24.44636,90.33179 24.44637,90.33117 24.44642,90.33061 24.44657,90.33036 24.44666,90.32968 24.44681,90.3295 24.4468,90.32915 24.44659,90.32895 24.44641,90.32888 24.44636,90.32869 24.44629,90.32849 24.44618,90.32848 24.44618,90.32801 24.44586,90.32789 24.44581,90.32741 24.44576,90.32618 24.44577,90.32559 24.44583,90.32525 24.44579,90.32504 24.4458,90.32479 24.4459,90.32417 24.44625,90.32367 24.44648,90.32344 24.44662,90.32321 24.44683,90.32308 24.4469,90.32246 24.44712,90.32214 24.4473,90.32189 24.44739,90.3216 24.44743,90.31929 24.44748,90.31887 24.44746,90.31848 24.4474,90.31753 24.44717,90.31589 24.4467,90.31569 24.44666,90.31445 24.44661,90.31425 24.44659,90.31414 24.44655,90.31372 24.44632,90.31347 24.44622,90.31305 24.44609,90.31274 24.44597,90.31183 24.44571,90.31155 24.44565,90.31096 24.44559,90.31058 24.44559,90.30961 24.44552,90.30872 24.44537,90.30865 24.44537,90.30864 24.44536,90.30843 24.44537,90.30772 24.44557,90.3073 24.44564,90.30704 24.44564,90.30682 24.4456,90.30598 24.44528,90.30573 24.44522,90.30531 24.44515,90.30401 24.44515,90.30375 24.44511,90.30304 24.44506,90.30194 24.44507,90.30174 24.44514,90.30095 24.44535,90.30023 24.44551,90.30008 24.44553,90.30008 24.44554,90.29971 24.44558,90.29926 24.4456,90.2989 24.44565,90.29811 24.44593,90.29791 24.44604,90.29762 24.4463,90.29709 24.44668,90.29601 24.44756,90.29512 24.44817,90.29447 24.44857,90.29379 24.44894,90.2934 24.44912,90.29314 24.44928,90.29296 24.44941,90.29253 24.4498,90.29192 24.45015,90.29191 24.45016,90.29165 24.45029,90.29124 24.45054,90.29123 24.45055,90.29073 24.45079,90.28991 24.45113,90.28909 24.45158,90.28862 24.45181,90.28813 24.4521,90.28765 24.4523,90.28717 24.45256,90.28639 24.45291,90.28557 24.45315,90.28411 24.45363,90.28405 24.45364,90.28399 24.45366,90.28334 24.45374,90.28212 24.45369,90.28151 24.4537,90.28114 24.45359,90.28096 24.45351,90.28069 24.45343,90.28001 24.45333,90.27999 24.45332,90.27987 24.45329,90.27954 24.45313,90.27916 24.45284,90.27887 24.45268,90.27888 24.45289,90.27904 24.45435,90.27913 24.4547,90.2794 24.45555,90.27943 24.45568,90.27956 24.45606,90.2796 24.45628,90.2796 24.45632,90.2799 24.45812,90.28003 24.45857,90.28013 24.45877,90.28016 24.45894,90.28015 24.45916,90.28019 24.45964,90.28014 24.45986,90.28007 24.46008,90.28007 24.4603,90.2801 24.46074,90.2801 24.46198,90.28003 24.46222,90.28002 24.46235,90.28008 24.46254,90.28026 24.46278,90.28026 24.46279,90.28032 24.46292,90.28037 24.46331,90.28044 24.46356,90.28045 24.46379,90.28068 24.46399,90.28097 24.46437,90.28106 24.46457,90.28218 24.46613,90.28244 24.46662,90.28261 24.467,90.28282 24.46764,90.28293 24.46871,90.28285 24.46956,90.2829 24.46974,90.28293 24.47017,90.28291 24.47064,90.28269 24.47128,90.28269 24.4714,90.28274 24.47152,90.28288 24.47175,90.28303 24.47204,90.28327 24.47276,90.28336 24.47309,90.28348 24.47335,90.28369 24.47391,90.28371 24.47405,90.28369 24.47418,90.28368 24.4742,90.28366 24.47435,90.2837 24.47456,90.28394 24.47517,90.284 24.47542,90.284 24.47549,90.28384 24.47614,90.28381 24.47681,90.28377 24.47701,90.28376 24.47717,90.28372 24.4773,90.28367 24.47741,90.28357 24.47769,90.28356 24.4777,90.28326 24.47842,90.28317 24.47875,90.28317 24.47884,90.28318 24.4789,90.28338 24.47947,90.28352 24.47973,90.28352 24.47974,90.28385 24.48042,90.28409 24.48121,90.28409 24.48122,90.28309 24.48165,90.28301 24.48167,90.28294 24.4817,90.28287 24.48178,90.28275 24.48197,90.28243 24.48221,90.28218 24.48237,90.28215 24.48238,90.28147 24.48279,90.28147 24.4828,90.28073 24.48341,90.2805 24.48353,90.28007 24.48372,90.27997 24.48383,90.27994 24.48396,90.27995 24.48408,90.27998 24.48423,90.27994 24.48439,90.27986 24.48459,90.27986 24.48461,90.27978 24.48486,90.27967 24.48508,90.27955 24.48522,90.27909 24.48569,90.27875 24.48616,90.27846 24.48639,90.27838 24.48648,90.27806 24.48691,90.27805 24.48693,90.27759 24.48749,90.2772 24.48786,90.27693 24.48815,90.27668 24.48846,90.27652 24.48862,90.27648 24.48867,90.27625 24.48986,90.27622 24.4902,90.27634 24.49019)"
11ru-eoLZYOQQO26lFijc__UgPtvw4e9s,11ru-eoLZYOQQO26lFijc__UgPtvw4e9s-L14,2025.EIS.000070.kmz,"Directions from S. B Knit Composite Ltd., Link Rd, Dhaka to 68 North Delpara, নারায়ণগঞ্জ, Bangladesh","Directions from S. B Knit Composite Ltd., Link Rd, Dhaka to 68 North Delpara, নারায়ণগঞ্জ, Bangladesh",204,90.4848,23.67122,90.47398,23.67266,"LINESTRING(90.4848 23.67122,90.48446 23.67123,90.48458 23.67086,90.48518 23.66892,90.48538 23.66831,90.48543 23.66818,90.48554 23.66784,90.48557 23.66776,90.48564 23.66756,90.48572 23.66731,90.48575 23.66721,90.48586 23.66684,90.48599 23.66643,90.48604 23.66626,90.48611 23.66602,90.4862 23.66574,90.48632 23.66538,90.48644 23.66499,90.48656 23.6646,90.4867 23.66414,90.48682 23.66376,90.48685 23.66365,90.48677 23.66366,90.48665 23.66368,90.48647 23.66424,90.48644 23.66431,90.48625 23.66492,90.48619 23.6651,90.4861 23.6654,90.48602 23.6658,90.48602 23.66588,90.48605 23.66597,90.48603 23.66603,90.48602 23.66606,90.48595 23.66631,90.48584 23.66667,90.48575 23.66694,90.48564 23.66731,90.4855 23.66774,90.48541 23.668,90.48529 23.66836,90.48495 23.6694,90.48451 23.67084,90.48435 23.67129,90.48427 23.67155,90.48416 23.67193,90.48408 23.67214,90.48403 23.67231,90.48395 23.67255,90.48385 23.67282,90.48378 23.673,90.48373 23.67314,90.48366 23.67329,90.48357 23.67353,90.48342 23.67392,90.48339 23.67399,90.48332 23.67415,90.48329 23.67423,90.48315 23.67457,90.48313 23.67457,90.48311 23.67457,90.48309 23.67457,90.48307 23.67456,90.48306 23.67456,90.48304 23.67456,90.48303 23.67455,90.48302 23.67455,90.48301 23.67454,90.48301 23.67453,90.48299 23.67451,90.48299 23.67449,90.48299 23.67448,90.48298 23.67447,90.48295 23.67422,90.48294 23.67413,90.48294 23.67398,90.48294 23.67397,90.48294 23.67396,90.48293 23.67395,90.48294 23.67388,90.48295 23.67382,90.48295 23.67375,90.48293 23.67312,90.48293 23.67307,90.48285 23.67306,90.48283 23.67306,90.4828 23.67305,90.48279 23.67305,90.48276 23.67304,90.48269 23.67302,90.48256 23.67299,90.4825 23.67298,90.4824 23.67296,90.48231 23.67295,90.48225 23.67294,90.48214 23.67294,90.48193 23.67295,90.48152 23.67297,90.48127 23.67298,90.48105 23.67299,90.48099 23.67299,90.48093 23.673,90.48055 23.67302,90.48049 23.67303,90.48043 23.67305,90.48035 23.67308,90.48027 23.67312,90.48013 23.67321,90.48003 23.67328,90.47986 23.67338,90.47988 23.67254,90.47976 23.67254,90.47969 23.67253,90.47965 23.67253,90.47961 23.67253,90.47956 23.67252,90.47949 23.67251,90.47948 23.67251,90.47936 23.67249,90.47922 23.67246,90.47914 23.67245,90.47911 23.67245,90.47907 23.67244,90.47899 23.67244,90.47884 23.67244,90.47868 23.67245,90.47843 23.67247,90.47829 23.67248,90.47822 23.67248,90.47821 23.67248,90.4782 23.67248,90.4782 23.67247,90.47819 23.67247,90.47819 23.67246,90.47819 23.67245,90.47818 23.67245,90.47818 23.67244,90.47817 23.67244,90.47816 23.67244,90.47815 23.67244,90.47814 23.67243,90.47813 23.67244,90.47804 23.67244,90.47785 23.67246,90.47758 23.67249,90.4774 23.67251,90.47737 23.67252,90.47733 23.67253,90.47734 23.67255,90.47721 23.67256,90.47714 23.67255,90.47703 23.67254,90.4768 23.67253,90.4766 23.67253,90.47649 23.67251,90.47638 23.6725,90.47623 23.6725,90.47602 23.6725,90.4759 23.6725,90.47578 23.67252,90.47572 23.67253,90.47551 23.67257,90.47536 23.67259,90.47524 23.67261,90.47512 23.67261,90.47507 23.67261,90.47506 23.67262,90.47505 23.67262,90.47504 23.67263,90.47504 23.67264,90.47503 23.67264,90.47503 23.67266,90.47502 23.67281,90.47503 23.67283,90.47503 23.67284,90.47502 23.67285,90.47502 23.67286,90.47501 23.67287,90.475 23.67288,90.47498 23.67288,90.47489 23.67288,90.47478 23.67288,90.47471 23.67288,90.47453 23.67289,90.47446 23.67289,90.47445 23.67289,90.47444 23.67289,90.47443 23.6729,90.47442 23.67291,90.47442 23.67292,90.47442 23.67293,90.47442 23.67294,90.47441 23.67295,90.4744 23.67295,90.47438 23.67295,90.47437 23.67295,90.47436 23.67295,90.47433 23.67295,90.47422 23.67293,90.47402 23.67291,90.47392 23.67289,90.47396 23.6728,90.47398 23.67271,90.47398 23.67266)"
12UP--l-KfscenL_PAn3FVzXYKvvI6e5e,12UP--l-KfscenL_PAn3FVzXYKvvI6e5e-L15,2025.EIS.000076.kmz,"Directions from Shirt And Jacket Zone Ltd, Gobindopur, Dhaka to VG4F+PC8, Bangladesh","Directions from Shirt And Jacket Zone Ltd, Gobindopur, Dhaka to VG4F+PC8, Bangladesh",586,90.45136,23.8825,90.52364,23.85715,"LINESTRING(90.45136 23.8825,90.45155 23.88202,90.45159 23.88181,90.45162 23.88163,90.45171 23.88116,90.45178 23.88119,90.45207 23.88128,90.4525 23.88147,90.45262 23.88154,90.45275 23.88161,90.45281 23.88163,90.45283 23.88164,90.45285 23.88166,90.45299 23.88175,90.45315 23.88185,90.4533 23.88195,90.45331 23.88196,90.45347 23.88206,90.45359 23.88214,90.45363 23.88216,90.4537 23.8822,90.4538 23.88225,90.45385 23.88228,90.45397 23.88234,90.45398 23.88234,90.45407 23.88237,90.45415 23.8824,90.45416 23.8824,90.45424 23.88241,90.45435 23.88243,90.45439 23.88243,90.45446 23.88244,90.45454 23.88246,90.45456 23.88247,90.45473 23.88253,90.45477 23.88255,90.45491 23.88259,90.45501 23.88263,90.4551 23.88264,90.45516 23.88266,90.45527 23.88268,90.45529 23.88268,90.4554 23.88272,90.45548 23.88274,90.45558 23.88278,90.45566 23.88281,90.45567 23.88282,90.4558 23.88286,90.45584 23.88287,90.45588 23.88288,90.45598 23.8829,90.45604 23.88291,90.45606 23.88292,90.45613 23.88294,90.4562 23.88296,90.45622 23.88297,90.45624 23.88298,90.45629 23.88302,90.45639 23.88307,90.45656 23.88316,90.4567 23.88323,90.45673 23.88324,90.45691 23.88331,90.45709 23.88338,90.45721 23.88343,90.45728 23.88344,90.45737 23.88343,90.45746 23.88339,90.4575 23.88338,90.45764 23.88331,90.45782 23.88323,90.45799 23.88315,90.45804 23.88313,90.45821 23.88304,90.45827 23.88301,90.45838 23.88295,90.45855 23.88286,90.45857 23.88284,90.45862 23.8828,90.45863 23.8828,90.4587 23.88274,90.45872 23.88272,90.45894 23.88252,90.45914 23.88232,90.45929 23.88221,90.45931 23.8822,90.45963 23.88194,90.45964 23.88195,90.45967 23.88194,90.45979 23.88194,90.46019 23.88194,90.46036 23.88194,90.46071 23.88194,90.46095 23.88194,90.46154 23.88194,90.46179 23.88194,90.46201 23.88193,90.46212 23.88194,90.46217 23.88195,90.46221 23.88197,90.46224 23.88199,90.46228 23.88201,90.46231 23.88205,90.46235 23.8821,90.4624 23.88215,90.46251 23.88233,90.46254 23.88239,90.46257 23.88245,90.46262 23.88258,90.46277 23.88298,90.46286 23.88321,90.46288 23.88323,90.4629 23.88324,90.46293 23.88325,90.46297 23.88326,90.46302 23.88326,90.46306 23.88326,90.4633 23.88324,90.46362 23.88319,90.46367 23.88318,90.46384 23.88311,90.46397 23.88307,90.46405 23.88305,90.46416 23.88302,90.46425 23.88301,90.46438 23.88301,90.46459 23.88303,90.46492 23.88306,90.46509 23.88305,90.46527 23.88301,90.46557 23.88296,90.4659 23.88297,90.46615 23.88302,90.46618 23.88303,90.46642 23.88313,90.46671 23.88323,90.46694 23.88328,90.46717 23.88331,90.46733 23.88329,90.46746 23.88325,90.46759 23.88311,90.46768 23.88303,90.46798 23.88298,90.46823 23.88298,90.46845 23.883,90.4687 23.88299,90.46896 23.883,90.46937 23.883,90.46959 23.883,90.46978 23.88301,90.47002 23.883,90.47008 23.88297,90.47014 23.88294,90.47019 23.88287,90.47029 23.88274,90.4703 23.88272,90.47031 23.88272,90.47041 23.88272,90.47052 23.88272,90.47059 23.88271,90.47066 23.88271,90.47073 23.8827,90.47078 23.8827,90.47084 23.8827,90.4709 23.8827,90.47096 23.8827,90.47102 23.8827,90.47103 23.8827,90.47104 23.88269,90.47106 23.88268,90.47107 23.88266,90.47108 23.88265,90.47108 23.88264,90.47108 23.88262,90.47108 23.88251,90.47108 23.8825,90.47108 23.88246,90.47109 23.88229,90.47109 23.88215,90.47108 23.88205,90.47107 23.88196,90.47108 23.88191,90.47109 23.88182,90.47158 23.88174,90.47167 23.88172,90.47241 23.88161,90.47242 23.88161,90.47247 23.88165,90.47256 23.8817,90.4727 23.88171,90.47277 23.88173,90.47283 23.88174,90.47289 23.88178,90.4729 23.8819,90.47293 23.88203,90.47295 23.88218,90.47296 23.88225,90.47297 23.88242,90.47298 23.88255,90.47301 23.88284,90.47301 23.88308,90.47296 23.88331,90.47293 23.88344,90.47296 23.88355,90.47302 23.88362,90.47313 23.88368,90.47332 23.88375,90.47348 23.88382,90.47367 23.88392,90.47374 23.88396,90.4738 23.88399,90.47392 23.88404,90.47397 23.88406,90.47424 23.88419,90.47445 23.88428,90.47446 23.88428,90.47454 23.88436,90.47457 23.88445,90.47457 23.88462,90.47455 23.88475,90.47453 23.88483,90.47446 23.88489,90.47439 23.88493,90.47429 23.88498,90.47422 23.8851,90.47417 23.88517,90.47415 23.88521,90.47411 23.88528,90.47409 23.8855,90.47408 23.88573,90.47406 23.88584,90.47403 23.8861,90.474 23.88627,90.47399 23.8863,90.47396 23.88644,90.47395 23.88655,90.47393 23.88668,90.47393 23.88673,90.4739 23.88691,90.47389 23.88713,90.47389 23.88735,90.47388 23.88744,90.47387 23.88755,90.47385 23.8877,90.4738 23.88781,90.4737 23.88788,90.47351 23.88796,90.47337 23.88803,90.47328 23.88812,90.47325 23.88826,90.47324 23.8883,90.47324 23.88833,90.47323 23.88851,90.47314 23.88884,90.47309 23.88905,90.47306 23.88928,90.47307 23.88929,90.47312 23.88945,90.47321 23.88961,90.47332 23.8897,90.4735 23.8898,90.4737 23.88989,90.47372 23.8899,90.4739 23.88996,90.47398 23.88998,90.47399 23.88998,90.47408 23.89003,90.47422 23.8901,90.47439 23.89023,90.47451 23.89039,90.47457 23.89056,90.47469 23.89073,90.47474 23.89076,90.47482 23.89083,90.47486 23.89097,90.47488 23.89125,90.47496 23.89132,90.47497 23.89132,90.47506 23.89135,90.47526 23.8914,90.47541 23.89145,90.47552 23.89155,90.47555 23.89158,90.47567 23.89169,90.47571 23.8918,90.47572 23.89199,90.47574 23.89213,90.47576 23.89222,90.47578 23.89234,90.47579 23.89246,90.4758 23.89255,90.47582 23.89269,90.47586 23.89282,90.47589 23.89287,90.47594 23.89296,90.47605 23.89306,90.47609 23.8931,90.47617 23.89318,90.47625 23.89329,90.47626 23.89339,90.47623 23.89351,90.47622 23.89358,90.47621 23.89366,90.47625 23.8938,90.47637 23.89404,90.47653 23.89431,90.47654 23.89433,90.47666 23.89456,90.47679 23.89477,90.47684 23.89499,90.47694 23.89537,90.47701 23.89567,90.4771 23.89574,90.47729 23.89592,90.47747 23.89618,90.47755 23.89638,90.47755 23.8964,90.47761 23.89656,90.47771 23.89669,90.47793 23.89684,90.4782 23.89697,90.47841 23.89706,90.47878 23.89722,90.47896 23.89726,90.47919 23.8973,90.47937 23.89737,90.47952 23.89743,90.4797 23.89752,90.47983 23.89759,90.48007 23.89768,90.48026 23.89795,90.48034 23.89813,90.48035 23.89816,90.48037 23.89829,90.48039 23.89844,90.48042 23.89848,90.48045 23.89851,90.4805 23.89852,90.48056 23.89852,90.48061 23.89851,90.4808 23.89848,90.48138 23.89839,90.48154 23.89837,90.4816 23.8982,90.48166 23.89802,90.48181 23.89754,90.48187 23.89729,90.48201 23.8967,90.48204 23.89658,90.48216 23.89629,90.48233 23.8959,90.48245 23.89562,90.48249 23.89554,90.48253 23.89546,90.48253 23.89545,90.4829 23.89463,90.48306 23.8943,90.48323 23.89393,90.48337 23.89364,90.48352 23.8933,90.48352 23.89329,90.48362 23.89302,90.48377 23.89251,90.48381 23.89235,90.48384 23.89227,90.48387 23.89216,90.48396 23.8919,90.48405 23.89159,90.48406 23.89154,90.48407 23.89148,90.48407 23.89143,90.48408 23.89131,90.48411 23.89087,90.48413 23.89052,90.48414 23.8904,90.48417 23.89016,90.48418 23.89006,90.48418 23.88994,90.48419 23.88981,90.48419 23.88968,90.4842 23.88957,90.48421 23.88945,90.48423 23.88931,90.48429 23.8889,90.48431 23.88884,90.48434 23.88875,90.48436 23.88866,90.48439 23.88858,90.48444 23.88845,90.48451 23.88831,90.48457 23.88822,90.48459 23.88817,90.48467 23.88805,90.48476 23.88794,90.48485 23.88785,90.48495 23.88775,90.48501 23.8877,90.48513 23.8876,90.48525 23.88752,90.48539 23.88744,90.48554 23.88736,90.48558 23.88734,90.4857 23.88728,90.48581 23.88723,90.48599 23.88716,90.48618 23.8871,90.48633 23.88705,90.48652 23.88699,90.48664 23.88696,90.4868 23.88691,90.48698 23.88686,90.4872 23.88681,90.48774 23.88668,90.48838 23.88652,90.4887 23.88644,90.48945 23.88625,90.48952 23.88623,90.48995 23.88616,90.49006 23.88615,90.49013 23.88613,90.49028 23.88611,90.49061 23.88609,90.49224 23.88601,90.4926 23.88598,90.49275 23.88597,90.49339 23.88594,90.49373 23.88591,90.49405 23.88588,90.49445 23.88583,90.49515 23.88575,90.49551 23.88572,90.49579 23.88571,90.49628 23.88567,90.49641 23.88565,90.49677 23.88563,90.49705 23.88561,90.49725 23.88559,90.49753 23.88556,90.49772 23.88554,90.49832 23.88545,90.49859 23.8854,90.49877 23.88536,90.4989 23.88532,90.49902 23.88528,90.49917 23.88522,90.49933 23.88512,90.49947 23.88501,90.49962 23.88488,90.49964 23.88486,90.49979 23.88472,90.5 23.8845,90.50016 23.88432,90.50022 23.88424,90.50036 23.884,90.50063 23.88344,90.50092 23.88288,90.50109 23.88255,90.50118 23.88239,90.50128 23.8822,90.50155 23.88165,90.50165 23.88146,90.50197 23.88079,90.50206 23.8806,90.50216 23.88039,90.50232 23.88001,90.50243 23.87975,90.50253 23.87951,90.50269 23.87903,90.50285 23.87852,90.50292 23.87835,90.50296 23.87826,90.50309 23.87794,90.50315 23.8778,90.50321 23.87761,90.50324 23.87752,90.50328 23.87738,90.50339 23.87698,90.50349 23.87661,90.50361 23.87625,90.50377 23.87578,90.50377 23.87577,90.50417 23.87482,90.50431 23.87448,90.50447 23.87403,90.50453 23.87387,90.50457 23.87376,90.50463 23.87354,90.50473 23.87321,90.50477 23.87309,90.50481 23.87301,90.50484 23.87294,90.50486 23.87291,90.50492 23.87278,90.50498 23.87266,90.50529 23.87226,90.50544 23.87212,90.50566 23.87197,90.50643 23.87157,90.50663 23.87148,90.50721 23.87119,90.50742 23.87109,90.50752 23.87103,90.50756 23.87102,90.50773 23.87094,90.50795 23.87082,90.50853 23.87052,90.50898 23.87019,90.50927 23.86994,90.5095 23.86974,90.50977 23.86954,90.50992 23.86944,90.51036 23.86914,90.51068 23.86893,90.511 23.86872,90.51115 23.86861,90.51116 23.86861,90.51179 23.86818,90.51205 23.86799,90.51269 23.86756,90.51311 23.86725,90.51387 23.86671,90.51406 23.86656,90.51425 23.86641,90.51441 23.86625,90.51449 23.86616,90.51454 23.86611,90.51459 23.86604,90.51461 23.86601,90.51462 23.866,90.51471 23.86586,90.51475 23.86579,90.5148 23.86571,90.51485 23.86561,90.515 23.86534,90.51512 23.86515,90.51576 23.86403,90.51589 23.8638,90.51625 23.86316,90.51651 23.86271,90.51655 23.86265,90.51658 23.86259,90.51661 23.86255,90.51679 23.86224,90.51686 23.86212,90.51741 23.86121,90.51767 23.86071,90.51771 23.86063,90.51779 23.86051,90.51823 23.85975,90.51826 23.85969,90.51899 23.8584,90.51921 23.85803,90.5195 23.8575,90.51968 23.85719,90.51982 23.85698,90.51997 23.85679,90.52045 23.85624,90.52062 23.85606,90.52089 23.85578,90.52097 23.85566,90.52105 23.85569,90.52112 23.85571,90.52126 23.85574,90.52138 23.85575,90.52154 23.85577,90.5217 23.85577,90.52184 23.85574,90.522 23.85568,90.52214 23.85563,90.52223 23.85561,90.52239 23.8556,90.52262 23.85559,90.52278 23.85559,90.52286 23.85559,90.52288 23.8556,90.52297 23.85601,90.52302 23.8561,90.52327 23.85655,90.52328 23.8567,90.52329 23.85678,90.52368 23.85679,90.52367 23.85682,90.52365 23.85688,90.52364 23.85695,90.52364 23.85706,90.52364 23.85715)"
12jaZkYZ6ofKLzh4_2eDoBHqha3qiHEwD,12jaZkYZ6ofKLzh4_2eDoBHqha3qiHEwD-L16,impress fashion.kmz,"Directions from Impress Fashion Limited, Tejgaon I/A, Dhaka to PCJJ+QF3, Dhaka, Bangladesh","Directions from Impress Fashion Limited, Tejgaon I/A, Dhaka to PCJJ+QF3, Dhaka, Bangladesh",517,90.4021,23.76987,90.43122,23.73186,"LINESTRING(90.4021 23.76987,90.40149 23.76997,90.40116 23.77002,90.40113 23.76988,90.40103 23.76862,90.40102 23.76854,90.4009 23.76814,90.40086 23.76802,90.40078 23.76764,90.40069 23.76715,90.40065 23.76701,90.40063 23.76686,90.40054 23.76626,90.40051 23.76609,90.40048 23.76587,90.40047 23.7658,90.40046 23.76573,90.40044 23.76564,90.40041 23.76545,90.40037 23.76525,90.4003 23.76479,90.40027 23.76462,90.40024 23.76436,90.40023 23.76427,90.4002 23.764,90.40017 23.7637,90.40016 23.76366,90.40016 23.76361,90.40013 23.76348,90.39991 23.76239,90.39979 23.7614,90.39977 23.76131,90.39973 23.76112,90.3997 23.76099,90.39969 23.76093,90.39966 23.7608,90.39963 23.7606,90.3996 23.76048,90.3996 23.76045,90.39958 23.76037,90.39948 23.75976,90.39927 23.75875,90.39927 23.75867,90.39925 23.75849,90.39916 23.75789,90.39905 23.75714,90.39905 23.75712,90.39905 23.75706,90.39905 23.75696,90.39905 23.7569,90.39906 23.75682,90.39907 23.75681,90.39914 23.75667,90.3992 23.75653,90.39929 23.75636,90.39937 23.75619,90.39938 23.75619,90.39945 23.75605,90.39951 23.75592,90.39958 23.7558,90.39965 23.75568,90.39971 23.75551,90.39974 23.75542,90.39976 23.75538,90.39977 23.7553,90.39978 23.75527,90.39979 23.75524,90.39986 23.75507,90.39988 23.75503,90.39989 23.755,90.3999 23.75497,90.39994 23.75491,90.39998 23.75483,90.40003 23.75475,90.40003 23.75474,90.40011 23.7546,90.40015 23.75453,90.40018 23.75449,90.4002 23.75444,90.40021 23.75443,90.40027 23.75433,90.40036 23.75417,90.40036 23.75416,90.40038 23.75412,90.40042 23.75406,90.40045 23.75401,90.40048 23.75397,90.40048 23.75396,90.40052 23.7539,90.40054 23.75385,90.4006 23.75376,90.40061 23.75374,90.40064 23.75369,90.40066 23.75365,90.40069 23.7536,90.4007 23.75358,90.40074 23.75354,90.40077 23.75349,90.40079 23.75346,90.40081 23.75343,90.40084 23.75338,90.40087 23.75334,90.40091 23.75328,90.40094 23.75323,90.40097 23.75318,90.40101 23.75312,90.40103 23.75307,90.40105 23.75305,90.40106 23.75303,90.40113 23.75292,90.40113 23.75291,90.40123 23.75276,90.40123 23.75275,90.40132 23.7526,90.40135 23.75256,90.40142 23.75245,90.40145 23.7524,90.40155 23.75223,90.40158 23.75218,90.40161 23.75213,90.40162 23.75212,90.40164 23.75209,90.40171 23.75197,90.40181 23.7518,90.40193 23.75159,90.40206 23.75136,90.40211 23.7513,90.40215 23.75123,90.40218 23.75118,90.40221 23.75113,90.40223 23.7511,90.40231 23.75097,90.40238 23.75084,90.4024 23.75082,90.40245 23.75074,90.40245 23.75073,90.4025 23.75064,90.40258 23.75052,90.40263 23.75044,90.40267 23.75037,90.40268 23.75036,90.40276 23.75024,90.40276 23.75023,90.40278 23.7502,90.40281 23.75014,90.40282 23.75014,90.40285 23.75007,90.40287 23.75005,90.4029 23.74999,90.40294 23.74992,90.40296 23.74989,90.40299 23.74984,90.40303 23.74977,90.40305 23.74973,90.40311 23.74963,90.40315 23.74957,90.40317 23.74953,90.4032 23.74947,90.40324 23.74941,90.40332 23.74926,90.40333 23.74925,90.40334 23.74923,90.40338 23.74917,90.40342 23.74909,90.40343 23.74909,90.40343 23.74908,90.40347 23.74902,90.40352 23.74894,90.40359 23.7489,90.40366 23.74886,90.40369 23.74885,90.4037 23.74884,90.40374 23.74884,90.40378 23.74883,90.40383 23.74883,90.40387 23.74884,90.40388 23.74884,90.40395 23.74885,90.40402 23.74886,90.40404 23.74887,90.40421 23.74892,90.40421 23.74893,90.40439 23.74899,90.4044 23.74899,90.40443 23.749,90.40464 23.74908,90.40466 23.74908,90.40474 23.74911,90.40481 23.74912,90.40485 23.74912,90.4049 23.74911,90.40504 23.74915,90.40512 23.74917,90.40523 23.74919,90.40549 23.74924,90.40561 23.74924,90.40574 23.74924,90.40581 23.74924,90.40586 23.74924,90.40591 23.74924,90.40606 23.74924,90.4063 23.74923,90.40639 23.74922,90.4065 23.74922,90.40667 23.74921,90.40669 23.74921,90.40676 23.7492,90.40707 23.74915,90.40708 23.74915,90.40725 23.7491,90.40744 23.74906,90.40754 23.74902,90.40756 23.74902,90.40775 23.74896,90.4078 23.74894,90.40786 23.74892,90.40794 23.74891,90.408 23.74888,90.40828 23.74873,90.40863 23.74851,90.40893 23.74828,90.40926 23.74803,90.40946 23.74786,90.4096 23.74774,90.40965 23.7477,90.40969 23.74763,90.40972 23.7476,90.40976 23.74756,90.40991 23.74743,90.41005 23.7473,90.41029 23.74709,90.41037 23.74701,90.41051 23.74689,90.41059 23.74682,90.41079 23.74663,90.41088 23.74655,90.41096 23.7465,90.41099 23.74647,90.41111 23.74638,90.41118 23.74633,90.41127 23.74627,90.41143 23.74617,90.41161 23.74608,90.41171 23.74602,90.41178 23.74598,90.4119 23.74589,90.41209 23.74576,90.41218 23.74571,90.41227 23.74566,90.41237 23.74561,90.41251 23.74552,90.41253 23.74551,90.41267 23.74541,90.41269 23.7454,90.41284 23.74529,90.41299 23.74518,90.41325 23.74499,90.4133 23.74495,90.41361 23.74472,90.41376 23.74461,90.41389 23.7445,90.41391 23.74449,90.41399 23.74443,90.41406 23.74438,90.41421 23.74426,90.41424 23.74424,90.41436 23.74415,90.4144 23.74412,90.4145 23.74404,90.41455 23.74401,90.41467 23.74392,90.41467 23.74391,90.41484 23.7438,90.41486 23.74379,90.41505 23.74364,90.41516 23.74356,90.41528 23.74346,90.41531 23.74344,90.41558 23.74324,90.41562 23.74322,90.41578 23.7431,90.41589 23.74303,90.416 23.74298,90.41605 23.74293,90.41652 23.74258,90.41672 23.74243,90.41679 23.74238,90.41691 23.74229,90.4174 23.74192,90.41759 23.7418,90.41793 23.74155,90.41825 23.74132,90.4187 23.74095,90.41884 23.74084,90.41889 23.7408,90.41925 23.74053,90.41986 23.74001,90.41989 23.74007,90.42005 23.74053,90.42005 23.74054,90.42005 23.74055,90.42007 23.74059,90.42012 23.74069,90.42015 23.74074,90.42036 23.741,90.4204 23.74106,90.42048 23.74115,90.42054 23.74122,90.42054 23.74123,90.42072 23.74139,90.42077 23.74144,90.42085 23.74153,90.4209 23.7416,90.42102 23.74175,90.42107 23.74183,90.42119 23.74198,90.42128 23.74209,90.42138 23.7422,90.42148 23.74229,90.42173 23.74252,90.42188 23.74264,90.42192 23.74267,90.42196 23.7427,90.42219 23.74289,90.4224 23.74305,90.42241 23.74306,90.42257 23.74318,90.42266 23.74323,90.42274 23.74329,90.42276 23.7433,90.42287 23.74335,90.42293 23.74339,90.42299 23.74342,90.42313 23.74348,90.42325 23.74353,90.42328 23.74355,90.42339 23.74358,90.42347 23.74361,90.42354 23.74363,90.42363 23.74365,90.42366 23.74366,90.42373 23.74367,90.42382 23.74368,90.42385 23.74369,90.42393 23.7437,90.42401 23.74371,90.42404 23.74372,90.42409 23.74373,90.42415 23.74374,90.42419 23.74376,90.42421 23.74377,90.42455 23.74392,90.42479 23.74401,90.4248 23.74402,90.42493 23.74406,90.42502 23.74409,90.42517 23.74414,90.42526 23.74416,90.42533 23.74417,90.42543 23.74419,90.42554 23.7442,90.42556 23.74421,90.42567 23.74421,90.42583 23.74421,90.42596 23.74421,90.42606 23.74421,90.42618 23.74422,90.4262 23.74426,90.42622 23.74428,90.42623 23.74431,90.42623 23.74432,90.42623 23.74435,90.42621 23.74445,90.42618 23.74456,90.42617 23.7446,90.42612 23.74474,90.42608 23.74488,90.42603 23.74502,90.42597 23.74516,90.42586 23.74541,90.42573 23.74566,90.42558 23.74589,90.42557 23.74591,90.42552 23.74599,90.4255 23.74601,90.4255 23.74603,90.42549 23.74606,90.42549 23.74609,90.4255 23.74613,90.42551 23.74616,90.42553 23.7462,90.42557 23.74624,90.4256 23.74627,90.42565 23.7463,90.42568 23.74631,90.42572 23.74632,90.42578 23.74633,90.42583 23.74633,90.42587 23.74632,90.42587 23.74631,90.4259 23.7463,90.42594 23.74628,90.42597 23.74626,90.426 23.74622,90.42607 23.74613,90.42613 23.74603,90.42619 23.74591,90.4262 23.74589,90.42627 23.74574,90.42629 23.74567,90.42631 23.74561,90.42634 23.7455,90.42635 23.74548,90.42638 23.74539,90.42642 23.7453,90.42646 23.7452,90.42649 23.74513,90.42649 23.74512,90.4265 23.74506,90.4265 23.74503,90.4265 23.74501,90.42649 23.74499,90.42649 23.74497,90.42647 23.74495,90.42652 23.7448,90.42657 23.74461,90.42662 23.74442,90.42662 23.74441,90.42664 23.74426,90.42666 23.74415,90.42667 23.74402,90.42668 23.74382,90.42668 23.7438,90.4267 23.74355,90.42673 23.74314,90.42675 23.74291,90.42676 23.74281,90.42678 23.74244,90.42678 23.74237,90.42679 23.7422,90.42679 23.74219,90.42679 23.7421,90.42679 23.74209,90.42679 23.742,90.4268 23.74194,90.4268 23.74192,90.42681 23.74191,90.42682 23.74187,90.42684 23.74176,90.42687 23.74164,90.42688 23.74155,90.42689 23.74136,90.42689 23.74135,90.4269 23.74118,90.4269 23.74113,90.4269 23.74101,90.42691 23.74091,90.42692 23.74082,90.42695 23.7407,90.427 23.74055,90.42704 23.74045,90.42712 23.74032,90.42725 23.74013,90.42736 23.73998,90.4274 23.73992,90.42743 23.7399,90.42749 23.73982,90.42752 23.73979,90.42753 23.73979,90.42756 23.73976,90.42769 23.73964,90.42777 23.73958,90.42787 23.73949,90.42806 23.73931,90.42815 23.73921,90.42826 23.73907,90.42835 23.73894,90.4284 23.73883,90.42844 23.73873,90.42848 23.73863,90.4285 23.73727,90.42853 23.73673,90.42854 23.73626,90.42859 23.73552,90.4286 23.73514,90.42863 23.73477,90.42865 23.73438,90.42859 23.73342,90.42856 23.7331,90.42854 23.73278,90.42854 23.73272,90.42854 23.73253,90.42854 23.73248,90.42853 23.73236,90.42853 23.73219,90.42853 23.7321,90.42889 23.73209,90.42894 23.73209,90.42943 23.73209,90.42942 23.73197,90.42952 23.73197,90.42951 23.73174,90.42948 23.73144,90.42958 23.73147,90.42965 23.7315,90.4298 23.73155,90.42988 23.73159,90.43004 23.73163,90.43015 23.73167,90.43036 23.73173,90.43039 23.73174,90.43057 23.73177,90.43058 23.73177,90.43078 23.73179,90.43101 23.73183,90.43107 23.73184,90.43122 23.73186)"
13UHb9wfTadqZkgCxBDD81_kioextAhxh,13UHb9wfTadqZkgCxBDD81_kioextAhxh-L17,2026.EIS.000130.kmz,"Directions from Pandora Sweaters Ltd., Gilar Chala Rd, Mawna to Gorgoria Master Bari, Dhaka - Mymensingh Rd, Mawna, Bangladesh","Directions from Pandora Sweaters Ltd., Gilar Chala Rd, Mawna to Gorgoria Master Bari, Dhaka - Mymensingh Rd, Mawna, Bangladesh",67,90.42436,24.18752,90.42722,24.1878,"LINESTRING(90.42436 24.18752,90.42436 24.18784,90.42445 24.18785,90.42453 24.18785,90.42455 24.18785,90.42459 24.18785,90.42465 24.18783,90.42468 24.18783,90.42477 24.18781,90.42488 24.1878,90.42526 24.18783,90.42543 24.18785,90.42563 24.18787,90.42581 24.18789,90.42631 24.1879,90.42654 24.1879,90.4266 24.1879,90.42661 24.18777,90.42664 24.18745,90.42671 24.18671,90.42673 24.18643,90.42678 24.18571,90.42678 24.18496,90.42679 24.18454,90.4268 24.18399,90.42681 24.18381,90.42682 24.18363,90.42685 24.18316,90.42687 24.18291,90.42691 24.18252,90.42696 24.18202,90.42697 24.18195,90.42701 24.18129,90.42704 24.18083,90.42706 24.18045,90.42709 24.17998,90.42709 24.17987,90.42711 24.17958,90.42724 24.17959,90.42722 24.17988,90.42719 24.18049,90.42717 24.18087,90.42711 24.18178,90.42708 24.18215,90.42703 24.18266,90.42703 24.18267,90.42701 24.18285,90.42699 24.18306,90.42697 24.18338,90.42697 24.18341,90.42697 24.18342,90.42696 24.18354,90.42696 24.18356,90.42696 24.18394,90.42696 24.18406,90.42695 24.18439,90.42695 24.18484,90.42694 24.18501,90.42693 24.18562,90.42693 24.18578,90.42687 24.18645,90.42682 24.18698,90.42681 24.18717,90.42674 24.18777,90.42701 24.18778,90.42717 24.1878,90.42722 24.1878)"
14UBKiRgSnGf7P6ovRZ74OMNEsRaDT8pI,14UBKiRgSnGf7P6ovRZ74OMNEsRaDT8pI-L18,2025.EIS.000085.kmz,"Directions from Unimas Sportswear Limited, Bagbari to W7M5+GHC, Savar, Bangladesh","Directions from Unimas Sportswear Limited, Bagbari to W7M5+GHC, Savar, Bangladesh",419,90.31314,23.95641,90.25868,23.93376,"LINESTRING(90.31314 23.95641,90.31312 23.9564,90.3129 23.95633,90.31269 23.95625,90.31234 23.95621,90.31221 23.95619,90.31214 23.95619,90.31202 23.9562,90.31195 23.9562,90.31184 23.95619,90.31147 23.95615,90.31131 23.95613,90.31093 23.95607,90.31081 23.95594,90.31055 23.95552,90.31043 23.95534,90.31029 23.95511,90.31007 23.95471,90.30988 23.95439,90.30981 23.95427,90.30959 23.95392,90.30957 23.95388,90.30918 23.95336,90.30917 23.95334,90.30914 23.9533,90.30888 23.9529,90.30857 23.95241,90.30829 23.95195,90.30824 23.95187,90.30803 23.95151,90.30778 23.95108,90.30754 23.95067,90.30739 23.95046,90.30725 23.95026,90.30694 23.9498,90.30679 23.94961,90.30663 23.94941,90.30658 23.94937,90.30651 23.94932,90.30628 23.94914,90.30616 23.94903,90.30593 23.94883,90.30587 23.94877,90.30546 23.94841,90.30504 23.94802,90.30496 23.94794,90.30469 23.94771,90.30453 23.9475,90.30438 23.94752,90.3043 23.94749,90.30396 23.94733,90.30398 23.94721,90.30393 23.94718,90.30375 23.94709,90.30321 23.94679,90.30272 23.94649,90.30249 23.94636,90.30233 23.94627,90.3021 23.94613,90.30197 23.94606,90.30181 23.94597,90.30171 23.94591,90.30162 23.94585,90.30138 23.94572,90.3009 23.94546,90.30078 23.9454,90.30076 23.94539,90.30049 23.94525,90.30011 23.94505,90.29976 23.9449,90.29947 23.94474,90.29933 23.94468,90.29914 23.94459,90.29903 23.94454,90.2989 23.94447,90.29869 23.94435,90.29861 23.9443,90.29839 23.94411,90.29814 23.94392,90.29807 23.94385,90.29791 23.94372,90.2976 23.94349,90.29741 23.94334,90.29715 23.94313,90.29694 23.94296,90.29674 23.94276,90.29651 23.94255,90.29648 23.94253,90.29627 23.94231,90.29607 23.94215,90.29605 23.94211,90.29504 23.94128,90.29494 23.94119,90.29462 23.94092,90.29424 23.94061,90.29419 23.94056,90.29406 23.94045,90.29385 23.94028,90.29362 23.94009,90.29361 23.94008,90.29347 23.93997,90.29315 23.93965,90.29305 23.93957,90.29302 23.93954,90.29284 23.93937,90.29281 23.93934,90.29238 23.93891,90.29226 23.93878,90.29224 23.93876,90.29205 23.93857,90.29169 23.93818,90.29155 23.93805,90.29147 23.93798,90.29114 23.93768,90.29104 23.93757,90.29076 23.93731,90.29047 23.93703,90.29034 23.9369,90.29028 23.9369,90.29022 23.93691,90.28948 23.93702,90.28923 23.93706,90.28897 23.9371,90.28875 23.93712,90.28852 23.93714,90.28805 23.93717,90.28762 23.93717,90.28726 23.93718,90.2867 23.93722,90.28653 23.93725,90.28587 23.93735,90.28582 23.93735,90.28544 23.93738,90.28516 23.93738,90.28496 23.93739,90.28468 23.93735,90.28455 23.93733,90.28418 23.93728,90.28386 23.93722,90.28336 23.93712,90.28332 23.93712,90.28284 23.93702,90.28236 23.93692,90.28219 23.93688,90.28178 23.9368,90.2816 23.93677,90.28159 23.93676,90.28111 23.93668,90.28095 23.93664,90.28058 23.93657,90.28042 23.93655,90.28033 23.93654,90.28015 23.93653,90.2798 23.9365,90.27943 23.93647,90.279 23.93644,90.27874 23.9364,90.27872 23.9364,90.27858 23.93638,90.27848 23.93635,90.27832 23.93631,90.27808 23.93625,90.27794 23.93622,90.27775 23.93619,90.27754 23.93619,90.27743 23.93619,90.27742 23.93619,90.27725 23.9362,90.27704 23.93621,90.27691 23.93622,90.2762 23.93627,90.27563 23.93628,90.27548 23.93629,90.27535 23.93629,90.27491 23.93631,90.27457 23.93633,90.27442 23.93634,90.27428 23.93638,90.27418 23.93641,90.27379 23.9365,90.27368 23.93652,90.2735 23.93657,90.27324 23.93667,90.27294 23.93677,90.27269 23.93688,90.27248 23.93696,90.27232 23.93703,90.27113 23.9375,90.27087 23.93762,90.27052 23.93776,90.26976 23.93807,90.26965 23.9381,90.26981 23.93848,90.26984 23.93853,90.26991 23.93868,90.26996 23.93879,90.26999 23.93884,90.27007 23.93901,90.27024 23.93933,90.27057 23.93995,90.27069 23.9402,90.27085 23.94055,90.27088 23.94061,90.27091 23.94068,90.27114 23.94117,90.27128 23.94148,90.27158 23.94215,90.27165 23.9423,90.27175 23.94249,90.27188 23.94276,90.27192 23.94285,90.27209 23.94321,90.27243 23.94398,90.27241 23.9441,90.27241 23.94417,90.27245 23.9443,90.27271 23.94495,90.2725 23.94499,90.27227 23.94502,90.27223 23.94502,90.2722 23.94502,90.27213 23.94503,90.27207 23.94503,90.27203 23.94503,90.27198 23.94503,90.27172 23.94502,90.27164 23.94501,90.27161 23.94501,90.27155 23.94501,90.27149 23.94499,90.27145 23.94499,90.27132 23.94496,90.27125 23.94495,90.27111 23.94493,90.2711 23.94493,90.27098 23.94492,90.27088 23.94493,90.27079 23.94495,90.2707 23.94499,90.27063 23.94503,90.27045 23.94512,90.27021 23.94524,90.27016 23.94526,90.27012 23.94527,90.27004 23.94528,90.26986 23.94529,90.26958 23.94531,90.26948 23.9453,90.26935 23.94529,90.26922 23.94529,90.26903 23.94523,90.26871 23.94508,90.26855 23.94508,90.26849 23.94509,90.26841 23.9451,90.26826 23.94512,90.26818 23.94513,90.26767 23.94521,90.26741 23.94523,90.26696 23.94522,90.26665 23.9452,90.26623 23.94518,90.26564 23.94514,90.26544 23.94513,90.2651 23.94511,90.26472 23.94508,90.26438 23.94505,90.26428 23.94504,90.26372 23.94495,90.26352 23.94493,90.26304 23.94489,90.26284 23.94496,90.26258 23.94504,90.26239 23.94514,90.26222 23.94522,90.2621 23.94529,90.26192 23.94538,90.26176 23.94544,90.26172 23.94545,90.26158 23.94546,90.26143 23.94546,90.26135 23.94547,90.26126 23.94547,90.26103 23.94548,90.26095 23.94548,90.26092 23.94549,90.26064 23.9455,90.26057 23.94548,90.26041 23.94545,90.26028 23.94539,90.26009 23.9453,90.26006 23.9453,90.25947 23.94519,90.25932 23.94518,90.25908 23.94517,90.25866 23.94523,90.25863 23.94533,90.25861 23.9454,90.25858 23.94549,90.25837 23.9455,90.25817 23.94551,90.25771 23.94557,90.25759 23.94558,90.25758 23.94559,90.25765 23.94494,90.25776 23.94457,90.25781 23.94431,90.25785 23.94414,90.25788 23.94379,90.25788 23.94313,90.25788 23.94311,90.25788 23.94302,90.25786 23.94267,90.25776 23.94231,90.25775 23.94228,90.25765 23.94195,90.25747 23.94153,90.25743 23.94125,90.25743 23.94124,90.2575 23.94119,90.2577 23.94115,90.25781 23.94113,90.25809 23.94108,90.25817 23.94107,90.25844 23.94102,90.25846 23.94101,90.25869 23.94097,90.2587 23.94097,90.25929 23.94095,90.25954 23.94095,90.25961 23.94095,90.26013 23.94088,90.26023 23.94054,90.26026 23.94045,90.26037 23.94014,90.26038 23.94012,90.26056 23.93974,90.26057 23.93972,90.2606 23.93966,90.2607 23.93951,90.26081 23.93932,90.26084 23.93929,90.26093 23.93916,90.2612 23.9388,90.26136 23.93868,90.26158 23.93851,90.26164 23.93845,90.26172 23.93845,90.26179 23.93846,90.26223 23.93858,90.26227 23.93856,90.26234 23.93835,90.26244 23.93806,90.26256 23.93773,90.2627 23.93734,90.26284 23.93697,90.26293 23.93694,90.26314 23.93698,90.26322 23.93697,90.2633 23.93688,90.26334 23.93683,90.26278 23.93669,90.26275 23.93668,90.26245 23.93657,90.26243 23.93656,90.26235 23.93653,90.26228 23.93651,90.26209 23.93648,90.26171 23.93644,90.26167 23.93643,90.26142 23.93637,90.26134 23.93635,90.26105 23.93632,90.26095 23.9363,90.26097 23.93624,90.26105 23.93612,90.2611 23.93606,90.2611 23.93597,90.26108 23.93593,90.261 23.93588,90.26079 23.93581,90.26064 23.93575,90.26042 23.93566,90.26035 23.93563,90.26027 23.93562,90.26025 23.93561,90.26017 23.93556,90.26007 23.93552,90.25999 23.93548,90.2599 23.93544,90.25971 23.93537,90.25971 23.93536,90.25952 23.93529,90.25945 23.93529,90.25936 23.93529,90.25933 23.93529,90.25931 23.93531,90.25931 23.93528,90.25936 23.93505,90.25938 23.93497,90.25933 23.93493,90.25929 23.93492,90.25915 23.93484,90.25895 23.93472,90.25874 23.93462,90.25871 23.93461,90.25869 23.93448,90.25867 23.93438,90.25865 23.9343,90.25865 23.93426,90.25866 23.93423,90.25867 23.9342,90.25871 23.93413,90.25891 23.93385,90.25889 23.93384,90.2588 23.93379,90.25876 23.93378,90.25871 23.93376,90.25868 23.93376)"
14URUK7xIssNQ9llBqYJ0dqtF0MUcNN8E,14URUK7xIssNQ9llBqYJ0dqtF0MUcNN8E-L19,2025.EIS.000083.kmz,"Directions from Tanzila Textile Ltd., Nabinagar - Chandra Road, Dhaka to 26GG+Q6R, জালসুকা রোড, Bangladesh","Directions from Tanzila Textile Ltd., Nabinagar - Chandra Road, Dhaka to 26GG+Q6R, জালসুকা রোড, Bangladesh",123,90.24321,24.01835,90.22499,24.02502,"LINESTRING(90.24321 24.01835,90.24328 24.01817,90.24333 24.01807,90.24341 24.01798,90.24346 24.01796,90.24352 24.01796,90.24367 24.01799,90.24381 24.01803,90.24393 24.01807,90.24422 24.01819,90.24437 24.01824,90.24436 24.01826,90.24422 24.01894,90.24414 24.0194,90.24409 24.01972,90.24399 24.02029,90.24396 24.02046,90.24382 24.02118,90.24371 24.02175,90.24354 24.02265,90.24351 24.02283,90.24347 24.02301,90.24331 24.0239,90.24328 24.02407,90.24321 24.02442,90.24314 24.02478,90.24302 24.02541,90.24294 24.02577,90.24268 24.02717,90.24246 24.02836,90.24244 24.02848,90.24225 24.02844,90.24201 24.02842,90.2418 24.02841,90.24138 24.02842,90.24109 24.02843,90.24099 24.02842,90.24062 24.0284,90.24038 24.02837,90.2399 24.02831,90.2396 24.02826,90.23909 24.02819,90.23876 24.02814,90.2387 24.02813,90.2379 24.02812,90.23753 24.02813,90.23742 24.02813,90.2372 24.02813,90.23714 24.02813,90.23707 24.02813,90.23691 24.02814,90.23661 24.02815,90.23637 24.02809,90.2361 24.02802,90.23603 24.028,90.23589 24.02794,90.23578 24.02789,90.23472 24.02731,90.23425 24.02713,90.23417 24.0271,90.23409 24.02707,90.23354 24.02677,90.23337 24.02668,90.23319 24.02648,90.23296 24.02621,90.23286 24.02611,90.23285 24.02611,90.23278 24.02604,90.23264 24.02598,90.2325 24.02593,90.23242 24.02591,90.23213 24.02585,90.23197 24.02582,90.23164 24.02559,90.23141 24.02549,90.23135 24.02547,90.2312 24.02541,90.23102 24.02538,90.23092 24.02538,90.23081 24.0254,90.23059 24.02545,90.2304 24.0255,90.23028 24.02553,90.23019 24.02556,90.22992 24.02565,90.22951 24.02576,90.22931 24.0258,90.22902 24.02587,90.22863 24.02596,90.22824 24.02605,90.22816 24.02606,90.22787 24.02614,90.22768 24.02618,90.22745 24.02624,90.22702 24.02634,90.22619 24.0267,90.2261 24.02674,90.22589 24.02683,90.22562 24.02691,90.22531 24.02692,90.22516 24.02662,90.22509 24.02644,90.225 24.02611,90.22499 24.02607,90.22494 24.02593,90.22493 24.0259,90.22489 24.02564,90.22487 24.02541,90.22487 24.0254,90.22487 24.02533,90.22483 24.02524,90.22481 24.0252,90.22476 24.0251,90.22475 24.02508,90.22473 24.02503,90.22471 24.02495,90.22471 24.0249,90.22471 24.02482,90.22478 24.0247,90.2248 24.02463,90.22486 24.02475,90.22492 24.02481,90.22499 24.02502)"
14oUIQJM5-yUr0pFPu8nhiQbMtjxRX7xJ,14oUIQJM5-yUr0pFPu8nhiQbMtjxRX7xJ-L20,2025.EIS.000115.kmz,"Directions from 286H+GJW, কোনাবাড়ী রিফুজি পাড়া রোড, Konabari to Zolo Knitware Limited, Mouchak - Fulbaria Rd","Directions from 286H+GJW, কোনাবাড়ী রিফুজি পাড়া রোড, Konabari to Zolo Knitware Limited, Mouchak - Fulbaria Rd",784,90.32857,24.01082,90.29887,24.02996,"LINESTRING(90.32857 24.01082,90.32845 24.01082,90.32832 24.01083,90.3283 24.01083,90.32821 24.01084,90.32812 24.01085,90.32789 24.01087,90.32781 24.01087,90.32779 24.01086,90.32778 24.01086,90.32777 24.01085,90.32777 24.01084,90.32776 24.01083,90.32775 24.01081,90.32774 24.01055,90.32774 24.01045,90.32772 24.01005,90.3283 24.00993,90.3286 24.00987,90.32911 24.00975,90.32961 24.00963,90.33023 24.00948,90.33035 24.00944,90.33074 24.00934,90.33147 24.00913,90.3315 24.00912,90.33153 24.0091,90.33157 24.00908,90.33159 24.00907,90.33161 24.00905,90.33162 24.00903,90.33162 24.00902,90.33287 24.00869,90.33295 24.00868,90.33346 24.00855,90.33357 24.00852,90.33364 24.0085,90.33376 24.00848,90.3339 24.00844,90.33404 24.0084,90.3342 24.00835,90.33445 24.00826,90.33451 24.00824,90.33461 24.00819,90.33476 24.00812,90.33494 24.00802,90.33502 24.00797,90.33504 24.00796,90.33526 24.00785,90.33527 24.00784,90.33534 24.0078,90.33543 24.00774,90.3356 24.00763,90.33562 24.00762,90.33569 24.00757,90.33577 24.00751,90.3359 24.00741,90.33593 24.00738,90.33615 24.0072,90.33633 24.00704,90.33665 24.00676,90.33703 24.00642,90.33736 24.00615,90.33743 24.00609,90.33756 24.00599,90.3379 24.00573,90.33817 24.0055,90.33844 24.00527,90.33868 24.00504,90.33944 24.00434,90.33974 24.00407,90.34064 24.00324,90.34118 24.00272,90.34156 24.00237,90.34176 24.00217,90.34239 24.00155,90.34278 24.00115,90.34291 24.00102,90.34301 24.00093,90.34343 24.00051,90.34498 23.99898,90.34514 23.99882,90.34534 23.99862,90.34581 23.99814,90.34604 23.99793,90.34609 23.99788,90.34622 23.99776,90.34623 23.99776,90.34635 23.99764,90.34627 23.99757,90.34613 23.99771,90.34612 23.99772,90.34603 23.99781,90.34596 23.99788,90.34569 23.99816,90.34527 23.99857,90.34506 23.99878,90.34491 23.99893,90.34468 23.99917,90.34453 23.99932,90.3442 23.99964,90.3439 23.99995,90.34352 24.00031,90.34298 24.00085,90.34185 24.00195,90.34152 24.00228,90.34148 24.00231,90.34143 24.00236,90.34126 24.00251,90.34055 24.00317,90.33965 24.00401,90.33862 24.00498,90.33837 24.00521,90.33815 24.00541,90.3376 24.00585,90.33722 24.00614,90.33684 24.00647,90.33639 24.00687,90.336 24.00721,90.33587 24.00732,90.33584 24.00734,90.33572 24.00744,90.33556 24.00755,90.33522 24.00776,90.33521 24.00777,90.33499 24.00789,90.33497 24.0079,90.33489 24.00794,90.33469 24.00803,90.33452 24.0081,90.33442 24.00815,90.33436 24.00817,90.33413 24.00826,90.33399 24.00831,90.33385 24.00835,90.33372 24.00839,90.33361 24.00842,90.33354 24.00844,90.33344 24.00846,90.33292 24.00859,90.33285 24.00861,90.33194 24.00884,90.33191 24.00885,90.33164 24.00892,90.33157 24.00893,90.33149 24.00896,90.33012 24.00933,90.32981 24.00939,90.32968 24.00942,90.32954 24.00945,90.3295 24.00946,90.32936 24.0095,90.32935 24.0095,90.32881 24.00963,90.3286 24.00968,90.32859 24.00968,90.32858 24.00969,90.32821 24.00977,90.3282 24.00977,90.3281 24.00979,90.32783 24.00985,90.32777 24.00986,90.32764 24.00989,90.32757 24.00991,90.32743 24.00994,90.32738 24.00995,90.32733 24.00996,90.32725 24.00997,90.32711 24.00999,90.32689 24.01003,90.32664 24.01006,90.3264 24.01009,90.32622 24.0101,90.32605 24.01013,90.32589 24.01015,90.32577 24.01017,90.32566 24.01019,90.32537 24.01024,90.32509 24.01029,90.32483 24.01033,90.32456 24.01036,90.32378 24.01047,90.32308 24.01057,90.32269 24.01062,90.32177 24.01076,90.32131 24.01082,90.32085 24.01089,90.32057 24.01092,90.32009 24.01098,90.32007 24.01098,90.31945 24.01106,90.31912 24.0111,90.31891 24.01113,90.3187 24.01116,90.31841 24.01119,90.31811 24.01123,90.3179 24.01126,90.31613 24.01149,90.31577 24.01154,90.31541 24.01159,90.31525 24.01161,90.31508 24.01163,90.31466 24.01169,90.31423 24.01176,90.31384 24.01181,90.31382 24.01181,90.31358 24.01185,90.31333 24.01188,90.31312 24.01191,90.31293 24.01194,90.31262 24.012,90.3123 24.01207,90.31226 24.01208,90.31217 24.0121,90.31205 24.01213,90.31194 24.01216,90.31168 24.01224,90.31131 24.01242,90.31125 24.01245,90.31112 24.01253,90.31096 24.01261,90.31075 24.01273,90.3105 24.01287,90.31027 24.013,90.31022 24.01303,90.31013 24.01309,90.31007 24.01312,90.3099 24.01323,90.30985 24.01326,90.30983 24.01328,90.3097 24.01336,90.30932 24.01358,90.30872 24.01395,90.30857 24.01404,90.30824 24.01426,90.30801 24.01439,90.30796 24.01443,90.30768 24.0146,90.30739 24.01476,90.30731 24.01481,90.30688 24.01506,90.30667 24.01517,90.30663 24.0152,90.30649 24.01528,90.30619 24.01545,90.30588 24.01563,90.30573 24.01572,90.30551 24.01584,90.30537 24.01591,90.30506 24.0161,90.30462 24.01637,90.30448 24.01645,90.30431 24.01655,90.30354 24.01701,90.30269 24.01751,90.30219 24.01782,90.30192 24.01798,90.3018 24.01806,90.30157 24.0182,90.30015 24.01906,90.29974 24.0193,90.29957 24.0194,90.29953 24.01942,90.29894 24.01978,90.29868 24.01996,90.29843 24.02013,90.29841 24.02014,90.29818 24.0203,90.29825 24.02036,90.29828 24.02073,90.29826 24.02094,90.29824 24.02107,90.29823 24.02115,90.29819 24.02157,90.29818 24.02166,90.29817 24.02171,90.29817 24.02172,90.29816 24.02175,90.29815 24.02178,90.29804 24.02196,90.29799 24.02204,90.29798 24.02209,90.29796 24.02213,90.29795 24.02216,90.29791 24.0223,90.29786 24.02243,90.29776 24.02266,90.29769 24.02283,90.29762 24.02294,90.2975 24.02312,90.29744 24.0232,90.29727 24.02336,90.29716 24.02342,90.29698 24.02353,90.29671 24.02368,90.29666 24.02369,90.29647 24.02373,90.2961 24.02384,90.29605 24.02385,90.29591 24.02387,90.29582 24.02388,90.29571 24.02386,90.29554 24.02384,90.29552 24.02383,90.29529 24.0238,90.29516 24.02389,90.29507 24.02389,90.29495 24.02388,90.29475 24.02386,90.29459 24.02385,90.29457 24.02384,90.29455 24.02384,90.29437 24.02382,90.29416 24.02379,90.29409 24.02379,90.29397 24.02377,90.29384 24.02374,90.29374 24.02373,90.29364 24.02371,90.29343 24.02367,90.29329 24.02359,90.29327 24.02357,90.29325 24.02354,90.29338 24.0235,90.29355 24.02345,90.29381 24.02335,90.29414 24.02315,90.29448 24.02295,90.29478 24.02273,90.29521 24.02246,90.29537 24.02234,90.29554 24.0222,90.29593 24.02195,90.29599 24.02191,90.29652 24.02159,90.29664 24.02151,90.29682 24.0214,90.2971 24.02121,90.2974 24.02102,90.2976 24.02088,90.29771 24.02081,90.29804 24.02057,90.29805 24.02055,90.29809 24.02047,90.29825 24.02036,90.29847 24.02021,90.29866 24.02007,90.29892 24.01991,90.2994 24.01959,90.29943 24.01957,90.29952 24.01951,90.29969 24.01942,90.29995 24.01926,90.30009 24.01918,90.30166 24.01825,90.30238 24.01781,90.30279 24.01757,90.30306 24.0174,90.30391 24.01689,90.30441 24.01658,90.30578 24.01579,90.30593 24.01571,90.30624 24.01553,90.30654 24.01535,90.30668 24.01527,90.30672 24.01525,90.30693 24.01514,90.30736 24.01489,90.30744 24.01484,90.30773 24.01468,90.30801 24.0145,90.30807 24.01447,90.30829 24.01433,90.30863 24.01412,90.30877 24.01403,90.30938 24.01365,90.30972 24.01346,90.30987 24.01337,90.30991 24.01334,90.30996 24.01331,90.31011 24.01322,90.31018 24.01317,90.31027 24.01312,90.31033 24.01309,90.31055 24.01296,90.3108 24.01282,90.31101 24.0127,90.31117 24.01261,90.31126 24.01257,90.31133 24.01253,90.31142 24.01249,90.3117 24.01237,90.31183 24.01229,90.31196 24.01225,90.31208 24.01221,90.3122 24.01218,90.3123 24.01215,90.31234 24.01214,90.31292 24.01202,90.31337 24.01196,90.31369 24.01192,90.31401 24.01188,90.3142 24.01186,90.3144 24.01183,90.3148 24.01178,90.31496 24.01176,90.31512 24.01174,90.31521 24.01173,90.31529 24.01172,90.31561 24.01168,90.31594 24.01163,90.31611 24.01161,90.31628 24.01158,90.31672 24.01152,90.31717 24.01146,90.3176 24.0114,90.31803 24.01135,90.31819 24.01133,90.31835 24.01131,90.31861 24.01127,90.31887 24.01123,90.31905 24.01121,90.31924 24.0112,90.31942 24.01117,90.31961 24.01115,90.31981 24.01113,90.32002 24.0111,90.32044 24.01104,90.32087 24.01098,90.32126 24.01093,90.32146 24.0109,90.32205 24.01082,90.32235 24.01078,90.32266 24.01073,90.32297 24.01069,90.32329 24.01064,90.32348 24.01061,90.32367 24.01058,90.32406 24.01052,90.32429 24.01049,90.32452 24.01046,90.32453 24.01046,90.32472 24.01043,90.32508 24.01037,90.32509 24.01037,90.3251 24.01037,90.32584 24.01027,90.32588 24.01026,90.32592 24.01025,90.32598 24.01024,90.32605 24.01023,90.32623 24.0102,90.32643 24.01018,90.32668 24.01015,90.32685 24.01013,90.32693 24.01012,90.32702 24.01011,90.32704 24.01011,90.32715 24.01009,90.32738 24.01006,90.32763 24.01001,90.32778 24.00998,90.32781 24.00997,90.32789 24.00995,90.32816 24.00988,90.32856 24.00979,90.32857 24.00979,90.32875 24.00975,90.32887 24.00972,90.32954 24.00955,90.32971 24.00952,90.33066 24.00927,90.33162 24.00902,90.33287 24.00869,90.33295 24.00868,90.33346 24.00855,90.33357 24.00852,90.33364 24.0085,90.33376 24.00848,90.3339 24.00844,90.33404 24.0084,90.3342 24.00835,90.33445 24.00826,90.33451 24.00824,90.33461 24.00819,90.33476 24.00812,90.33494 24.00802,90.33502 24.00797,90.33504 24.00796,90.33526 24.00785,90.33527 24.00784,90.33534 24.0078,90.33543 24.00774,90.3356 24.00763,90.33562 24.00762,90.33569 24.00757,90.33577 24.00751,90.3359 24.00741,90.33593 24.00738,90.33615 24.0072,90.33633 24.00704,90.33665 24.00676,90.33703 24.00642,90.33736 24.00615,90.33743 24.00609,90.33756 24.00599,90.3379 24.00573,90.33817 24.0055,90.33844 24.00527,90.33868 24.00504,90.33944 24.00434,90.33974 24.00407,90.34064 24.00324,90.34118 24.00272,90.34156 24.00237,90.34176 24.00217,90.34239 24.00155,90.34278 24.00115,90.34291 24.00102,90.34301 24.00093,90.34343 24.00051,90.34498 23.99898,90.34514 23.99882,90.34534 23.99862,90.34581 23.99814,90.34604 23.99793,90.34609 23.99788,90.34622 23.99776,90.34623 23.99776,90.34635 23.99764,90.34627 23.99757,90.34613 23.99771,90.34612 23.99772,90.34603 23.99781,90.34596 23.99788,90.34569 23.99816,90.34527 23.99857,90.34506 23.99878,90.34491 23.99893,90.34468 23.99917,90.34453 23.99932,90.3442 23.99964,90.3439 23.99995,90.34352 24.00031,90.34298 24.00085,90.34185 24.00195,90.34152 24.00228,90.34148 24.00231,90.34143 24.00236,90.34126 24.00251,90.34055 24.00317,90.33965 24.00401,90.33862 24.00498,90.33837 24.00521,90.33815 24.00541,90.3376 24.00585,90.33722 24.00614,90.33684 24.00647,90.33639 24.00687,90.336 24.00721,90.33587 24.00732,90.33584 24.00734,90.33572 24.00744,90.33556 24.00755,90.33522 24.00776,90.33521 24.00777,90.33499 24.00789,90.33497 24.0079,90.33489 24.00794,90.33469 24.00803,90.33452 24.0081,90.33442 24.00815,90.33436 24.00817,90.33413 24.00826,90.33399 24.00831,90.33385 24.00835,90.33372 24.00839,90.33361 24.00842,90.33354 24.00844,90.33344 24.00846,90.33292 24.00859,90.33285 24.00861,90.33194 24.00884,90.33191 24.00885,90.33164 24.00892,90.33157 24.00893,90.33149 24.00896,90.33012 24.00933,90.32981 24.00939,90.32968 24.00942,90.32954 24.00945,90.3295 24.00946,90.32936 24.0095,90.32935 24.0095,90.32881 24.00963,90.3286 24.00968,90.32859 24.00968,90.32858 24.00969,90.32821 24.00977,90.3282 24.00977,90.3281 24.00979,90.32783 24.00985,90.32777 24.00986,90.32764 24.00989,90.32757 24.00991,90.32743 24.00994,90.32738 24.00995,90.32733 24.00996,90.32725 24.00997,90.32711 24.00999,90.32689 24.01003,90.32664 24.01006,90.3264 24.01009,90.32622 24.0101,90.32605 24.01013,90.32589 24.01015,90.32577 24.01017,90.32566 24.01019,90.32537 24.01024,90.32509 24.01029,90.32483 24.01033,90.32456 24.01036,90.32378 24.01047,90.32308 24.01057,90.32269 24.01062,90.32177 24.01076,90.32131 24.01082,90.32085 24.01089,90.32057 24.01092,90.32009 24.01098,90.32007 24.01098,90.31945 24.01106,90.31912 24.0111,90.31891 24.01113,90.3187 24.01116,90.31841 24.01119,90.31811 24.01123,90.3179 24.01126,90.31613 24.01149,90.31577 24.01154,90.31541 24.01159,90.31525 24.01161,90.31508 24.01163,90.31466 24.01169,90.31423 24.01176,90.31384 24.01181,90.31382 24.01181,90.31358 24.01185,90.31333 24.01188,90.31312 24.01191,90.31293 24.01194,90.31262 24.012,90.3123 24.01207,90.31226 24.01208,90.31217 24.0121,90.31205 24.01213,90.31194 24.01216,90.31168 24.01224,90.31131 24.01242,90.31125 24.01245,90.31112 24.01253,90.31096 24.01261,90.31075 24.01273,90.3105 24.01287,90.31027 24.013,90.31022 24.01303,90.31013 24.01309,90.31007 24.01312,90.3099 24.01323,90.30985 24.01326,90.30983 24.01328,90.3097 24.01336,90.30932 24.01358,90.30872 24.01395,90.30857 24.01404,90.30824 24.01426,90.30801 24.01439,90.30796 24.01443,90.30768 24.0146,90.30739 24.01476,90.30731 24.01481,90.30688 24.01506,90.30667 24.01517,90.30663 24.0152,90.30649 24.01528,90.30619 24.01545,90.30588 24.01563,90.30573 24.01572,90.30551 24.01584,90.30537 24.01591,90.30506 24.0161,90.30462 24.01637,90.30448 24.01645,90.30431 24.01655,90.30354 24.01701,90.30269 24.01751,90.30219 24.01782,90.30192 24.01798,90.3018 24.01806,90.30157 24.0182,90.30015 24.01906,90.29974 24.0193,90.29957 24.0194,90.29953 24.01942,90.29894 24.01978,90.29868 24.01996,90.29843 24.02013,90.29841 24.02014,90.29818 24.0203,90.29825 24.02036,90.29828 24.02073,90.29826 24.02094,90.29824 24.02107,90.29823 24.02115,90.29819 24.02157,90.29818 24.02166,90.29817 24.02171,90.29817 24.02172,90.29816 24.02175,90.29815 24.02178,90.29804 24.02196,90.29799 24.02204,90.29798 24.02209,90.29796 24.02213,90.29795 24.02216,90.29791 24.0223,90.29786 24.02243,90.29776 24.02266,90.29769 24.02283,90.29762 24.02294,90.2975 24.02312,90.29744 24.0232,90.29727 24.02336,90.29716 24.02342,90.29698 24.02353,90.29671 24.02368,90.29666 24.02369,90.29647 24.02373,90.2961 24.02384,90.29605 24.02385,90.29591 24.02387,90.29582 24.02388,90.29571 24.02386,90.29554 24.02384,90.29552 24.02383,90.29529 24.0238,90.29516 24.02389,90.29531 24.0239,90.29546 24.02395,90.29567 24.02406,90.29587 24.02417,90.29593 24.0242,90.29594 24.02421,90.29641 24.02447,90.29676 24.02469,90.29699 24.02486,90.29714 24.02496,90.29744 24.02518,90.29751 24.02524,90.29777 24.02545,90.29782 24.0255,90.29797 24.02564,90.29806 24.0258,90.29811 24.02592,90.29817 24.02607,90.29821 24.02624,90.29832 24.02664,90.29841 24.02682,90.29842 24.02684,90.29851 24.027,90.29858 24.02713,90.29868 24.02729,90.29869 24.02732,90.29878 24.02755,90.2988 24.02788,90.29881 24.02844,90.29881 24.02845,90.29881 24.02878,90.29882 24.02891,90.29882 24.02921,90.29882 24.02942,90.29885 24.02978,90.29887 24.02994,90.29887 24.02996)"
150-BKQ0XzmdLaMidO_M8TfP4jKJSSPJH,150-BKQ0XzmdLaMidO_M8TfP4jKJSSPJH-L21,2025.EIS.000081.kmz,"Directions from 35QP+PP5, Bangladesh to 35PJ+5WJ, Kaliakair, Bangladesh","Directions from 35QP+PP5, Bangladesh to 35PJ+5WJ, Kaliakair, Bangladesh",207,90.18697,24.08929,90.18311,24.08534,"LINESTRING(90.18697 24.08929,90.18696 24.08928,90.18695 24.08919,90.18696 24.08914,90.18723 24.08916,90.18772 24.08918,90.18771 24.08911,90.18834 24.08915,90.1884 24.08915,90.18852 24.08916,90.18854 24.08916,90.18938 24.08921,90.18972 24.08923,90.18977 24.08923,90.19011 24.08925,90.1907 24.08928,90.19095 24.08929,90.19149 24.08932,90.19154 24.08933,90.19156 24.08933,90.1921 24.08938,90.19211 24.08938,90.19231 24.0894,90.19293 24.08947,90.19329 24.0895,90.19353 24.08952,90.19374 24.08952,90.19388 24.08951,90.19401 24.08949,90.19407 24.08948,90.19432 24.08942,90.19446 24.08938,90.19465 24.08932,90.19482 24.08925,90.19483 24.08924,90.195 24.08915,90.19523 24.089,90.19559 24.08874,90.19586 24.08857,90.19604 24.08845,90.19659 24.08806,90.1966 24.08805,90.19718 24.0876,90.19748 24.08735,90.19764 24.08722,90.19788 24.08703,90.19821 24.08672,90.19862 24.08636,90.19878 24.08622,90.19867 24.08618,90.19856 24.08614,90.19849 24.0862,90.19835 24.08634,90.19815 24.08652,90.19791 24.08672,90.19788 24.08674,90.19769 24.0869,90.19746 24.0871,90.19732 24.08722,90.19714 24.08737,90.19712 24.08739,90.19694 24.08752,90.19689 24.08756,90.1967 24.08771,90.19669 24.08772,90.19652 24.08784,90.19634 24.08796,90.19604 24.08817,90.19585 24.08829,90.19574 24.08837,90.19564 24.08844,90.19558 24.08848,90.19523 24.08873,90.19517 24.08877,90.19503 24.08886,90.1949 24.08894,90.19476 24.08903,90.19456 24.08913,90.1944 24.08919,90.19419 24.08924,90.19401 24.08928,90.19377 24.08931,90.19355 24.08932,90.19336 24.08932,90.19325 24.08932,90.19317 24.08932,90.1929 24.08932,90.19277 24.08931,90.19274 24.08931,90.19239 24.08929,90.19227 24.08928,90.19215 24.08926,90.19201 24.08925,90.19189 24.08923,90.19176 24.08921,90.19167 24.0892,90.19146 24.08917,90.19126 24.08915,90.19106 24.08913,90.19089 24.08911,90.19088 24.08911,90.19066 24.0891,90.19037 24.08908,90.19019 24.08906,90.19013 24.08906,90.18974 24.08904,90.18958 24.08903,90.18956 24.08903,90.18929 24.08901,90.18904 24.08899,90.18891 24.08899,90.18879 24.089,90.18862 24.08898,90.18844 24.08896,90.18824 24.08895,90.18807 24.08894,90.18784 24.08891,90.18778 24.0889,90.18767 24.0889,90.18748 24.08888,90.18744 24.08888,90.18731 24.08887,90.18714 24.08887,90.18712 24.08887,90.18697 24.08888,90.18695 24.08888,90.18674 24.0889,90.1866 24.0889,90.18648 24.0889,90.18652 24.08879,90.18654 24.08873,90.18657 24.0886,90.18663 24.08844,90.18664 24.08834,90.18666 24.08811,90.18666 24.08809,90.18666 24.08802,90.18666 24.08794,90.18666 24.08784,90.18667 24.08762,90.18668 24.08747,90.18668 24.08736,90.18669 24.0872,90.18673 24.08695,90.18677 24.08676,90.18683 24.08664,90.18684 24.08662,90.18691 24.08646,90.18693 24.08642,90.18695 24.08638,90.18698 24.08632,90.18699 24.08629,90.187 24.08626,90.187 24.08624,90.18699 24.08621,90.18698 24.0862,90.18697 24.08619,90.18696 24.08618,90.18695 24.08618,90.18693 24.08618,90.18685 24.08617,90.18674 24.08616,90.18656 24.08614,90.18642 24.08612,90.18636 24.0861,90.1863 24.08607,90.18627 24.08605,90.18623 24.08603,90.18621 24.08603,90.18618 24.08604,90.18613 24.08605,90.18609 24.08605,90.186 24.08606,90.18591 24.08606,90.18585 24.08605,90.18581 24.08605,90.18571 24.08602,90.18555 24.08597,90.18554 24.08597,90.18547 24.08594,90.1853 24.08587,90.18507 24.08576,90.185 24.08573,90.18478 24.08563,90.18468 24.08557,90.1846 24.08555,90.18452 24.08553,90.18446 24.08553,90.18435 24.08552,90.1843 24.08552,90.18423 24.0855,90.18418 24.08547,90.18413 24.0854,90.1841 24.08534,90.18405 24.08528,90.184 24.08524,90.18386 24.08517,90.18383 24.08516,90.18379 24.08514,90.1837 24.0851,90.18361 24.08506,90.1835 24.085,90.18344 24.08498,90.18337 24.08495,90.18323 24.0849,90.18319 24.08489,90.18311 24.08534)"
15ELFRwzic50Pgl6n8ihlfFwZ5924vn6Z,15ELFRwzic50Pgl6n8ihlfFwZ5924vn6Z-L22,2024.EIS.000040.kmz,"Directions from BRAC mor, Jora Pump Rd to KAROONi Fashion Limited, Shafipur - Majukhan Road, Gazipur","Directions from BRAC mor, Jora Pump Rd to KAROONi Fashion Limited, Shafipur - Majukhan Road, Gazipur",192,90.25042,24.04339,90.27706,24.04075,"LINESTRING(90.25042 24.04339,90.25045 24.04329,90.25048 24.04319,90.25059 24.04295,90.25046 24.04289,90.25022 24.04273,90.25026 24.04269,90.25033 24.04258,90.25043 24.04237,90.25054 24.04213,90.25059 24.04204,90.25063 24.04196,90.25065 24.04188,90.25065 24.04186,90.25069 24.04168,90.25069 24.04144,90.25069 24.04132,90.25071 24.04132,90.25092 24.04124,90.25129 24.0411,90.25161 24.04093,90.25178 24.04083,90.252 24.0407,90.25204 24.04067,90.25226 24.04051,90.25238 24.04042,90.25275 24.04013,90.25279 24.0401,90.25295 24.03999,90.25298 24.03997,90.25315 24.03986,90.25344 24.03966,90.25393 24.03936,90.25426 24.03916,90.25441 24.03907,90.25459 24.03896,90.25484 24.0388,90.25513 24.03859,90.25541 24.03837,90.25573 24.03814,90.25592 24.03799,90.25602 24.03792,90.25646 24.03755,90.25679 24.03728,90.25682 24.03726,90.25697 24.03714,90.2573 24.03686,90.2576 24.03657,90.25824 24.03605,90.25912 24.03533,90.26 24.03461,90.26044 24.03425,90.26104 24.03379,90.26132 24.03358,90.26157 24.03337,90.26183 24.03318,90.26238 24.03276,90.26259 24.03261,90.2627 24.03253,90.26305 24.03226,90.26345 24.03196,90.26366 24.03181,90.26381 24.0317,90.26406 24.03151,90.26412 24.03146,90.26443 24.03123,90.26488 24.03091,90.2649 24.03089,90.26513 24.03073,90.2654 24.03053,90.26562 24.03036,90.26578 24.03024,90.26591 24.03015,90.26603 24.03006,90.26614 24.02999,90.2662 24.02997,90.26647 24.02981,90.26679 24.02967,90.26689 24.02963,90.26709 24.02955,90.26728 24.02948,90.26748 24.02942,90.26893 24.02886,90.26912 24.02878,90.26922 24.02878,90.26929 24.02877,90.26937 24.02874,90.2697 24.02864,90.26997 24.02855,90.27054 24.02834,90.27098 24.02818,90.27115 24.02811,90.27145 24.02798,90.27193 24.02778,90.27216 24.02768,90.27319 24.02726,90.27434 24.02684,90.2745 24.02678,90.27456 24.02676,90.27538 24.02644,90.27536 24.0265,90.27536 24.02657,90.27536 24.02661,90.27536 24.02665,90.27531 24.02685,90.27527 24.02716,90.27526 24.02739,90.27526 24.02744,90.27524 24.02762,90.27519 24.02793,90.27514 24.0282,90.27505 24.02863,90.275 24.02882,90.27495 24.02897,90.27494 24.02898,90.27482 24.02928,90.2748 24.02932,90.27479 24.02938,90.27475 24.02953,90.27472 24.02967,90.27471 24.02972,90.27468 24.02981,90.27459 24.03004,90.27459 24.03009,90.27459 24.03011,90.27461 24.03013,90.27463 24.03016,90.27468 24.03018,90.27487 24.03025,90.27497 24.0303,90.2752 24.03044,90.27543 24.0306,90.27549 24.03063,90.27557 24.03067,90.27563 24.03069,90.2757 24.03071,90.27577 24.03072,90.27588 24.03073,90.27586 24.03086,90.27579 24.03103,90.27572 24.03127,90.2757 24.03142,90.27566 24.03172,90.27585 24.03191,90.27599 24.03206,90.27654 24.03219,90.27649 24.03261,90.27642 24.03309,90.27641 24.03316,90.27632 24.0337,90.27627 24.03394,90.27626 24.03399,90.27622 24.03442,90.27618 24.03488,90.27613 24.03541,90.27612 24.03555,90.27618 24.03576,90.2762 24.03585,90.27628 24.03615,90.27633 24.03665,90.27633 24.03686,90.27634 24.03707,90.27634 24.03712,90.27635 24.03716,90.27638 24.03728,90.27641 24.0374,90.27654 24.03764,90.27664 24.03779,90.27673 24.038,90.27676 24.03804,90.27688 24.03822,90.277 24.03839,90.27706 24.03851,90.27708 24.03854,90.27712 24.03868,90.27713 24.03872,90.27722 24.039,90.27729 24.03912,90.27728 24.03914,90.27731 24.0393,90.27735 24.03945,90.27737 24.03971,90.27738 24.03974,90.27741 24.03991,90.27744 24.03996,90.27746 24.04,90.27748 24.04002,90.27751 24.04005,90.27752 24.0403,90.27754 24.0406,90.27754 24.04076,90.27706 24.04075)"
16APjkFTwLeEOooB0TMQXRkeo7Mx8Dpv1,16APjkFTwLeEOooB0TMQXRkeo7Mx8Dpv1-L23,2026.EIS.000127.kmz,"Directions from ambag, Ambag Road, Konabari to Fashion Summit Ltd.","Directions from ambag, Ambag Road, Konabari to Fashion Summit Ltd.",19,90.32111,24.00906,90.32503,24.00964,"LINESTRING(90.32111 24.00906,90.32154 24.00899,90.32157 24.00928,90.32157 24.00931,90.32161 24.00954,90.32161 24.00955,90.32164 24.00973,90.32169 24.01013,90.32174 24.01055,90.32176 24.01069,90.32254 24.01057,90.32273 24.01055,90.32307 24.01049,90.32365 24.01042,90.32385 24.01039,90.32455 24.0103,90.32509 24.01021,90.32504 24.00971,90.32503 24.00964)"
16x36mhOF7yQ3lB9aoqi372i3FxF7WPty,16x36mhOF7yQ3lB9aoqi372i3FxF7WPty-L24,2026.EIS.000150.kmz,"Directions from 23.798693, 90.267981 to Q7V9+Q2V, Hemayetpur, Bangladesh","Directions from 23.798693, 90.267981 to Q7V9+Q2V, Hemayetpur, Bangladesh",76,90.26799,23.7987,90.26739,23.79436,"LINESTRING(90.26799 23.7987,90.26792 23.79873,90.2678 23.79878,90.2674 23.79895,90.26729 23.799,90.26715 23.79909,90.26707 23.79915,90.26694 23.79928,90.26679 23.79943,90.26666 23.79962,90.26658 23.79975,90.26654 23.79982,90.2665 23.79988,90.26647 23.7999,90.26643 23.79992,90.26637 23.79992,90.26631 23.79993,90.26622 23.79993,90.26602 23.79993,90.26594 23.79993,90.26587 23.79994,90.26583 23.79995,90.26582 23.79996,90.26579 23.79999,90.26577 23.80002,90.26572 23.8001,90.26558 23.80035,90.26546 23.80056,90.26538 23.8007,90.26516 23.80081,90.26479 23.80096,90.26462 23.80104,90.26425 23.80122,90.26395 23.80137,90.26387 23.8014,90.26374 23.80144,90.2634 23.80153,90.26325 23.80157,90.26317 23.80158,90.26298 23.80161,90.26295 23.80161,90.26291 23.80161,90.26275 23.80162,90.2627 23.80162,90.26288 23.8009,90.26304 23.80023,90.26305 23.8002,90.2631 23.80002,90.26314 23.79985,90.26323 23.79954,90.26324 23.7995,90.26332 23.79919,90.26347 23.79862,90.26353 23.79841,90.26356 23.79835,90.26359 23.79827,90.26367 23.79809,90.2637 23.79802,90.26376 23.79791,90.26389 23.79771,90.26404 23.79749,90.26439 23.79705,90.26457 23.79685,90.26476 23.79665,90.26479 23.79661,90.26491 23.79647,90.26519 23.79613,90.26554 23.79578,90.26591 23.79543,90.26605 23.79532,90.26656 23.79491,90.26662 23.79486,90.26709 23.79455,90.26719 23.79448,90.26727 23.79444,90.26739 23.79436)"
17Qvd7aZ2nxCuETXcLxtPFJSmBmjtc7Pb,17Qvd7aZ2nxCuETXcLxtPFJSmBmjtc7Pb-L25,2025.EIS.000111.kmz,"Directions from International Classic Composite Ltd. (ICCL) to 23.99437195257282, 90.34847184417276","Directions from International Classic Composite Ltd. (ICCL) to 23.99437195257282, 90.34847184417276",83,90.35614,23.99118,90.3485,23.99439,"LINESTRING(90.35614 23.99118,90.35608 23.99121,90.35595 23.99126,90.35557 23.99142,90.35548 23.99131,90.35545 23.99126,90.35542 23.99121,90.35541 23.99113,90.35541 23.99093,90.35541 23.99079,90.35541 23.99043,90.35481 23.99056,90.35471 23.99059,90.35461 23.99063,90.35449 23.99069,90.35436 23.99075,90.35408 23.99089,90.35392 23.99097,90.3538 23.99105,90.35371 23.9911,90.35358 23.99119,90.35331 23.9914,90.35316 23.99152,90.35301 23.99164,90.35277 23.99186,90.35268 23.99194,90.35248 23.99212,90.35236 23.99225,90.35219 23.99243,90.35207 23.99252,90.35152 23.99303,90.35152 23.99304,90.35138 23.99316,90.35116 23.99336,90.351 23.9935,90.35068 23.99377,90.35045 23.99396,90.35042 23.99398,90.35041 23.99399,90.35032 23.99407,90.3502 23.99415,90.34991 23.99434,90.34973 23.99446,90.34964 23.99452,90.3496 23.99455,90.34942 23.99467,90.34926 23.99479,90.34907 23.99494,90.34887 23.9951,90.34872 23.99524,90.34812 23.99583,90.34803 23.99593,90.34791 23.99605,90.34779 23.99617,90.34756 23.99641,90.34752 23.99644,90.34752 23.99645,90.34732 23.99666,90.34726 23.99671,90.34714 23.99685,90.34709 23.9969,90.34702 23.99697,90.34682 23.99717,90.3467 23.99729,90.34665 23.99734,90.34655 23.99743,90.34642 23.99757,90.34635 23.99764,90.34627 23.99757,90.347 23.99683,90.34705 23.99678,90.34719 23.99664,90.34796 23.99586,90.34805 23.99577,90.34864 23.99516,90.34862 23.99512,90.34861 23.99511,90.34859 23.99509,90.3484 23.99489,90.34831 23.9948,90.34843 23.9945,90.34846 23.99446,90.3485 23.99439)"
17nHv3TU2kFdsG_lBSGkjyJfZtbILS_G-,17nHv3TU2kFdsG_lBSGkjyJfZtbILS_G--L26,2025.EIS.000069.kmz,"Directions from Graphics Textiles Limited, N 5, Dhamrai to Jadabpur,Union Council, Road, Dhantara","Directions from Graphics Textiles Limited, N 5, Dhamrai to Jadabpur,Union Council, Road, Dhantara",614,90.12452,23.91952,90.13863,24.01829,"LINESTRING(90.12452 23.91952,90.12452 23.91953,90.12465 23.91956,90.12493 23.91965,90.12502 23.91971,90.1249 23.91977,90.12843 23.92043,90.12846 23.92044,90.13063 23.92081,90.13081 23.92083,90.1309 23.92085,90.131 23.92086,90.13284 23.9213,90.13289 23.92132,90.13426 23.92168,90.13498 23.92185,90.13499 23.92185,90.13539 23.92194,90.13544 23.92196,90.13546 23.92196,90.13641 23.92217,90.13717 23.92231,90.13752 23.92236,90.13857 23.92245,90.1399 23.92252,90.14035 23.92253,90.1406 23.92252,90.1408 23.9225,90.14125 23.92243,90.14162 23.92234,90.14184 23.9223,90.14299 23.92204,90.14305 23.92202,90.14389 23.92181,90.14958 23.91966,90.15289 23.91858,90.1529 23.91859,90.15291 23.91859,90.15292 23.9186,90.15293 23.9186,90.15295 23.91859,90.15305 23.91857,90.1533 23.9185,90.15452 23.91811,90.15452 23.91821,90.15451 23.91824,90.15433 23.91928,90.15429 23.9197,90.15428 23.91971,90.15414 23.92049,90.15413 23.9207,90.15414 23.92084,90.15414 23.92103,90.15416 23.92136,90.1542 23.92169,90.15422 23.9222,90.15421 23.92241,90.1542 23.92244,90.15418 23.92257,90.15412 23.92269,90.15404 23.92278,90.15395 23.92284,90.15354 23.92299,90.15345 23.92303,90.1534 23.92308,90.15333 23.92321,90.15327 23.92451,90.15322 23.92476,90.15313 23.92505,90.15294 23.92583,90.15286 23.92639,90.15288 23.92662,90.153 23.92707,90.15301 23.92709,90.15325 23.92785,90.1533 23.92797,90.15332 23.92804,90.15333 23.92805,90.15348 23.92845,90.15368 23.92906,90.15381 23.92935,90.15396 23.9295,90.15429 23.92971,90.15454 23.9299,90.15481 23.93033,90.15472 23.93036,90.15407 23.9305,90.15361 23.93065,90.1529 23.93097,90.15289 23.93098,90.15166 23.93172,90.15119 23.93193,90.15095 23.93202,90.14951 23.93262,90.14884 23.93292,90.14821 23.93326,90.1482 23.93326,90.1481 23.93333,90.14799 23.93342,90.14752 23.9339,90.14749 23.93392,90.14735 23.93406,90.14733 23.93409,90.14669 23.93472,90.14668 23.93474,90.14628 23.93512,90.14613 23.93528,90.14482 23.9365,90.14471 23.93662,90.14357 23.93772,90.14348 23.93779,90.14328 23.93798,90.14213 23.93879,90.14204 23.93884,90.14147 23.93923,90.1414 23.93927,90.14113 23.93945,90.14086 23.93959,90.14054 23.93973,90.13973 23.94014,90.13846 23.94073,90.13845 23.94073,90.13824 23.94082,90.13798 23.94095,90.13789 23.94098,90.13782 23.94102,90.13771 23.94106,90.13732 23.94125,90.13656 23.94153,90.13593 23.94172,90.13582 23.94174,90.13545 23.94183,90.13522 23.94186,90.13498 23.94192,90.13468 23.94198,90.13457 23.94201,90.13441 23.94203,90.13345 23.9422,90.13314 23.94228,90.13278 23.9424,90.13277 23.9424,90.13244 23.94251,90.13103 23.94291,90.13048 23.94299,90.1302 23.94306,90.13017 23.94306,90.12975 23.94316,90.12921 23.94337,90.12886 23.94359,90.12829 23.94407,90.12808 23.94422,90.12788 23.94434,90.12769 23.94443,90.12708 23.94463,90.12666 23.94469,90.12548 23.94479,90.1251 23.94481,90.12488 23.94485,90.12459 23.94492,90.12424 23.94505,90.12325 23.94533,90.12255 23.94542,90.12211 23.94545,90.11995 23.94547,90.11878 23.94544,90.11794 23.94547,90.11738 23.94547,90.11553 23.9454,90.11419 23.94542,90.11298 23.94537,90.11231 23.94538,90.11201 23.94541,90.11173 23.94552,90.1115 23.94563,90.11113 23.94583,90.11059 23.94615,90.11024 23.94639,90.1099 23.94666,90.10968 23.94682,90.10963 23.94685,90.10944 23.94694,90.10839 23.94752,90.10652 23.9487,90.10575 23.94908,90.10568 23.9491,90.10518 23.94931,90.10361 23.94989,90.10221 23.95049,90.10113 23.95107,90.10016 23.95164,90.09935 23.95216,90.09851 23.95267,90.09825 23.95279,90.09767 23.95302,90.09735 23.95316,90.09166 23.95516,90.09132 23.9553,90.09016 23.95573,90.08916 23.9562,90.08875 23.95635,90.08834 23.95648,90.08775 23.95654,90.08749 23.95664,90.08738 23.95673,90.08731 23.9568,90.08716 23.95701,90.08687 23.95762,90.08669 23.95794,90.08651 23.95812,90.08629 23.95826,90.08588 23.95847,90.08493 23.95874,90.0845 23.95893,90.08383 23.95935,90.08274 23.95997,90.0816 23.96073,90.08109 23.96104,90.08061 23.96129,90.08045 23.9614,90.07995 23.96163,90.07902 23.96197,90.07898 23.96198,90.07846 23.96218,90.07831 23.96225,90.07806 23.96229,90.07788 23.9623,90.07758 23.96235,90.07752 23.96235,90.07751 23.96236,90.07717 23.96244,90.0772 23.9625,90.07721 23.96257,90.07724 23.96266,90.07724 23.96272,90.07725 23.96276,90.07725 23.96282,90.0773 23.96308,90.07747 23.96478,90.07748 23.96483,90.07757 23.96583,90.07778 23.9675,90.07816 23.97137,90.07817 23.97141,90.07835 23.9736,90.07835 23.97369,90.07846 23.97517,90.0785 23.97665,90.0785 23.97797,90.07857 23.97879,90.07864 23.97995,90.07864 23.98013,90.07865 23.98029,90.07868 23.98185,90.07869 23.98193,90.07873 23.98401,90.07874 23.9841,90.07881 23.986,90.07882 23.98607,90.07882 23.98643,90.07885 23.98715,90.07885 23.98736,90.07891 23.98873,90.07888 23.98902,90.07902 23.99107,90.07903 23.99112,90.07905 23.9928,90.079 23.99369,90.0789 23.99482,90.07884 23.99807,90.07882 23.99839,90.07887 24.00028,90.07894 24.00179,90.07897 24.00351,90.079 24.00406,90.07901 24.00475,90.07891 24.00666,90.0789 24.00673,90.07877 24.00912,90.07864 24.01012,90.07879 24.01012,90.07963 24.01017,90.0797 24.01008,90.0798 24.00999,90.0797 24.01008,90.07963 24.01017,90.07879 24.01012,90.07864 24.01012,90.07877 24.00912,90.0789 24.00673,90.07891 24.00666,90.07901 24.00475,90.079 24.00406,90.07897 24.00351,90.07894 24.00179,90.07887 24.00028,90.07882 23.99839,90.07884 23.99807,90.0789 23.99482,90.079 23.99369,90.07905 23.9928,90.07903 23.99112,90.07902 23.99107,90.07888 23.98902,90.07891 23.98873,90.07885 23.98736,90.07885 23.98715,90.07882 23.98643,90.07882 23.98607,90.07881 23.986,90.07874 23.9841,90.07873 23.98401,90.07869 23.98193,90.07868 23.98185,90.07865 23.98029,90.07864 23.98013,90.07864 23.97995,90.07857 23.97879,90.0785 23.97797,90.0785 23.97665,90.07846 23.97517,90.07835 23.97369,90.07835 23.9736,90.07817 23.97141,90.07816 23.97137,90.07778 23.9675,90.07757 23.96583,90.07748 23.96483,90.07747 23.96478,90.0773 23.96308,90.07725 23.96282,90.07725 23.96276,90.07724 23.96272,90.07724 23.96266,90.07721 23.96257,90.0772 23.9625,90.07717 23.96244,90.07736 23.9624,90.07736 23.96193,90.07757 23.96192,90.07759 23.96194,90.07758 23.96235,90.07752 23.96235,90.07751 23.96236,90.07717 23.96244,90.0772 23.9625,90.07721 23.96257,90.07724 23.96266,90.07724 23.96272,90.07725 23.96276,90.07725 23.96282,90.0773 23.96308,90.07747 23.96478,90.07748 23.96483,90.07757 23.96583,90.07778 23.9675,90.07816 23.97137,90.07817 23.97141,90.07835 23.9736,90.07835 23.97369,90.07846 23.97517,90.0785 23.97665,90.0785 23.97797,90.07857 23.97879,90.07864 23.97995,90.07864 23.98013,90.07865 23.98029,90.07868 23.98185,90.07869 23.98193,90.07873 23.98401,90.07874 23.9841,90.07881 23.986,90.07882 23.98607,90.07882 23.98643,90.07885 23.98715,90.07885 23.98736,90.07891 23.98873,90.07888 23.98902,90.07902 23.99107,90.07903 23.99112,90.07905 23.9928,90.079 23.99369,90.0789 23.99482,90.07884 23.99807,90.07882 23.99839,90.07887 24.00028,90.07894 24.00179,90.07897 24.00351,90.079 24.00406,90.07901 24.00475,90.07891 24.00666,90.0789 24.00673,90.07877 24.00912,90.07864 24.01012,90.07879 24.01012,90.07963 24.01017,90.0797 24.01008,90.07979 24.01,90.07994 24.00993,90.07999 24.00992,90.08008 24.00989,90.08018 24.00988,90.08025 24.00986,90.08043 24.00983,90.08051 24.00981,90.08066 24.00979,90.0808 24.00971,90.08081 24.0097,90.08105 24.00956,90.0814 24.0094,90.08147 24.00938,90.08153 24.00935,90.08158 24.00934,90.08162 24.00934,90.08165 24.00933,90.08171 24.00932,90.08203 24.00937,90.08213 24.00937,90.08218 24.00936,90.08219 24.00936,90.08224 24.00934,90.08229 24.00929,90.08233 24.00926,90.08236 24.00921,90.08237 24.00921,90.08238 24.00918,90.08238 24.00914,90.08242 24.00899,90.08256 24.00899,90.08281 24.00903,90.08298 24.00908,90.08324 24.00905,90.08341 24.00901,90.08343 24.00901,90.08355 24.00896,90.08366 24.00893,90.08385 24.0089,90.08391 24.00888,90.08443 24.00879,90.08484 24.00879,90.08502 24.00881,90.08534 24.00889,90.08556 24.00897,90.08655 24.00913,90.0873 24.00933,90.08731 24.00934,90.08768 24.00944,90.08769 24.00944,90.08781 24.00948,90.08783 24.00949,90.08789 24.00951,90.08795 24.00957,90.08796 24.0096,90.08796 24.00965,90.08795 24.00969,90.08795 24.00978,90.08796 24.00981,90.08796 24.0099,90.08797 24.00993,90.08798 24.00994,90.08799 24.00996,90.08802 24.00998,90.08808 24.01,90.08832 24.01004,90.09048 24.01021,90.0912 24.0103,90.0916 24.01041,90.09197 24.00969,90.09197 24.00948,90.09194 24.00934,90.09187 24.00914,90.09186 24.00898,90.092 24.00856,90.09256 24.00713,90.09276 24.00676,90.09281 24.00668,90.09285 24.0066,90.09304 24.00612,90.09318 24.00557,90.09329 24.00495,90.0935 24.00416,90.09375 24.00411,90.09474 24.00401,90.09482 24.00399,90.0952 24.00393,90.09538 24.00389,90.09599 24.0038,90.09614 24.00426,90.09623 24.00478,90.09644 24.00474,90.0968 24.00456,90.09685 24.00454,90.09695 24.00448,90.09697 24.00448,90.09697 24.00447,90.09708 24.00442,90.09715 24.00442,90.09717 24.00441,90.09728 24.00445,90.09733 24.00448,90.09786 24.00523,90.09818 24.00606,90.09823 24.00625,90.09828 24.00639,90.09834 24.00645,90.09837 24.00649,90.0984 24.00651,90.09846 24.00654,90.09847 24.00654,90.09852 24.00655,90.09858 24.00657,90.09892 24.0066,90.09934 24.00662,90.09945 24.00664,90.09952 24.00667,90.09957 24.0067,90.09963 24.00676,90.09966 24.0068,90.09966 24.00681,90.09967 24.00685,90.09965 24.00709,90.09957 24.00741,90.09957 24.00746,90.0996 24.00749,90.09975 24.00749,90.0999 24.00751,90.09992 24.00751,90.10002 24.00758,90.10006 24.00762,90.10012 24.0077,90.10016 24.00777,90.10019 24.00789,90.1002 24.00816,90.10015 24.00853,90.10015 24.00864,90.10011 24.00925,90.10119 24.00952,90.10181 24.00975,90.102 24.00986,90.10229 24.01008,90.10239 24.01013,90.10247 24.01016,90.1026 24.01023,90.10272 24.01027,90.1028 24.01029,90.10336 24.01047,90.10566 24.01107,90.10656 24.01141,90.10665 24.01142,90.1069 24.01152,90.10755 24.0117,90.10784 24.01181,90.108 24.01186,90.10855 24.01191,90.10862 24.01194,90.10894 24.01203,90.10907 24.01205,90.10951 24.01205,90.11108 24.01192,90.11167 24.01176,90.11281 24.01158,90.11429 24.01139,90.11482 24.01127,90.11628 24.01078,90.1163 24.01078,90.11729 24.01043,90.11768 24.01032,90.11797 24.01022,90.11839 24.01038,90.11876 24.01047,90.11909 24.01057,90.11948 24.01071,90.11988 24.01095,90.12013 24.01115,90.12028 24.01132,90.12053 24.01169,90.12138 24.01265,90.1218 24.01298,90.12246 24.01341,90.12353 24.01392,90.12411 24.01417,90.12532 24.01465,90.12564 24.01479,90.12672 24.01535,90.12715 24.01566,90.12716 24.01566,90.12721 24.01571,90.12819 24.01649,90.1291 24.01718,90.12937 24.01736,90.12989 24.01749,90.13019 24.01755,90.13043 24.01755,90.13101 24.01747,90.1317 24.01732,90.13225 24.01715,90.13315 24.0168,90.13328 24.01677,90.13353 24.01675,90.13365 24.01673,90.13379 24.01676,90.13421 24.01694,90.13471 24.01713,90.13524 24.01729,90.13542 24.01733,90.13549 24.01736,90.13661 24.01741,90.13744 24.01735,90.13797 24.01727,90.13826 24.01715,90.13842 24.01744,90.13842 24.01746,90.1385 24.0176,90.13859 24.01816,90.13863 24.01829)"
17x-VjBinSxoBiehRWRrtRBGYE98EGpxy,17x-VjBinSxoBiehRWRrtRBGYE98EGpxy-L27,2026.EIS.BEPZA.000022.kmz,"Directions from Hop Yick (BD) Ltd., Baipayl to Hazi Omer Ali School and College","Directions from Hop Yick (BD) Ltd., Baipayl to Hazi Omer Ali School and College",97,90.26797,23.94907,90.27573,23.94427,"LINESTRING(90.26797 23.94907,90.26797 23.94915,90.26797 23.94916,90.26797 23.94934,90.26798 23.95059,90.26896 23.95059,90.26957 23.95058,90.27037 23.95056,90.27096 23.95055,90.27097 23.95052,90.27097 23.95049,90.27099 23.95047,90.27101 23.95045,90.27104 23.95042,90.27107 23.95041,90.2711 23.9504,90.27114 23.9504,90.27117 23.9504,90.2712 23.95041,90.27123 23.95042,90.27126 23.95044,90.27128 23.95046,90.2713 23.95049,90.27131 23.95052,90.27131 23.95055,90.27199 23.95055,90.27288 23.95054,90.27325 23.95053,90.27326 23.95065,90.27364 23.95064,90.27403 23.95063,90.27408 23.95063,90.27409 23.95053,90.2741 23.95048,90.27417 23.94996,90.27417 23.94992,90.27417 23.94905,90.27402 23.9483,90.27383 23.94766,90.27381 23.94762,90.27377 23.94748,90.27345 23.94658,90.27333 23.94632,90.27309 23.94579,90.27304 23.94569,90.27274 23.94504,90.27271 23.94495,90.27245 23.9443,90.27244 23.94429,90.27241 23.94417,90.27241 23.9441,90.27243 23.94398,90.27209 23.94321,90.27192 23.94285,90.27188 23.94276,90.272 23.94276,90.2718 23.9423,90.2722 23.94224,90.2723 23.94221,90.27273 23.94217,90.27306 23.94216,90.27328 23.94217,90.27357 23.94218,90.27359 23.9422,90.2736 23.94222,90.27361 23.94225,90.27366 23.94245,90.27367 23.94248,90.27368 23.94249,90.27369 23.9425,90.27371 23.94251,90.27373 23.94251,90.27389 23.94252,90.27411 23.94252,90.27418 23.94253,90.27452 23.94253,90.27472 23.94255,90.27487 23.94257,90.2749 23.94257,90.27507 23.94259,90.27509 23.94259,90.27528 23.94261,90.27551 23.94264,90.2757 23.94264,90.27585 23.94263,90.2759 23.94293,90.27593 23.94301,90.27596 23.94315,90.2759 23.94327,90.27591 23.94333,90.27607 23.94378,90.27606 23.94385,90.276 23.9439,90.276 23.94401,90.27618 23.94401,90.27614 23.94431,90.27573 23.94427)"
18XGzamBIiqdFDptLDV7XAaC5dLsuxzxJ,18XGzamBIiqdFDptLDV7XAaC5dLsuxzxJ-L28,2025.EIS.000105.kmz,"Directions from 24.275708, 90.386438 to Farseeing Knit Composite Ltd.","Directions from 24.275708, 90.386438 to Farseeing Knit Composite Ltd.",110,90.38649,24.27571,90.40179,24.26465,"LINESTRING(90.38649 24.27571,90.38649 24.27578,90.38649 24.27588,90.38648 24.27619,90.38685 24.27619,90.38738 24.27617,90.38782 24.27616,90.38809 24.27615,90.38867 24.27614,90.38921 24.27614,90.38924 24.27614,90.38941 24.27614,90.38964 24.27612,90.38993 24.27613,90.39041 24.27615,90.39057 24.27615,90.39075 24.27616,90.39117 24.27615,90.39244 24.27618,90.39262 24.27618,90.393 24.27618,90.39334 24.27619,90.39388 24.27619,90.39402 24.27619,90.39398 24.27635,90.39394 24.27652,90.39385 24.27686,90.39369 24.27758,90.39349 24.27834,90.39345 24.2785,90.3934 24.27871,90.39315 24.27969,90.39273 24.28137,90.39256 24.28208,90.3924 24.28277,90.39207 24.28399,90.39186 24.28483,90.39167 24.28559,90.39165 24.28567,90.39163 24.28577,90.39149 24.28629,90.39131 24.28693,90.39126 24.28714,90.39087 24.28865,90.3906 24.28967,90.39058 24.28975,90.39011 24.29161,90.39003 24.2919,90.38983 24.29259,90.38972 24.29298,90.3898 24.29294,90.38987 24.29293,90.39032 24.29286,90.3907 24.2928,90.3908 24.29279,90.3914 24.29262,90.39171 24.29253,90.39185 24.29291,90.39156 24.29303,90.39137 24.29312,90.39083 24.29315,90.3907 24.2928,90.39032 24.29286,90.38987 24.29293,90.3898 24.29294,90.38988 24.29266,90.39003 24.29218,90.39007 24.29203,90.39027 24.29128,90.39066 24.28975,90.3914 24.28695,90.39156 24.28634,90.39159 24.28625,90.39178 24.28553,90.39196 24.28475,90.39212 24.28412,90.39215 24.28402,90.39224 24.28367,90.39237 24.2832,90.39249 24.28273,90.3926 24.28228,90.39273 24.28174,90.39283 24.28138,90.39326 24.2797,90.39354 24.27852,90.39365 24.27812,90.39369 24.27795,90.39379 24.27758,90.39395 24.27689,90.39396 24.27683,90.39403 24.27654,90.39408 24.27632,90.39411 24.27618,90.39433 24.27534,90.39459 24.27439,90.39529 24.27178,90.39534 24.27153,90.39665 24.26649,90.39773 24.26619,90.39775 24.26618,90.39901 24.26578,90.39979 24.2655,90.39996 24.26542,90.40064 24.26514,90.40081 24.26507,90.40104 24.26498,90.40144 24.26484,90.40172 24.26473,90.40186 24.26468,90.40179 24.26465)"
18oTB5RG6FnD1cB_NPL3dQlkhz3kjAnhU,18oTB5RG6FnD1cB_NPL3dQlkhz3kjAnhU-L29,2025.EIS.000119.kmz,"Directions from Orient Allure Lingerie Ltd, Orient Allure Lingerie Ltd, কোনাবাড়ী কলেজ রোড, Konabari to 2876+G2V, Bangladesh","Directions from Orient Allure Lingerie Ltd, Orient Allure Lingerie Ltd, কোনাবাড়ী কলেজ রোড, Konabari to 2876+G2V, Bangladesh",55,90.30987,24.01204,90.30977,24.01387,"LINESTRING(90.30987 24.01204,90.31014 24.01207,90.31013 24.01225,90.31013 24.01251,90.31015 24.01271,90.31018 24.01292,90.31022 24.01303,90.31027 24.013,90.3105 24.01287,90.31075 24.01273,90.31096 24.01261,90.31112 24.01253,90.31125 24.01245,90.31131 24.01242,90.31168 24.01224,90.31172 24.01218,90.31175 24.01216,90.31179 24.01213,90.31187 24.01209,90.31233 24.01194,90.31281 24.01184,90.31305 24.01179,90.31371 24.01171,90.31417 24.01166,90.3142 24.01184,90.31421 24.01193,90.31401 24.01195,90.31338 24.01205,90.31292 24.01212,90.31279 24.01214,90.31266 24.01216,90.3119 24.01235,90.31183 24.01237,90.31181 24.01237,90.31177 24.01237,90.3117 24.01237,90.31142 24.01249,90.31133 24.01253,90.31126 24.01257,90.31117 24.01261,90.31101 24.0127,90.3108 24.01282,90.31055 24.01296,90.31033 24.01309,90.31027 24.01312,90.31018 24.01317,90.31011 24.01322,90.30996 24.01331,90.30991 24.01334,90.30987 24.01337,90.30972 24.01346,90.30975 24.01357,90.30976 24.01363,90.30977 24.0137,90.30977 24.01387)"
1AGH3tHAstVb7E-0Omdp7VGhCh0D0JPrG,1AGH3tHAstVb7E-0Omdp7VGhCh0D0JPrG-L30,2025.EIS.000089.kmz,"Directions from Unimas Sportswear Limited, Bagbari to 23.9295085, 90.2611603","Directions from Unimas Sportswear Limited, Bagbari to 23.9295085, 90.2611603",457,90.31314,23.95641,90.26116,23.92951,"LINESTRING(90.31314 23.95641,90.31312 23.9564,90.3129 23.95633,90.31269 23.95625,90.31234 23.95621,90.31221 23.95619,90.31214 23.95619,90.31202 23.9562,90.31195 23.9562,90.31184 23.95619,90.31147 23.95615,90.31131 23.95613,90.31093 23.95607,90.31081 23.95594,90.31055 23.95552,90.31043 23.95534,90.31029 23.95511,90.31007 23.95471,90.30988 23.95439,90.30981 23.95427,90.30959 23.95392,90.30957 23.95388,90.30918 23.95336,90.30917 23.95334,90.30914 23.9533,90.30888 23.9529,90.30857 23.95241,90.30829 23.95195,90.30824 23.95187,90.30803 23.95151,90.30778 23.95108,90.30754 23.95067,90.30739 23.95046,90.30725 23.95026,90.30694 23.9498,90.30679 23.94961,90.30663 23.94941,90.30658 23.94937,90.30651 23.94932,90.30628 23.94914,90.30616 23.94903,90.30593 23.94883,90.30587 23.94877,90.30546 23.94841,90.30504 23.94802,90.30496 23.94794,90.30469 23.94771,90.30453 23.9475,90.30438 23.94752,90.3043 23.94749,90.30396 23.94733,90.30398 23.94721,90.30393 23.94718,90.30375 23.94709,90.30321 23.94679,90.30272 23.94649,90.30249 23.94636,90.30233 23.94627,90.3021 23.94613,90.30197 23.94606,90.30181 23.94597,90.30171 23.94591,90.30162 23.94585,90.30138 23.94572,90.3009 23.94546,90.30078 23.9454,90.30076 23.94539,90.30049 23.94525,90.30011 23.94505,90.29976 23.9449,90.29947 23.94474,90.29933 23.94468,90.29914 23.94459,90.29903 23.94454,90.2989 23.94447,90.29869 23.94435,90.29861 23.9443,90.29839 23.94411,90.29814 23.94392,90.29807 23.94385,90.29791 23.94372,90.2976 23.94349,90.29741 23.94334,90.29715 23.94313,90.29694 23.94296,90.29674 23.94276,90.29651 23.94255,90.29648 23.94253,90.29627 23.94231,90.29607 23.94215,90.29605 23.94211,90.29504 23.94128,90.29494 23.94119,90.29462 23.94092,90.29424 23.94061,90.29419 23.94056,90.29425 23.94037,90.29423 23.94022,90.29423 23.94018,90.29422 23.94003,90.29422 23.93986,90.29424 23.93982,90.29432 23.93935,90.29439 23.93903,90.2944 23.93899,90.29441 23.93897,90.29442 23.93896,90.29444 23.93895,90.29445 23.93895,90.29451 23.93896,90.29469 23.93899,90.29517 23.93908,90.29527 23.9391,90.29566 23.93918,90.29568 23.93898,90.29568 23.93893,90.29568 23.93892,90.29569 23.9386,90.2957 23.93858,90.2957 23.93854,90.2957 23.93852,90.29572 23.93828,90.29573 23.93803,90.29574 23.93801,90.29575 23.93786,90.29575 23.93785,90.29575 23.93783,90.29576 23.93768,90.29576 23.93767,90.29576 23.93766,90.29577 23.9375,90.29577 23.93748,90.29578 23.93732,90.2958 23.93713,90.29581 23.93697,90.29518 23.93696,90.29505 23.93696,90.2948 23.93696,90.29439 23.93693,90.294 23.93692,90.29391 23.93691,90.29308 23.93689,90.29243 23.93687,90.29183 23.93685,90.29179 23.93685,90.29151 23.93685,90.2915 23.93685,90.29104 23.93685,90.29068 23.93686,90.2905 23.93688,90.29034 23.9369,90.29028 23.9369,90.29022 23.93691,90.28948 23.93702,90.28923 23.93706,90.28897 23.9371,90.28875 23.93712,90.28852 23.93714,90.28805 23.93717,90.28762 23.93717,90.28726 23.93718,90.2867 23.93722,90.28653 23.93725,90.28587 23.93735,90.28582 23.93735,90.28544 23.93738,90.28516 23.93738,90.28496 23.93739,90.28468 23.93735,90.28455 23.93733,90.28418 23.93728,90.28386 23.93722,90.28336 23.93712,90.28332 23.93712,90.28284 23.93702,90.28236 23.93692,90.28219 23.93688,90.28178 23.9368,90.2816 23.93677,90.28159 23.93676,90.28111 23.93668,90.28095 23.93664,90.28058 23.93657,90.28042 23.93655,90.28033 23.93654,90.28015 23.93653,90.2798 23.9365,90.27943 23.93647,90.279 23.93644,90.27874 23.9364,90.27872 23.9364,90.27858 23.93638,90.27848 23.93635,90.27832 23.93631,90.27808 23.93625,90.27794 23.93622,90.27775 23.93619,90.27754 23.93619,90.27743 23.93619,90.27742 23.93619,90.27725 23.9362,90.27704 23.93621,90.27691 23.93622,90.2762 23.93627,90.27563 23.93628,90.27548 23.93629,90.27535 23.93629,90.27491 23.93631,90.27457 23.93633,90.27442 23.93634,90.27428 23.93638,90.27418 23.93641,90.27379 23.9365,90.27368 23.93652,90.2735 23.93657,90.27324 23.93667,90.27294 23.93677,90.27269 23.93688,90.27248 23.93696,90.27232 23.93703,90.27113 23.9375,90.27087 23.93762,90.27052 23.93776,90.26976 23.93807,90.26952 23.93755,90.26922 23.93687,90.26917 23.93677,90.26894 23.93627,90.26876 23.93589,90.2687 23.93578,90.2687 23.93576,90.26857 23.93549,90.2685 23.93534,90.26833 23.93498,90.26831 23.93495,90.26802 23.93432,90.26779 23.93383,90.2675 23.93322,90.26745 23.93311,90.267 23.93211,90.26671 23.9315,90.26668 23.93143,90.26662 23.93131,90.26651 23.93109,90.26645 23.93093,90.26635 23.93069,90.26626 23.93049,90.26623 23.93043,90.26595 23.92986,90.26576 23.92944,90.26556 23.92901,90.26497 23.92771,90.26481 23.92734,90.26457 23.92683,90.26451 23.9267,90.26442 23.9265,90.26429 23.92622,90.26415 23.92592,90.26406 23.92571,90.26389 23.92532,90.26386 23.92526,90.26385 23.92523,90.26379 23.92511,90.26375 23.92502,90.26375 23.92501,90.26372 23.92495,90.26372 23.92494,90.2637 23.92492,90.26362 23.92475,90.26357 23.92465,90.26355 23.92459,90.26352 23.92452,90.26347 23.9244,90.26345 23.92436,90.26345 23.92435,90.26325 23.92391,90.26324 23.9239,90.26302 23.92341,90.26274 23.92277,90.2623 23.92178,90.26214 23.92143,90.26159 23.9202,90.26154 23.92009,90.26152 23.92005,90.26146 23.91992,90.26138 23.91973,90.26119 23.91932,90.26116 23.91926,90.26109 23.91909,90.26086 23.91859,90.26059 23.91799,90.26031 23.91737,90.26016 23.91703,90.26008 23.91687,90.26004 23.91676,90.25986 23.91637,90.25979 23.9162,90.25962 23.91583,90.25956 23.9157,90.25949 23.91554,90.2594 23.91535,90.25933 23.91519,90.25926 23.91505,90.25919 23.91492,90.25921 23.91486,90.25921 23.91484,90.25921 23.91482,90.25921 23.91481,90.25921 23.91479,90.2592 23.91479,90.25905 23.91446,90.25896 23.91425,90.2589 23.91411,90.25881 23.91389,90.25879 23.9138,90.25878 23.91374,90.25877 23.91368,90.25877 23.91359,90.25878 23.91352,90.2588 23.91345,90.25883 23.91338,90.25885 23.91335,90.25891 23.91326,90.25897 23.91319,90.25916 23.91302,90.25919 23.91298,90.25923 23.91289,90.25957 23.91267,90.25971 23.91258,90.25993 23.91244,90.26043 23.91211,90.26075 23.9119,90.26086 23.91183,90.26108 23.91167,90.2611 23.91165,90.26129 23.9115,90.26165 23.9112,90.26185 23.91103,90.26187 23.91104,90.26188 23.91105,90.26189 23.91105,90.2619 23.91104,90.26192 23.91104,90.26195 23.91102,90.26201 23.91097,90.26236 23.9107,90.26254 23.91055,90.26275 23.91037,90.26277 23.91036,90.26305 23.91011,90.26324 23.90997,90.26337 23.90987,90.26329 23.90981,90.26323 23.90976,90.26264 23.91027,90.2626 23.91029,90.26253 23.91036,90.26235 23.91052,90.26222 23.91063,90.26196 23.91084,90.26174 23.91103,90.26141 23.9113,90.26119 23.91148,90.2611 23.91155,90.26097 23.91166,90.26069 23.91185,90.26048 23.912,90.26029 23.91212,90.25989 23.91238,90.25968 23.91252,90.25952 23.91262,90.25933 23.91274,90.25911 23.91288,90.25879 23.9131,90.25844 23.91332,90.25837 23.91337,90.2584 23.91341,90.25858 23.91379,90.25877 23.91422,90.25879 23.91426,90.25887 23.91444,90.25912 23.91501,90.25916 23.91508,90.25923 23.91524,90.25929 23.91537,90.2593 23.9154,90.25938 23.91557,90.25946 23.91573,90.25949 23.91581,90.25951 23.91584,90.25965 23.91615,90.25976 23.9164,90.25996 23.91687,90.26008 23.91715,90.26054 23.91819,90.26073 23.91861,90.26096 23.9191,90.26122 23.91969,90.2617 23.92073,90.262 23.92139,90.2621 23.92162,90.2621 23.92163,90.26264 23.92281,90.26335 23.9244,90.26338 23.92446,90.26346 23.92463,90.26353 23.92479,90.26355 23.92483,90.26365 23.92504,90.26365 23.92505,90.26368 23.92512,90.26372 23.9252,90.26373 23.92522,90.2639 23.9256,90.26396 23.92572,90.26402 23.92587,90.26403 23.92588,90.2641 23.92604,90.2642 23.92627,90.2644 23.9267,90.26497 23.92792,90.26501 23.92802,90.26536 23.92878,90.26567 23.92949,90.26521 23.92952,90.26495 23.92953,90.26487 23.92954,90.26472 23.92955,90.26439 23.92959,90.26424 23.9296,90.26389 23.92964,90.26369 23.92967,90.26356 23.92966,90.26344 23.92965,90.2634 23.92964,90.26335 23.92964,90.26332 23.92964,90.26328 23.92963,90.26324 23.92961,90.26318 23.92958,90.26314 23.92956,90.26308 23.92954,90.26299 23.92953,90.26276 23.92952,90.26273 23.92952,90.26255 23.92951,90.26238 23.9295,90.26217 23.9295,90.26213 23.92948,90.26198 23.92946,90.26189 23.92945,90.26181 23.92944,90.26172 23.92944,90.2616 23.92944,90.26147 23.92947,90.26131 23.92949,90.26116 23.92951)"
1B9lq5R2tqgB44KlbnBXKobE9vq2HScQX,1B9lq5R2tqgB44KlbnBXKobE9vq2HScQX-L31,2026.EIS.000129.kmz,"Directions from V4CW+6RQ Rouha Jame Mosque, Rouha Bazaar Road, Rouha, Bangladesh to snowtex sportswear ltd","Directions from V4CW+6RQ Rouha Jame Mosque, Rouha Bazaar Road, Rouha, Bangladesh to snowtex sportswear ltd",575,90.14696,23.87052,90.20727,23.91024,"LINESTRING(90.14696 23.87052,90.14698 23.87071,90.14698 23.87083,90.14696 23.87108,90.14695 23.87113,90.14712 23.87182,90.14718 23.87201,90.14731 23.87245,90.14735 23.87274,90.14734 23.87304,90.14733 23.87325,90.14733 23.87327,90.14731 23.87347,90.14724 23.87356,90.14716 23.87365,90.14705 23.87377,90.14686 23.87401,90.14715 23.87412,90.14723 23.87413,90.1474 23.87415,90.14764 23.8742,90.1477 23.87424,90.14774 23.87443,90.14776 23.87453,90.14779 23.87459,90.14799 23.8747,90.14804 23.87472,90.14807 23.87473,90.14816 23.87476,90.1483 23.87482,90.14843 23.87485,90.14866 23.87486,90.14879 23.87491,90.14881 23.8752,90.14878 23.87538,90.1487 23.87561,90.14831 23.87628,90.14792 23.87692,90.14788 23.87706,90.14789 23.87722,90.1479 23.87753,90.1479 23.87754,90.14789 23.87779,90.14787 23.87817,90.14777 23.87899,90.14749 23.88002,90.14879 23.88041,90.14922 23.88054,90.14939 23.88059,90.14972 23.88071,90.14977 23.88073,90.15014 23.88086,90.1505 23.88098,90.15069 23.88105,90.15083 23.8811,90.15214 23.88155,90.15249 23.88167,90.1529 23.88181,90.15307 23.88187,90.15339 23.88201,90.15346 23.88204,90.15371 23.88219,90.15396 23.88234,90.15403 23.88238,90.15423 23.88253,90.1544 23.88268,90.15446 23.88283,90.15448 23.88304,90.15449 23.88329,90.15443 23.88386,90.15441 23.88396,90.15435 23.88432,90.15428 23.88467,90.15426 23.88501,90.15424 23.88517,90.15424 23.88521,90.15423 23.88528,90.15422 23.88534,90.15421 23.8854,90.1542 23.88548,90.1542 23.88552,90.15417 23.88556,90.15415 23.8856,90.15415 23.88562,90.15415 23.88563,90.15415 23.88568,90.15412 23.88579,90.15404 23.8859,90.1539 23.88604,90.15376 23.88619,90.15374 23.88622,90.15361 23.88633,90.15358 23.88636,90.15348 23.88648,90.15341 23.8866,90.15333 23.8868,90.15325 23.88701,90.15323 23.88709,90.15318 23.88725,90.15313 23.88751,90.15312 23.88757,90.15297 23.8879,90.15292 23.888,90.1528 23.88824,90.15272 23.88839,90.15262 23.88853,90.1525 23.88862,90.1524 23.88868,90.15232 23.88873,90.15231 23.88874,90.15228 23.88876,90.15226 23.88881,90.15225 23.88885,90.15222 23.88895,90.15217 23.88912,90.1521 23.8893,90.15202 23.88945,90.15195 23.88956,90.15187 23.88967,90.15185 23.8897,90.15173 23.88982,90.1516 23.88996,90.15149 23.89008,90.15137 23.89025,90.15123 23.89044,90.15103 23.89078,90.15102 23.89079,90.15097 23.8909,90.15094 23.89096,90.15094 23.89103,90.15094 23.8911,90.15095 23.89117,90.15096 23.89124,90.15097 23.89129,90.15098 23.89134,90.15101 23.89143,90.15102 23.8915,90.15103 23.89156,90.15104 23.89172,90.15155 23.89204,90.1518 23.89228,90.15202 23.89252,90.15209 23.89258,90.15232 23.89291,90.15238 23.8931,90.15239 23.8933,90.15241 23.89347,90.15262 23.89376,90.15294 23.89411,90.15298 23.89416,90.15324 23.89442,90.15337 23.89456,90.15351 23.8947,90.15384 23.89517,90.15405 23.89545,90.15422 23.89579,90.15436 23.89603,90.15449 23.89624,90.1545 23.89625,90.15473 23.89653,90.15481 23.89662,90.155 23.89683,90.15517 23.89704,90.15533 23.89722,90.15538 23.89732,90.15549 23.89756,90.1557 23.89808,90.15576 23.89825,90.15583 23.89836,90.15599 23.89859,90.15619 23.8989,90.15631 23.89906,90.15643 23.89924,90.15647 23.89932,90.15657 23.89947,90.15667 23.89966,90.15675 23.89987,90.15687 23.90011,90.15698 23.90041,90.15701 23.90046,90.15702 23.90047,90.15708 23.90054,90.15711 23.9006,90.15716 23.90069,90.15716 23.9008,90.15717 23.90092,90.15718 23.90108,90.15717 23.90122,90.15716 23.90132,90.15713 23.90146,90.15711 23.90163,90.1571 23.90177,90.15713 23.90192,90.15718 23.90203,90.15722 23.90212,90.15729 23.90218,90.15733 23.90223,90.15742 23.9023,90.15763 23.90245,90.15772 23.90253,90.15787 23.90266,90.158 23.90281,90.15811 23.90295,90.15823 23.90315,90.15828 23.90319,90.15828 23.9032,90.15833 23.90322,90.15837 23.90322,90.15842 23.90322,90.15849 23.90323,90.15853 23.90324,90.15859 23.90327,90.15866 23.90337,90.15871 23.90346,90.15885 23.90378,90.15895 23.90395,90.15907 23.9041,90.15921 23.90424,90.15923 23.90426,90.15938 23.90446,90.15944 23.90458,90.15947 23.9047,90.15949 23.90483,90.1595 23.90488,90.15973 23.90537,90.15985 23.90558,90.16019 23.90623,90.16014 23.90624,90.15988 23.9063,90.15966 23.90635,90.15933 23.90641,90.15929 23.90642,90.15928 23.90643,90.15927 23.90643,90.15927 23.90644,90.15926 23.90646,90.15925 23.90647,90.15924 23.90649,90.15923 23.90655,90.15923 23.90657,90.15924 23.90669,90.15925 23.9068,90.15924 23.90684,90.15923 23.90686,90.15922 23.90687,90.15921 23.90688,90.15917 23.90689,90.15916 23.9069,90.15915 23.90691,90.15911 23.90696,90.1591 23.90698,90.15908 23.90705,90.15908 23.90708,90.15908 23.90714,90.15911 23.90722,90.15914 23.90732,90.15941 23.90772,90.15949 23.90783,90.15963 23.90806,90.15964 23.90809,90.1597 23.90814,90.1597 23.90817,90.1597 23.90818,90.15969 23.90819,90.15968 23.90821,90.15953 23.90832,90.15952 23.90833,90.1595 23.90836,90.1595 23.90838,90.1595 23.90839,90.1595 23.90841,90.15952 23.90847,90.15958 23.90859,90.15983 23.90914,90.15989 23.90924,90.16 23.90956,90.16 23.90957,90.16 23.9096,90.15999 23.90962,90.15998 23.90964,90.15997 23.90965,90.15996 23.90966,90.15995 23.90967,90.15987 23.9097,90.15967 23.90971,90.15944 23.90974,90.15941 23.90975,90.15939 23.90976,90.15937 23.90976,90.15936 23.90977,90.15935 23.90978,90.15935 23.9098,90.15935 23.90983,90.15936 23.90989,90.15948 23.91049,90.15952 23.91067,90.15952 23.91068,90.15954 23.9108,90.15958 23.91099,90.15959 23.9111,90.1596 23.9112,90.15959 23.91135,90.15957 23.9115,90.15956 23.91164,90.15954 23.91174,90.1595 23.912,90.15948 23.91214,90.15945 23.91226,90.15942 23.91246,90.15937 23.91268,90.15934 23.91278,90.15932 23.91293,90.15931 23.91302,90.15931 23.91314,90.15935 23.91337,90.15944 23.91365,90.15948 23.91374,90.15951 23.91381,90.15972 23.91415,90.1599 23.91445,90.15999 23.91459,90.16001 23.91462,90.16039 23.91509,90.16063 23.91541,90.16066 23.91544,90.16073 23.91553,90.16074 23.91555,90.1608 23.91565,90.16085 23.91573,90.16099 23.91598,90.16104 23.91607,90.16109 23.91617,90.1612 23.91643,90.16144 23.91638,90.16173 23.91631,90.16197 23.91626,90.16235 23.91619,90.16268 23.91614,90.16295 23.9161,90.16298 23.9161,90.16314 23.91608,90.16365 23.91602,90.16385 23.916,90.16433 23.91594,90.16446 23.91592,90.16458 23.91591,90.16544 23.91581,90.16573 23.91578,90.16605 23.91575,90.16632 23.91572,90.16651 23.91569,90.16662 23.91567,90.16686 23.91562,90.16714 23.91556,90.16719 23.91555,90.16746 23.91548,90.16757 23.91545,90.16786 23.91538,90.16815 23.91532,90.16831 23.91528,90.16862 23.91522,90.16927 23.91513,90.16981 23.91505,90.17045 23.91495,90.17086 23.91489,90.17094 23.91488,90.1713 23.91483,90.17155 23.91479,90.17158 23.91478,90.17194 23.91472,90.1724 23.91463,90.17276 23.91456,90.1729 23.91453,90.17309 23.91449,90.17328 23.91445,90.17333 23.91444,90.17365 23.91437,90.17385 23.91433,90.17386 23.91433,90.17402 23.91429,90.17405 23.91428,90.17428 23.91422,90.17485 23.91407,90.17506 23.91401,90.1753 23.91392,90.17555 23.91383,90.17576 23.91376,90.176 23.91367,90.17618 23.91361,90.17656 23.91346,90.17664 23.91342,90.17682 23.91335,90.17704 23.91326,90.1773 23.91315,90.17735 23.91313,90.17751 23.91307,90.17765 23.91303,90.17775 23.913,90.17791 23.91297,90.17842 23.91287,90.17941 23.91268,90.17967 23.91263,90.1798 23.91263,90.18012 23.91259,90.1808 23.91246,90.18127 23.91239,90.18159 23.91236,90.18174 23.9123,90.18263 23.9122,90.18353 23.91205,90.18392 23.91199,90.18469 23.91185,90.18508 23.91178,90.18527 23.91174,90.18584 23.91164,90.18596 23.91161,90.18658 23.91149,90.18686 23.91144,90.18741 23.91133,90.18764 23.91128,90.18759 23.91136,90.18748 23.9114,90.18697 23.9115,90.18599 23.91169,90.18554 23.91177,90.18527 23.91182,90.18467 23.91193,90.184 23.91205,90.18372 23.9121,90.18341 23.91215,90.18311 23.9122,90.18281 23.91225,90.1828 23.91225,90.18263 23.9122,90.18174 23.9123,90.18157 23.91229,90.1812 23.91233,90.18108 23.91234,90.18104 23.91235,90.18102 23.91219,90.181 23.91214,90.181 23.91208,90.18103 23.91187,90.181 23.91208,90.181 23.91214,90.18102 23.91219,90.18104 23.91235,90.18083 23.91238,90.18038 23.91247,90.18007 23.91253,90.17978 23.91258,90.17967 23.91263,90.17941 23.91268,90.17842 23.91287,90.17791 23.91297,90.17775 23.913,90.17765 23.91303,90.17751 23.91307,90.17735 23.91313,90.1773 23.91315,90.17704 23.91326,90.17682 23.91335,90.17664 23.91342,90.17656 23.91346,90.17664 23.91342,90.17682 23.91335,90.17704 23.91326,90.1773 23.91315,90.17735 23.91313,90.17751 23.91307,90.17765 23.91303,90.17775 23.913,90.17791 23.91297,90.17842 23.91287,90.17941 23.91268,90.17967 23.91263,90.1798 23.91263,90.18012 23.91259,90.1808 23.91246,90.18127 23.91239,90.18159 23.91236,90.18174 23.9123,90.18263 23.9122,90.18353 23.91205,90.18392 23.91199,90.18469 23.91185,90.18508 23.91178,90.18527 23.91174,90.18584 23.91164,90.18596 23.91161,90.18658 23.91149,90.18686 23.91144,90.18741 23.91133,90.18764 23.91128,90.18778 23.91125,90.18882 23.91105,90.18898 23.91102,90.18997 23.9108,90.19071 23.91067,90.19093 23.91063,90.19148 23.91051,90.19173 23.91046,90.19186 23.91043,90.19192 23.91042,90.19206 23.91039,90.1925 23.91031,90.19299 23.91021,90.19308 23.91019,90.19367 23.91007,90.19376 23.91005,90.19434 23.90994,90.19497 23.90981,90.19537 23.90973,90.19568 23.90966,90.19606 23.90958,90.19617 23.90956,90.19626 23.90955,90.19645 23.90951,90.19648 23.9095,90.19702 23.9094,90.19755 23.90929,90.19782 23.90923,90.19798 23.9092,90.19828 23.90912,90.19856 23.90903,90.19888 23.90891,90.19906 23.90884,90.1995 23.90866,90.19977 23.90854,90.20009 23.90841,90.20053 23.90823,90.2014 23.90791,90.20146 23.90789,90.20159 23.90784,90.202 23.9077,90.20233 23.9076,90.20268 23.90756,90.20281 23.90753,90.20297 23.9075,90.20317 23.90748,90.2033 23.90747,90.20346 23.90746,90.20378 23.90746,90.20435 23.90746,90.20465 23.90744,90.20508 23.90745,90.20528 23.90747,90.2054 23.90747,90.2054 23.90751,90.20542 23.90754,90.20544 23.90757,90.20546 23.90758,90.20549 23.90759,90.20551 23.90759,90.20588 23.90761,90.20607 23.90762,90.2062 23.90762,90.2064 23.90764,90.20663 23.90767,90.2067 23.90768,90.20677 23.90769,90.20705 23.90773,90.20728 23.90777,90.20736 23.90779,90.20761 23.90785,90.20767 23.90786,90.20765 23.90796,90.20764 23.90818,90.20758 23.90832,90.20728 23.90883,90.20709 23.90913,90.207 23.90936,90.20684 23.90975,90.20673 23.91002,90.20727 23.91024)"
1BdGBxpedd2NKnjSU0YInSO_T51wJ9Cn8,1BdGBxpedd2NKnjSU0YInSO_T51wJ9Cn8-L32,2025.EIS.000079.kmz,"Directions from Wisdom Attires Limited, Narayanganj to East lalpur, Narayanganj, Bangladesh","Directions from Wisdom Attires Limited, Narayanganj to East lalpur, Narayanganj, Bangladesh",88,90.47783,23.64533,90.48364,23.63975,"LINESTRING(90.47783 23.64533,90.4783 23.64532,90.47844 23.64531,90.47843 23.6453,90.47843 23.64528,90.47843 23.64524,90.47842 23.645,90.47843 23.6445,90.47843 23.64439,90.47843 23.64438,90.47843 23.64437,90.47843 23.64436,90.47842 23.64436,90.47842 23.64435,90.47841 23.64435,90.47839 23.64435,90.47835 23.64434,90.47799 23.64431,90.47796 23.64431,90.4778 23.64429,90.47744 23.64425,90.47716 23.64421,90.47705 23.6442,90.47666 23.64418,90.4764 23.64416,90.47645 23.64343,90.47648 23.64308,90.47648 23.64303,90.47649 23.64298,90.4765 23.64292,90.47653 23.64287,90.47657 23.64281,90.4766 23.64275,90.47661 23.64268,90.47661 23.64258,90.47659 23.6424,90.47657 23.64227,90.47655 23.64215,90.47694 23.64211,90.47713 23.6421,90.47731 23.64209,90.47752 23.64209,90.47778 23.6421,90.47792 23.64212,90.47812 23.64213,90.4783 23.64215,90.47872 23.6422,90.47899 23.64222,90.47901 23.64222,90.47918 23.64224,90.47934 23.64225,90.47943 23.64226,90.47948 23.64227,90.47962 23.64228,90.47979 23.6423,90.48004 23.64232,90.48026 23.64234,90.48041 23.64234,90.48059 23.64234,90.48062 23.64234,90.48077 23.64234,90.48087 23.64233,90.48098 23.64232,90.48115 23.6423,90.48148 23.64227,90.48154 23.64227,90.48162 23.6421,90.48169 23.64194,90.48176 23.6418,90.48177 23.64176,90.48181 23.64159,90.48184 23.64149,90.48186 23.64142,90.48191 23.64124,90.48196 23.64107,90.48199 23.64094,90.482 23.64089,90.48205 23.64072,90.48206 23.64064,90.48215 23.64035,90.48217 23.64024,90.48225 23.64001,90.48274 23.64018,90.48292 23.64024,90.48293 23.64024,90.48309 23.64034,90.48312 23.64035,90.48364 23.63975)"
1CVDauI6Mj34t93EY8CfVcLCt_a1yKEHI,1CVDauI6Mj34t93EY8CfVcLCt_a1yKEHI-L33,2025.EIS.000113.kmz,"Directions from bandia, Bhaluka 2240 to Green textile limited bhaluka","Directions from bandia, Bhaluka 2240 to Green textile limited bhaluka",607,90.38662,24.40793,90.33838,24.44534,"LINESTRING(90.38662 24.40793,90.38667 24.40812,90.38668 24.40816,90.38673 24.40845,90.38675 24.40859,90.38675 24.4089,90.38675 24.4091,90.38673 24.40932,90.38672 24.40953,90.38671 24.40979,90.38668 24.41008,90.38667 24.41028,90.38666 24.41042,90.38666 24.41043,90.38605 24.41044,90.38515 24.41047,90.38513 24.41047,90.38512 24.41047,90.38511 24.41048,90.3851 24.41049,90.3851 24.4105,90.3851 24.41051,90.38512 24.41062,90.38513 24.41066,90.38513 24.41068,90.38512 24.41069,90.38512 24.4107,90.38512 24.41071,90.38511 24.41071,90.3851 24.41072,90.38508 24.41072,90.38506 24.41073,90.38505 24.41073,90.38502 24.41073,90.38494 24.41073,90.38468 24.41075,90.38447 24.41081,90.38429 24.41089,90.38412 24.41098,90.3841 24.41099,90.38396 24.41106,90.38392 24.41107,90.38385 24.4111,90.38373 24.4111,90.38317 24.41113,90.38316 24.41113,90.38309 24.41063,90.38304 24.41058,90.38296 24.41053,90.38287 24.41053,90.38278 24.41052,90.38271 24.41055,90.38264 24.41058,90.38257 24.4106,90.38252 24.41059,90.38249 24.41053,90.38238 24.41052,90.38218 24.41057,90.38191 24.41057,90.38177 24.41062,90.38173 24.41064,90.38156 24.41073,90.38141 24.41081,90.38116 24.4109,90.38107 24.41097,90.38086 24.41089,90.38058 24.41039,90.38057 24.41037,90.38054 24.41024,90.38051 24.41006,90.38049 24.40998,90.38059 24.40959,90.38073 24.40939,90.38075 24.40936,90.38079 24.40922,90.38084 24.40905,90.38088 24.40892,90.38091 24.40888,90.38091 24.40886,90.38116 24.40841,90.38118 24.40821,90.38119 24.40808,90.3812 24.40803,90.38125 24.40749,90.38125 24.40748,90.38126 24.40744,90.38127 24.40714,90.38128 24.40676,90.38129 24.40636,90.3813 24.40604,90.38098 24.40612,90.38054 24.40624,90.37966 24.40648,90.37941 24.40655,90.37909 24.40664,90.3789 24.40669,90.37849 24.40675,90.37812 24.40675,90.37805 24.40675,90.37792 24.40675,90.37772 24.40675,90.37751 24.40674,90.37725 24.40679,90.37709 24.40697,90.37693 24.40716,90.37674 24.40719,90.37558 24.40741,90.37552 24.40742,90.37547 24.40743,90.37539 24.40745,90.37521 24.40751,90.37471 24.40767,90.37428 24.40785,90.37334 24.4082,90.37319 24.40828,90.37314 24.4083,90.3731 24.40833,90.37303 24.40838,90.373 24.4084,90.3729 24.40859,90.3726 24.40896,90.37241 24.40919,90.37233 24.40924,90.37224 24.40929,90.37208 24.40939,90.37174 24.40956,90.37168 24.40959,90.37126 24.40976,90.37125 24.40981,90.37126 24.40986,90.37123 24.40994,90.37103 24.41001,90.37088 24.41005,90.37055 24.41015,90.36967 24.41026,90.36929 24.41026,90.36893 24.41025,90.3689 24.41025,90.36878 24.41025,90.3687 24.41025,90.36842 24.41024,90.36814 24.41025,90.36797 24.41025,90.36791 24.41024,90.36784 24.41024,90.36761 24.4102,90.3676 24.4102,90.36751 24.41018,90.36746 24.41018,90.36734 24.41018,90.36719 24.41018,90.3671 24.41019,90.36703 24.41019,90.367 24.41019,90.36696 24.41018,90.3669 24.41018,90.36685 24.41017,90.3668 24.41016,90.36659 24.4101,90.36645 24.41005,90.36626 24.40999,90.36616 24.40995,90.36608 24.40992,90.366 24.4099,90.36589 24.40987,90.36585 24.40986,90.3657 24.40983,90.36569 24.40983,90.36568 24.40983,90.36545 24.40982,90.36515 24.40983,90.36491 24.40984,90.3649 24.40984,90.36471 24.40986,90.36457 24.40987,90.36451 24.40988,90.36416 24.40992,90.36388 24.40997,90.3637 24.41003,90.36355 24.41011,90.3634 24.41019,90.36338 24.4102,90.36318 24.41034,90.36267 24.4107,90.36247 24.41086,90.36247 24.41087,90.36235 24.41097,90.36233 24.41099,90.36207 24.41122,90.36176 24.41145,90.36141 24.41163,90.3613 24.41167,90.3612 24.4117,90.36117 24.41177,90.36112 24.41187,90.36107 24.41191,90.36103 24.41194,90.36098 24.41197,90.36091 24.412,90.36084 24.41204,90.36078 24.41209,90.36078 24.4121,90.36073 24.41216,90.36063 24.41228,90.36058 24.41236,90.36055 24.41242,90.36045 24.41256,90.36042 24.41263,90.36038 24.41267,90.36035 24.41271,90.36031 24.41275,90.36027 24.4128,90.36019 24.41288,90.35992 24.41304,90.35979 24.41316,90.35959 24.41333,90.35943 24.41348,90.35934 24.41358,90.35928 24.41368,90.35924 24.41375,90.35908 24.41385,90.35898 24.41389,90.35886 24.41392,90.35877 24.41394,90.3585 24.41402,90.35841 24.41403,90.35804 24.41408,90.35771 24.41414,90.35763 24.41415,90.35752 24.41415,90.35695 24.41418,90.35665 24.41432,90.35664 24.41433,90.3566 24.41434,90.35619 24.41443,90.35606 24.41443,90.35588 24.41444,90.35587 24.41444,90.3558 24.41444,90.35536 24.41449,90.35489 24.41453,90.35488 24.41454,90.35469 24.41456,90.35429 24.41458,90.35409 24.41459,90.35384 24.41456,90.35373 24.41451,90.35372 24.41451,90.35353 24.41448,90.35298 24.41439,90.35282 24.41438,90.3527 24.41437,90.35253 24.41438,90.35215 24.41453,90.35184 24.41468,90.35165 24.41473,90.35155 24.41477,90.35128 24.41486,90.35069 24.41516,90.35032 24.41531,90.35027 24.41533,90.34986 24.41552,90.34959 24.41569,90.34949 24.41575,90.34905 24.41587,90.34884 24.41583,90.34886 24.416,90.34882 24.41632,90.34881 24.41636,90.34877 24.41657,90.34873 24.41676,90.34865 24.41685,90.34839 24.41689,90.34824 24.41689,90.34804 24.41688,90.34779 24.41687,90.34745 24.41685,90.34651 24.4168,90.34589 24.41668,90.34569 24.41664,90.3454 24.41658,90.3452 24.41652,90.34473 24.41646,90.34453 24.41643,90.34414 24.41638,90.34412 24.41638,90.34355 24.41644,90.34336 24.41646,90.34242 24.41656,90.3424 24.41656,90.34226 24.41656,90.34158 24.41657,90.34147 24.41658,90.34122 24.41658,90.3406 24.41664,90.34049 24.41665,90.3403 24.41667,90.3402 24.41668,90.34013 24.41668,90.3401 24.41667,90.34008 24.41666,90.34002 24.41664,90.33998 24.41662,90.3398 24.41638,90.3395 24.41624,90.33928 24.41614,90.3392 24.41612,90.33914 24.41612,90.33895 24.41618,90.33893 24.41618,90.33886 24.41621,90.33876 24.41624,90.33858 24.41631,90.33852 24.41633,90.33805 24.41648,90.33784 24.41656,90.33775 24.41659,90.33765 24.41663,90.33764 24.41663,90.33748 24.41671,90.33712 24.41687,90.33701 24.41692,90.33694 24.41694,90.33687 24.41698,90.33659 24.4171,90.33605 24.41727,90.33589 24.4173,90.33584 24.41731,90.33578 24.41737,90.33572 24.41744,90.33567 24.41749,90.33565 24.41754,90.33568 24.4176,90.33578 24.41771,90.33582 24.41779,90.33586 24.41787,90.33586 24.418,90.33589 24.41815,90.33596 24.41835,90.33599 24.4184,90.33604 24.41849,90.3361 24.41855,90.33613 24.41859,90.3362 24.41865,90.33623 24.41868,90.3363 24.41874,90.33636 24.41882,90.33648 24.41898,90.33682 24.4194,90.33697 24.41952,90.33686 24.41963,90.33681 24.41967,90.33679 24.41968,90.33671 24.41972,90.33641 24.41981,90.33606 24.41989,90.33598 24.41991,90.33597 24.41991,90.33596 24.41991,90.33579 24.41995,90.33544 24.42011,90.33511 24.42019,90.33504 24.42019,90.33487 24.4202,90.33484 24.42021,90.33475 24.42023,90.33465 24.42025,90.33444 24.4203,90.33427 24.42034,90.33396 24.42042,90.33351 24.42054,90.33351 24.42055,90.33342 24.42057,90.33338 24.42058,90.33332 24.4206,90.33266 24.42079,90.33257 24.42082,90.33256 24.42082,90.33255 24.42082,90.33245 24.42086,90.33239 24.42092,90.33236 24.42098,90.33233 24.42104,90.33231 24.42107,90.33229 24.42113,90.33226 24.42124,90.33226 24.42125,90.33221 24.42139,90.3322 24.42141,90.33218 24.4215,90.33218 24.42151,90.33215 24.42158,90.33214 24.4216,90.33211 24.42168,90.33208 24.42175,90.33207 24.42175,90.33205 24.4218,90.33196 24.4219,90.33186 24.42201,90.33165 24.42209,90.33164 24.4221,90.33137 24.42218,90.33127 24.42221,90.33118 24.42223,90.33109 24.42227,90.33064 24.42245,90.33055 24.42249,90.33046 24.42253,90.33037 24.42257,90.33027 24.42262,90.33008 24.42271,90.32998 24.42282,90.32991 24.42291,90.32976 24.42304,90.32962 24.42314,90.32955 24.42319,90.32952 24.4232,90.32947 24.42326,90.32942 24.42332,90.32928 24.42348,90.32912 24.42365,90.32878 24.424,90.32877 24.424,90.32869 24.42406,90.32862 24.42411,90.32833 24.42433,90.32809 24.42446,90.32786 24.42456,90.32779 24.4246,90.3277 24.42466,90.32765 24.42469,90.32763 24.4247,90.32756 24.42474,90.32749 24.42482,90.32737 24.42496,90.32734 24.425,90.32727 24.42512,90.32718 24.42528,90.32702 24.4255,90.32686 24.42573,90.32672 24.42586,90.32663 24.42594,90.32657 24.42598,90.32648 24.42604,90.32635 24.42613,90.32627 24.42621,90.32621 24.42625,90.3261 24.42646,90.32597 24.42661,90.32575 24.42673,90.3257 24.42675,90.32542 24.42686,90.32528 24.42688,90.32523 24.42688,90.32519 24.42689,90.32502 24.42691,90.3243 24.42699,90.32431 24.42704,90.32431 24.42708,90.32431 24.42733,90.32429 24.42753,90.32424 24.42775,90.32423 24.4278,90.32422 24.42783,90.32423 24.42793,90.32423 24.42794,90.32431 24.42815,90.32445 24.4284,90.32452 24.42859,90.32454 24.42864,90.32459 24.42876,90.32468 24.42892,90.32474 24.42903,90.32478 24.42908,90.32494 24.42925,90.32504 24.42935,90.32508 24.42938,90.32517 24.42947,90.32526 24.42962,90.32537 24.42991,90.32542 24.43004,90.32552 24.43032,90.32553 24.43036,90.3256 24.43086,90.32561 24.43103,90.32562 24.43108,90.32563 24.43121,90.32563 24.43132,90.32564 24.43139,90.32565 24.43199,90.32566 24.43222,90.32566 24.43233,90.32566 24.43234,90.32567 24.43255,90.32568 24.43272,90.32577 24.43299,90.32585 24.43321,90.3259 24.43334,90.32608 24.43384,90.32617 24.43406,90.32624 24.43423,90.3264 24.43461,90.3266 24.43506,90.32667 24.43523,90.32668 24.43525,90.32675 24.4354,90.32679 24.43557,90.32683 24.43575,90.32684 24.43575,90.32685 24.43582,90.32688 24.43592,90.32694 24.43609,90.32702 24.43635,90.32711 24.43669,90.3271 24.4368,90.32709 24.43684,90.32704 24.43715,90.32703 24.43717,90.32699 24.43732,90.32698 24.43737,90.32698 24.4375,90.32698 24.43751,90.32697 24.43778,90.32697 24.43786,90.32697 24.43826,90.327 24.43861,90.32719 24.43922,90.32734 24.43971,90.32737 24.43982,90.3274 24.43992,90.32742 24.43997,90.32755 24.44029,90.32771 24.44076,90.32773 24.44083,90.32779 24.44111,90.3278 24.44116,90.32784 24.4413,90.32793 24.44169,90.328 24.44206,90.32801 24.44213,90.32807 24.44249,90.3281 24.4427,90.32824 24.44317,90.32835 24.44353,90.32845 24.44384,90.32851 24.44403,90.32866 24.44455,90.32871 24.44475,90.32875 24.44493,90.32881 24.44521,90.32883 24.44529,90.32889 24.44563,90.32892 24.44574,90.32893 24.44581,90.32895 24.44593,90.32895 24.44641,90.32915 24.44659,90.32935 24.44671,90.32938 24.44673,90.3295 24.4468,90.32968 24.44681,90.3298 24.44679,90.33008 24.44673,90.33029 24.44668,90.33032 24.44667,90.33036 24.44666,90.33061 24.44657,90.33099 24.44647,90.33117 24.44642,90.33141 24.44641,90.33166 24.44638,90.3317 24.44638,90.33179 24.44637,90.332 24.44636,90.33217 24.44636,90.33231 24.44637,90.3324 24.44638,90.33251 24.44638,90.33261 24.44638,90.33278 24.4463,90.33285 24.44626,90.33305 24.44615,90.33318 24.44607,90.33326 24.44603,90.33347 24.44589,90.33359 24.44583,90.33378 24.44574,90.33387 24.44571,90.33409 24.44563,90.33416 24.44561,90.33461 24.44547,90.33481 24.44544,90.33488 24.44543,90.33492 24.44543,90.33518 24.44541,90.33559 24.44541,90.33576 24.44541,90.33608 24.44542,90.33652 24.44542,90.33678 24.44542,90.33706 24.44542,90.33717 24.44542,90.33751 24.44541,90.33804 24.44542,90.33816 24.4454,90.33824 24.44537,90.33838 24.44534)"
1Crk7BckM3RR1Yv_7PebAusiogD_ihpp-,1Crk7BckM3RR1Yv_7PebAusiogD_ihpp--L34,2025.EIS.000100.kmz,"Directions from Square DenimS Limited to 99R9+WCW, Dhamsur, Bangladesh","Directions from Square DenimS Limited to 99R9+WCW, Dhamsur, Bangladesh",275,90.37393,24.31975,90.369,24.39197,"LINESTRING(90.37393 24.31975,90.37384 24.31979,90.37345 24.31978,90.37345 24.31979,90.3735 24.32016,90.3735 24.32068,90.3735 24.32071,90.37348 24.3217,90.37368 24.3217,90.3745 24.32176,90.37464 24.32178,90.37497 24.32182,90.37518 24.32186,90.37538 24.32189,90.37559 24.32197,90.37577 24.32208,90.37587 24.32225,90.37594 24.32232,90.37649 24.32309,90.37676 24.32349,90.37701 24.32377,90.37715 24.32391,90.37718 24.32395,90.37729 24.32408,90.37731 24.32412,90.37748 24.32423,90.37776 24.3244,90.3778 24.32442,90.37807 24.32458,90.37835 24.32474,90.37836 24.32475,90.37857 24.32487,90.37872 24.32499,90.37879 24.32508,90.37886 24.32515,90.37889 24.32517,90.37899 24.32523,90.37922 24.32535,90.37862 24.32713,90.37841 24.32773,90.37806 24.32878,90.37796 24.32908,90.37784 24.32942,90.37779 24.32957,90.37713 24.33154,90.37705 24.33183,90.37631 24.33393,90.37602 24.33476,90.37579 24.33542,90.37547 24.33632,90.37541 24.3365,90.37535 24.33667,90.37511 24.33735,90.37457 24.3389,90.3744 24.33938,90.37429 24.33972,90.37426 24.3398,90.37422 24.33991,90.37408 24.34037,90.37397 24.3408,90.37388 24.34121,90.37383 24.34161,90.37382 24.34186,90.37382 24.34205,90.37382 24.34208,90.37382 24.34226,90.37382 24.34251,90.37383 24.34273,90.37384 24.34304,90.37389 24.34348,90.37398 24.34423,90.37401 24.34456,90.37411 24.34563,90.37415 24.34612,90.37423 24.34702,90.37434 24.34827,90.37447 24.34971,90.37463 24.3515,90.37465 24.3517,90.37474 24.35269,90.37479 24.35329,90.37485 24.35395,90.37493 24.35487,90.37495 24.35508,90.37499 24.35549,90.37503 24.35589,90.37505 24.35608,90.37505 24.3562,90.37516 24.35742,90.3752 24.35778,90.37532 24.35888,90.37551 24.36097,90.37558 24.36169,90.37563 24.36223,90.37567 24.36284,90.37571 24.36336,90.37578 24.36409,90.37579 24.36434,90.37581 24.36457,90.37584 24.36481,90.37588 24.36512,90.37591 24.36542,90.37605 24.36723,90.3761 24.36792,90.37612 24.3681,90.37613 24.3683,90.37615 24.36852,90.37616 24.36869,90.37617 24.3689,90.37618 24.36904,90.37626 24.36986,90.37631 24.37048,90.37637 24.37132,90.37641 24.37174,90.37642 24.37198,90.37644 24.3722,90.37647 24.37239,90.37659 24.37321,90.37665 24.37355,90.37671 24.37381,90.37672 24.37387,90.37684 24.37452,90.3769 24.37485,90.37693 24.37504,90.37694 24.3752,90.377 24.3757,90.37704 24.37602,90.37708 24.37653,90.37696 24.37654,90.37683 24.37655,90.37666 24.37657,90.37656 24.37658,90.37646 24.37658,90.37638 24.37658,90.37624 24.37656,90.37613 24.37655,90.37602 24.37653,90.37595 24.37652,90.37585 24.37651,90.37577 24.3765,90.37575 24.3765,90.37571 24.37649,90.37563 24.37649,90.37556 24.37649,90.37547 24.37651,90.37533 24.37655,90.37519 24.37659,90.37514 24.37661,90.37504 24.37664,90.37496 24.37666,90.37485 24.37667,90.37468 24.37668,90.37456 24.3767,90.37446 24.37675,90.37438 24.37678,90.37434 24.3768,90.37422 24.37685,90.37416 24.37689,90.37405 24.37695,90.37384 24.37706,90.37362 24.37716,90.37347 24.37722,90.37343 24.37723,90.37326 24.3773,90.37314 24.37733,90.3731 24.37734,90.37309 24.37734,90.37301 24.37737,90.37279 24.3774,90.37271 24.37741,90.37255 24.37743,90.37231 24.37744,90.37212 24.37747,90.37173 24.37752,90.37145 24.37755,90.37109 24.37761,90.37081 24.37766,90.37056 24.37771,90.37051 24.37772,90.37034 24.37776,90.37012 24.3778,90.36991 24.37787,90.36989 24.37787,90.3698 24.37789,90.36967 24.37792,90.36944 24.378,90.36942 24.37801,90.36929 24.37805,90.36914 24.37811,90.3691 24.37812,90.36906 24.37814,90.36896 24.37817,90.36893 24.37818,90.36883 24.3782,90.36873 24.37819,90.36863 24.37818,90.36853 24.37814,90.36843 24.37812,90.36838 24.37812,90.36831 24.37811,90.36806 24.37809,90.36786 24.37809,90.36759 24.37811,90.36756 24.37811,90.36728 24.37815,90.36698 24.37817,90.36672 24.37818,90.36661 24.37819,90.36651 24.37819,90.36643 24.3782,90.3669 24.37887,90.36709 24.37899,90.36715 24.37904,90.36745 24.37933,90.36758 24.37939,90.36773 24.37946,90.36799 24.37959,90.36813 24.37989,90.36828 24.3801,90.36839 24.38039,90.36853 24.38056,90.36883 24.38073,90.36903 24.38088,90.36913 24.38113,90.36918 24.38126,90.36924 24.38148,90.36924 24.38165,90.36927 24.38225,90.36928 24.38237,90.3693 24.38261,90.36958 24.38338,90.36959 24.38341,90.3698 24.38407,90.37002 24.38498,90.37012 24.3854,90.37044 24.38577,90.37091 24.38586,90.37087 24.38614,90.37085 24.38632,90.371 24.38655,90.37124 24.38685,90.37122 24.38723,90.37162 24.38744,90.37174 24.3876,90.37168 24.38776,90.3716 24.38797,90.3716 24.38836,90.37161 24.3886,90.37175 24.3888,90.37172 24.38882,90.37169 24.38887,90.37163 24.38901,90.37158 24.38914,90.37156 24.38918,90.37152 24.38929,90.3715 24.38934,90.37138 24.3896,90.37124 24.3899,90.37123 24.38993,90.37116 24.38992,90.37095 24.39016,90.3709 24.39041,90.37091 24.39066,90.37088 24.39082,90.37078 24.39113,90.37078 24.39143,90.3708 24.39188,90.37088 24.39257,90.37068 24.39246,90.36995 24.39238,90.36945 24.39213,90.36937 24.39209,90.36936 24.39208,90.36907 24.39198,90.369 24.39197)"
1DC-taRqhNiafUL8TKCyAiEYnOqxv5FMV,1DC-taRqhNiafUL8TKCyAiEYnOqxv5FMV-L35,2025.EIS.000101.kmz,"Directions from R7H4+6PC, Rajabari Rd, Savar, Bangladesh to R7H5+282, N5, Savar, Bangladesh","Directions from R7H4+6PC, Rajabari Rd, Savar, Bangladesh to R7H5+282, N5, Savar, Bangladesh",68,90.25649,23.82805,90.25853,23.82761,"LINESTRING(90.25649 23.82805,90.25668 23.82804,90.25686 23.82804,90.25695 23.82805,90.25716 23.82807,90.25732 23.82809,90.25738 23.82809,90.25742 23.82808,90.25744 23.82807,90.25745 23.82806,90.25747 23.82805,90.25748 23.82802,90.25752 23.82791,90.25754 23.82778,90.25755 23.82772,90.25756 23.82771,90.25757 23.82767,90.25758 23.82764,90.25759 23.82762,90.2576 23.82761,90.25761 23.8276,90.25763 23.82759,90.25766 23.82759,90.25769 23.82758,90.25784 23.8276,90.2579 23.8276,90.25812 23.82761,90.25823 23.82761,90.25831 23.8276,90.25836 23.82795,90.25838 23.82819,90.25842 23.82855,90.25847 23.82897,90.25848 23.82903,90.2585 23.82922,90.25856 23.82933,90.25856 23.82934,90.25857 23.82944,90.25857 23.82956,90.25857 23.82989,90.25856 23.83009,90.25856 23.83031,90.25857 23.83053,90.25857 23.8306,90.25858 23.83066,90.25867 23.83069,90.25869 23.83069,90.25872 23.83069,90.25875 23.83069,90.25878 23.83068,90.2588 23.83066,90.25882 23.83064,90.25884 23.83062,90.25885 23.83059,90.25886 23.83053,90.25887 23.83042,90.25877 23.82994,90.25874 23.82982,90.25872 23.8297,90.25871 23.82967,90.25875 23.82952,90.25875 23.82939,90.25873 23.82918,90.25869 23.82886,90.25863 23.82837,90.25857 23.82792,90.25857 23.82788,90.25853 23.82761)"
1EzRLgWjauveDKddFo6Z6JQ1gJPDr79t4,1EzRLgWjauveDKddFo6Z6JQ1gJPDr79t4-L36,2025.EIS.000080.kmz,"Directions from How Are You Textile Industry Ltd., Dhaka - Mymensingh Highway, Mawna to মেঘলাল","Directions from How Are You Textile Industry Ltd., Dhaka - Mymensingh Highway, Mawna to মেঘলাল",933,90.42793,24.18667,90.31001,24.03508,"LINESTRING(90.42793 24.18667,90.42792 24.18701,90.42792 24.18707,90.42791 24.1871,90.4279 24.18713,90.42789 24.18713,90.42786 24.18715,90.42778 24.18716,90.42746 24.18717,90.42728 24.18718,90.42713 24.18717,90.42681 24.18717,90.42684 24.18695,90.42688 24.18652,90.42689 24.18645,90.42693 24.18575,90.42693 24.18562,90.42694 24.18501,90.42695 24.18484,90.42695 24.18439,90.42696 24.18406,90.42696 24.18394,90.42696 24.18356,90.42696 24.18354,90.42697 24.18342,90.42697 24.18341,90.42697 24.18338,90.42699 24.18306,90.42701 24.18285,90.42703 24.18267,90.42703 24.18266,90.42708 24.18215,90.42711 24.18178,90.42717 24.18087,90.42719 24.18049,90.42722 24.17988,90.42724 24.17959,90.42744 24.17661,90.42777 24.1723,90.42796 24.16965,90.42813 24.16727,90.42816 24.16701,90.42822 24.16618,90.42823 24.16603,90.42827 24.16564,90.4283 24.16517,90.42831 24.16506,90.42831 24.16489,90.42831 24.16488,90.42832 24.1647,90.42832 24.16462,90.42832 24.1644,90.42831 24.16416,90.42829 24.1639,90.42826 24.16364,90.42824 24.16351,90.42822 24.16338,90.42822 24.16337,90.4282 24.16326,90.42816 24.1631,90.4281 24.1629,90.42806 24.16277,90.428 24.16259,90.42791 24.16236,90.42776 24.16197,90.42743 24.16131,90.42741 24.16126,90.42698 24.16038,90.42648 24.15937,90.42607 24.15855,90.42595 24.15825,90.42586 24.15809,90.42577 24.15789,90.42572 24.15778,90.42552 24.15734,90.42529 24.15686,90.42512 24.15644,90.42497 24.15611,90.42471 24.15555,90.42463 24.15539,90.42447 24.15505,90.42424 24.15459,90.42402 24.15412,90.42389 24.15383,90.4235 24.15301,90.42347 24.15295,90.42335 24.15268,90.42317 24.1523,90.42279 24.15146,90.42248 24.1508,90.4222 24.15021,90.422 24.14978,90.42194 24.14966,90.42177 24.14931,90.42164 24.14905,90.42136 24.14845,90.4213 24.14832,90.42112 24.14793,90.421 24.14767,90.4206 24.14684,90.42035 24.1463,90.42012 24.14579,90.42004 24.14563,90.41997 24.14547,90.41994 24.1454,90.41973 24.14495,90.41971 24.14491,90.41963 24.14474,90.41955 24.14457,90.4194 24.14424,90.41931 24.14405,90.4192 24.14381,90.41917 24.14375,90.41909 24.14358,90.41871 24.14274,90.41851 24.14232,90.4184 24.14209,90.41827 24.14183,90.41824 24.14176,90.41812 24.1415,90.41805 24.14134,90.418 24.14124,90.4177 24.14058,90.41748 24.14011,90.41747 24.14009,90.41739 24.13993,90.41736 24.13985,90.41732 24.13976,90.41716 24.13944,90.41701 24.13912,90.41701 24.13911,90.41693 24.13896,90.41693 24.13895,90.41685 24.13879,90.4167 24.13846,90.41662 24.13822,90.41641 24.13779,90.41589 24.13666,90.41546 24.13566,90.41544 24.1356,90.41544 24.13559,90.4152 24.13506,90.41506 24.13477,90.4149 24.13444,90.41448 24.13365,90.41416 24.133,90.41407 24.13281,90.41386 24.13238,90.41356 24.13173,90.41332 24.13119,90.413 24.13052,90.41262 24.12969,90.41239 24.12922,90.41202 24.12843,90.41196 24.12831,90.4118 24.12797,90.41162 24.12757,90.41154 24.12741,90.41149 24.12731,90.41108 24.12649,90.41106 24.12645,90.41105 24.12643,90.41075 24.1258,90.41061 24.1255,90.41057 24.12544,90.41032 24.12494,90.41 24.12429,90.40966 24.12357,90.40961 24.12347,90.40954 24.12331,90.40939 24.12301,90.40907 24.12233,90.40892 24.12202,90.40885 24.12187,90.40869 24.12154,90.40845 24.12104,90.40796 24.11999,90.40792 24.11989,90.40766 24.11935,90.40724 24.11846,90.40693 24.1178,90.40683 24.11758,90.40675 24.11742,90.40653 24.11696,90.40636 24.11659,90.40628 24.11642,90.40598 24.11577,90.40582 24.11543,90.4056 24.11495,90.4054 24.11453,90.40536 24.11444,90.40532 24.11433,90.40524 24.11414,90.40519 24.11398,90.40514 24.1138,90.40512 24.1137,90.40504 24.11333,90.40502 24.11322,90.40498 24.11299,90.40491 24.11262,90.40484 24.11221,90.40484 24.11219,90.40464 24.11109,90.40462 24.11095,90.40459 24.11077,90.40445 24.11003,90.40437 24.10952,90.4043 24.10913,90.40414 24.1082,90.40406 24.10772,90.40399 24.10732,90.40388 24.10668,90.40382 24.10633,90.4038 24.10618,90.40374 24.1058,90.40373 24.10579,90.40371 24.10562,90.40371 24.10561,90.40368 24.10548,90.40361 24.10508,90.40342 24.10401,90.4034 24.1039,90.40322 24.10289,90.40314 24.10239,90.40311 24.10223,90.40301 24.10165,90.40284 24.10084,90.40274 24.10029,90.40261 24.10033,90.40226 24.1005,90.4022 24.10053,90.40219 24.10053,90.40213 24.10055,90.40195 24.10061,90.40162 24.10069,90.4009 24.10079,90.40064 24.10084,90.40053 24.10086,90.40047 24.10088,90.40029 24.10093,90.39997 24.10102,90.39951 24.10117,90.39914 24.10132,90.39882 24.10146,90.39878 24.10148,90.39792 24.10172,90.39737 24.10187,90.39617 24.10225,90.39612 24.10226,90.39553 24.10246,90.39501 24.10266,90.39437 24.10294,90.39362 24.10326,90.39335 24.10342,90.3932 24.10353,90.39282 24.10376,90.39216 24.10417,90.39212 24.1042,90.39111 24.10499,90.39077 24.10524,90.39063 24.10529,90.39038 24.10538,90.38945 24.10562,90.38941 24.10563,90.38916 24.1057,90.38899 24.10575,90.38897 24.10575,90.38844 24.10581,90.38801 24.10583,90.38759 24.10582,90.38749 24.10582,90.3868 24.10585,90.38661 24.10585,90.38654 24.10586,90.38641 24.10587,90.38614 24.10589,90.38558 24.10598,90.38478 24.1061,90.38466 24.10612,90.38442 24.10616,90.38428 24.1062,90.38418 24.10623,90.38407 24.10625,90.38397 24.10625,90.38393 24.10623,90.38355 24.10608,90.38354 24.10608,90.38313 24.106,90.38282 24.10596,90.38256 24.10593,90.38239 24.10592,90.38185 24.10586,90.38168 24.10583,90.38131 24.10582,90.38124 24.10582,90.38062 24.10577,90.38055 24.10576,90.38006 24.10574,90.3799 24.10573,90.37977 24.10573,90.37973 24.10572,90.37955 24.10572,90.37939 24.10571,90.37913 24.1057,90.37902 24.10571,90.37889 24.10573,90.3787 24.1058,90.37857 24.10591,90.37844 24.10607,90.37831 24.10628,90.37828 24.10633,90.3782 24.1065,90.37818 24.10654,90.37806 24.10681,90.37796 24.10699,90.37775 24.10694,90.37746 24.10682,90.37702 24.10672,90.37698 24.10672,90.37642 24.10669,90.37636 24.10669,90.37525 24.10654,90.37503 24.10651,90.37464 24.10649,90.37431 24.10646,90.37407 24.10642,90.37367 24.10629,90.37366 24.10629,90.3731 24.1061,90.37307 24.10608,90.37271 24.10595,90.3723 24.10581,90.37215 24.10578,90.3718 24.1057,90.37172 24.10569,90.37097 24.10562,90.37059 24.10566,90.37048 24.10568,90.37043 24.10568,90.37032 24.10568,90.37018 24.10566,90.36989 24.10562,90.36978 24.1056,90.3696 24.10557,90.36957 24.10556,90.36948 24.10555,90.36933 24.10556,90.36919 24.10559,90.36917 24.1056,90.36913 24.10564,90.36908 24.10572,90.36903 24.10583,90.36902 24.10585,90.369 24.10587,90.36895 24.10594,90.3689 24.10599,90.36887 24.106,90.36884 24.10602,90.36873 24.10606,90.36865 24.10607,90.36859 24.10606,90.36838 24.10604,90.36815 24.10601,90.3681 24.106,90.36795 24.10599,90.36763 24.10597,90.36726 24.10592,90.36693 24.10589,90.36682 24.10588,90.36675 24.10587,90.3667 24.10587,90.36667 24.10588,90.36664 24.10588,90.36661 24.10588,90.36651 24.1059,90.36646 24.10591,90.36642 24.10593,90.36638 24.10595,90.36628 24.10599,90.36616 24.10606,90.36614 24.10607,90.36612 24.10609,90.3661 24.1061,90.36609 24.1061,90.36606 24.10611,90.36604 24.10611,90.36602 24.10611,90.366 24.10611,90.36597 24.1061,90.36594 24.10609,90.36592 24.10608,90.36589 24.10606,90.36587 24.10605,90.36575 24.106,90.36571 24.10598,90.36567 24.10597,90.36564 24.10597,90.36559 24.10597,90.36556 24.10597,90.36552 24.10597,90.36548 24.10598,90.36544 24.10598,90.36525 24.10602,90.36495 24.10603,90.36458 24.10604,90.36435 24.10585,90.36415 24.10567,90.36401 24.10554,90.3639 24.10543,90.36388 24.10541,90.36362 24.10519,90.3634 24.10501,90.363 24.10478,90.3629 24.10472,90.36273 24.10463,90.36264 24.10458,90.36238 24.10446,90.36233 24.10444,90.36206 24.1043,90.36177 24.10411,90.36173 24.10409,90.36168 24.10405,90.36164 24.10401,90.3616 24.10397,90.36157 24.10393,90.36155 24.1039,90.36152 24.10386,90.3615 24.10383,90.36136 24.10357,90.36125 24.10339,90.36115 24.10326,90.36094 24.10302,90.36089 24.10297,90.36082 24.10288,90.36071 24.10273,90.36071 24.10272,90.36048 24.10244,90.36024 24.10202,90.36013 24.10179,90.36008 24.10169,90.36001 24.10154,90.35997 24.10143,90.35993 24.10134,90.35989 24.10118,90.35986 24.10108,90.35984 24.10097,90.35982 24.1007,90.35982 24.1006,90.35982 24.10053,90.35982 24.10044,90.35982 24.10037,90.35981 24.10036,90.35981 24.10034,90.3598 24.10023,90.35971 24.1,90.35963 24.09983,90.35947 24.09952,90.35944 24.09948,90.3593 24.09911,90.35918 24.09891,90.35898 24.09872,90.3585 24.0982,90.35827 24.09791,90.35821 24.09783,90.35799 24.09753,90.35785 24.09733,90.35759 24.09705,90.35735 24.09681,90.35663 24.09618,90.35648 24.09604,90.35619 24.09575,90.35563 24.09525,90.3555 24.09512,90.35539 24.09502,90.35501 24.09468,90.35475 24.09449,90.3545 24.09431,90.35418 24.09404,90.35385 24.09374,90.35357 24.09344,90.35346 24.09333,90.35334 24.0932,90.35318 24.093,90.35302 24.09277,90.35296 24.09265,90.35288 24.09248,90.35276 24.09219,90.35265 24.09191,90.35259 24.09175,90.35254 24.09158,90.35247 24.09131,90.35236 24.09093,90.35231 24.09079,90.35226 24.09066,90.35221 24.09055,90.35215 24.09046,90.35208 24.09034,90.3517 24.08982,90.35145 24.08957,90.35127 24.0894,90.35117 24.08931,90.35103 24.08914,90.35091 24.08896,90.35076 24.08868,90.35065 24.08847,90.35045 24.08807,90.35029 24.08773,90.35017 24.08743,90.34986 24.08738,90.34983 24.08738,90.34936 24.0873,90.34916 24.08727,90.34911 24.08726,90.34885 24.08721,90.34861 24.08717,90.34783 24.08701,90.34781 24.08701,90.34752 24.08696,90.34736 24.08694,90.3473 24.08692,90.34681 24.08687,90.34666 24.08686,90.34654 24.08686,90.34647 24.08686,90.34614 24.08687,90.34611 24.08687,90.34595 24.0869,90.34587 24.08691,90.34544 24.08703,90.34524 24.08709,90.34505 24.08715,90.34496 24.08717,90.34462 24.08724,90.3441 24.08734,90.34399 24.08736,90.34372 24.08742,90.34356 24.08745,90.34337 24.08749,90.34336 24.0875,90.34301 24.0876,90.3428 24.08766,90.34263 24.08771,90.34225 24.08784,90.3422 24.08787,90.34183 24.08822,90.34177 24.08824,90.34168 24.08828,90.34158 24.08828,90.34147 24.08827,90.34143 24.08826,90.34124 24.08823,90.34119 24.08822,90.34104 24.08819,90.34085 24.08815,90.34081 24.08814,90.34078 24.08813,90.34066 24.0881,90.34047 24.08805,90.34043 24.08803,90.33991 24.08789,90.33975 24.08785,90.3396 24.08784,90.33955 24.08784,90.33928 24.08787,90.33905 24.0879,90.33877 24.08793,90.33844 24.08795,90.33829 24.08796,90.33782 24.08798,90.33736 24.088,90.33674 24.08803,90.33652 24.08805,90.33613 24.08807,90.33603 24.08807,90.33581 24.08808,90.33564 24.0881,90.33561 24.0881,90.33535 24.08812,90.33496 24.08818,90.33483 24.0882,90.33475 24.08822,90.33429 24.08828,90.33418 24.08831,90.3339 24.08837,90.33311 24.0885,90.33301 24.08852,90.33171 24.08873,90.33101 24.08884,90.33089 24.08886,90.33073 24.08889,90.33067 24.0889,90.3306 24.08891,90.33036 24.08894,90.33003 24.08892,90.32994 24.08892,90.32947 24.08882,90.3294 24.0888,90.32905 24.0887,90.32903 24.08869,90.32887 24.0886,90.32886 24.08859,90.32868 24.08851,90.32837 24.08838,90.32811 24.08827,90.32795 24.0882,90.32777 24.08815,90.32764 24.08811,90.32752 24.08808,90.32746 24.08806,90.32713 24.088,90.32685 24.08791,90.32657 24.08781,90.32651 24.0878,90.32639 24.08777,90.32631 24.08775,90.32606 24.08771,90.32562 24.08763,90.32535 24.08758,90.32533 24.08757,90.325 24.08751,90.32471 24.08744,90.32446 24.08736,90.32417 24.08724,90.32386 24.08712,90.32384 24.08711,90.32375 24.08708,90.32348 24.08698,90.32338 24.08694,90.32314 24.08684,90.32312 24.08683,90.32306 24.08681,90.32286 24.08672,90.32234 24.08649,90.3219 24.08628,90.32188 24.08627,90.32159 24.08616,90.32133 24.08607,90.32114 24.086,90.32073 24.08585,90.32035 24.08569,90.32003 24.08558,90.31978 24.0855,90.31973 24.08548,90.31942 24.08538,90.31941 24.08537,90.31924 24.08529,90.31894 24.08511,90.31863 24.08493,90.31814 24.08463,90.31777 24.0844,90.31776 24.08439,90.31787 24.08407,90.3179 24.08397,90.31798 24.08336,90.31801 24.08318,90.31803 24.08291,90.31806 24.08272,90.3181 24.08248,90.3181 24.08229,90.31808 24.08212,90.31799 24.08173,90.31793 24.08143,90.31787 24.08109,90.31785 24.08089,90.31785 24.08077,90.31786 24.08056,90.3179 24.08015,90.31793 24.07953,90.31793 24.07946,90.31791 24.07909,90.31789 24.07883,90.31785 24.07863,90.31784 24.07854,90.31782 24.07836,90.31782 24.07824,90.31785 24.07808,90.31794 24.07775,90.31801 24.07743,90.31812 24.07706,90.31822 24.07675,90.31829 24.07644,90.31839 24.07604,90.31842 24.07586,90.31845 24.07576,90.3185 24.07548,90.31854 24.07525,90.31857 24.07508,90.31858 24.07504,90.3186 24.07495,90.31861 24.07473,90.31858 24.07456,90.31854 24.07441,90.31852 24.07432,90.31852 24.07431,90.31845 24.07412,90.31838 24.07393,90.31834 24.07381,90.31831 24.07367,90.31817 24.07286,90.31808 24.07255,90.31796 24.0722,90.31781 24.07168,90.31776 24.0715,90.31755 24.07094,90.31743 24.07061,90.31734 24.07028,90.31734 24.07024,90.3173 24.07007,90.31727 24.06989,90.31723 24.06971,90.31723 24.06968,90.31718 24.06943,90.31717 24.06934,90.31714 24.06921,90.31708 24.06909,90.31705 24.06902,90.31704 24.069,90.317 24.06893,90.31693 24.06882,90.31685 24.0687,90.31657 24.0683,90.31657 24.06829,90.31652 24.0682,90.31645 24.06805,90.31636 24.06782,90.31628 24.06757,90.31617 24.06727,90.31614 24.06711,90.31613 24.06695,90.31612 24.06676,90.31613 24.06636,90.31614 24.06619,90.31615 24.06606,90.31616 24.06562,90.31615 24.06522,90.31614 24.06485,90.31615 24.06449,90.31616 24.06407,90.31614 24.0636,90.31614 24.06339,90.31615 24.06313,90.31625 24.06268,90.31629 24.06253,90.31635 24.06216,90.31638 24.06199,90.3164 24.06156,90.31638 24.06118,90.31638 24.06112,90.31623 24.06055,90.31617 24.06025,90.31614 24.05995,90.31604 24.05964,90.31585 24.05938,90.31523 24.05898,90.31519 24.05896,90.31495 24.05873,90.31477 24.05862,90.31444 24.05829,90.31423 24.05805,90.31371 24.05751,90.3136 24.05735,90.31348 24.0571,90.31346 24.057,90.31342 24.05661,90.31339 24.05636,90.31331 24.05607,90.31319 24.05579,90.31309 24.05551,90.313 24.05513,90.313 24.05453,90.313 24.05444,90.31299 24.05417,90.31299 24.05393,90.31298 24.05377,90.31297 24.05363,90.31297 24.0536,90.31295 24.05349,90.31294 24.05345,90.31291 24.05335,90.31288 24.05328,90.31283 24.05321,90.31279 24.05315,90.31276 24.05311,90.31271 24.05309,90.31261 24.05307,90.3125 24.05306,90.31229 24.05308,90.31193 24.05312,90.31166 24.05316,90.31139 24.0532,90.31124 24.05319,90.31112 24.05315,90.311 24.05309,90.31091 24.05301,90.31059 24.05259,90.31042 24.05233,90.31034 24.05222,90.31018 24.05195,90.31 24.05173,90.30988 24.05158,90.30974 24.05142,90.30951 24.0513,90.30942 24.05129,90.30934 24.05128,90.30923 24.05127,90.30915 24.0513,90.30885 24.05139,90.30851 24.05149,90.30818 24.05156,90.30795 24.05154,90.30781 24.05149,90.30709 24.05129,90.30669 24.05106,90.30639 24.05092,90.30577 24.05052,90.30575 24.05051,90.30544 24.05033,90.30536 24.0503,90.30531 24.05028,90.30502 24.05022,90.30491 24.05019,90.30478 24.05017,90.30452 24.05008,90.30428 24.04995,90.3042 24.0499,90.30393 24.04973,90.30371 24.0496,90.3037 24.04959,90.30354 24.0495,90.30341 24.04943,90.30323 24.04934,90.30292 24.04915,90.30249 24.04892,90.3022 24.04875,90.30182 24.04837,90.3016 24.04812,90.30146 24.04796,90.30144 24.04792,90.30127 24.04752,90.30109 24.04704,90.30102 24.04664,90.30102 24.04656,90.30101 24.04625,90.30101 24.04623,90.30102 24.04607,90.30105 24.04572,90.30105 24.04566,90.30098 24.04536,90.30097 24.0453,90.30094 24.04523,90.30086 24.04501,90.30084 24.04495,90.30049 24.04433,90.30036 24.04409,90.30027 24.04389,90.29999 24.04329,90.29988 24.04304,90.29979 24.0428,90.29977 24.04275,90.29976 24.04274,90.2997 24.04243,90.2997 24.04224,90.2997 24.0422,90.29975 24.04201,90.30003 24.04207,90.30031 24.04208,90.30058 24.04201,90.30076 24.04196,90.30083 24.04196,90.30101 24.04197,90.30116 24.04197,90.30134 24.04197,90.30147 24.04201,90.30149 24.04201,90.30151 24.04202,90.30164 24.04204,90.30174 24.04206,90.3021 24.04204,90.30237 24.04202,90.3026 24.042,90.30278 24.042,90.30293 24.042,90.30312 24.04203,90.30349 24.04225,90.30382 24.04238,90.3041 24.0426,90.30418 24.04263,90.30434 24.04262,90.30463 24.04263,90.30496 24.04256,90.30558 24.04232,90.30565 24.04228,90.30618 24.04207,90.3064 24.04195,90.30684 24.04185,90.3069 24.04182,90.30789 24.0414,90.3082 24.04139,90.30844 24.04136,90.30838 24.04077,90.30837 24.04049,90.30837 24.04045,90.30837 24.04044,90.30838 24.0404,90.30845 24.0403,90.3085 24.04025,90.30856 24.04022,90.30861 24.04021,90.30878 24.04018,90.30882 24.04016,90.30919 24.03974,90.30931 24.03959,90.30933 24.03957,90.30942 24.03944,90.30951 24.03915,90.30956 24.03894,90.3096 24.03878,90.30961 24.03877,90.30961 24.03875,90.30969 24.03845,90.30972 24.03813,90.30975 24.03789,90.30976 24.03775,90.30978 24.0377,90.30979 24.03767,90.30981 24.03723,90.3098 24.03674,90.30981 24.03647,90.3099 24.03557,90.30992 24.03553,90.30993 24.03545,90.31 24.03511,90.31001 24.03508)"
1FdNwDQ9nUVN52n5TQNuoEanUdnXot4bJ,1FdNwDQ9nUVN52n5TQNuoEanUdnXot4bJ-L37,2025.EIS.BEPZA.000005.kmz,"Directions from Kolshir Dighir Par, Chattogram to 7QPG+C6 Chattogram","Directions from Kolshir Dighir Par, Chattogram to 7QPG+C6 Chattogram",74,91.77783,22.30104,91.77489,22.28602,"LINESTRING(91.77783 22.30104,91.77781 22.30103,91.77769 22.30101,91.7775 22.30099,91.7773 22.30096,91.77726 22.30095,91.77711 22.30093,91.7771 22.30093,91.77705 22.30091,91.77704 22.30091,91.77703 22.3009,91.77703 22.30089,91.77702 22.30088,91.77704 22.30084,91.77704 22.30081,91.77705 22.30077,91.77705 22.30074,91.77705 22.30071,91.77704 22.30069,91.77703 22.30066,91.777 22.30065,91.77696 22.30064,91.77692 22.30063,91.77685 22.30062,91.77681 22.30061,91.77662 22.30059,91.77654 22.30058,91.77643 22.30056,91.77655 22.30027,91.77659 22.30013,91.77661 22.30005,91.77663 22.29993,91.77665 22.29976,91.77665 22.29941,91.77664 22.29915,91.77666 22.2988,91.77666 22.29879,91.77668 22.29844,91.77672 22.29786,91.77673 22.29754,91.77675 22.29683,91.77676 22.29677,91.77677 22.29647,91.77614 22.29642,91.77619 22.29576,91.77619 22.2957,91.77621 22.29533,91.77626 22.29477,91.77631 22.29403,91.77634 22.29355,91.77635 22.29343,91.77637 22.29319,91.77637 22.29302,91.77637 22.29293,91.77694 22.29296,91.77733 22.29297,91.7774 22.29221,91.77749 22.29095,91.7775 22.29054,91.77754 22.29002,91.77755 22.28991,91.77759 22.2893,91.77762 22.28879,91.77763 22.28876,91.77724 22.28874,91.77664 22.28871,91.77635 22.2887,91.77529 22.28865,91.7747 22.28862,91.77477 22.28768,91.77484 22.2866,91.77486 22.28642,91.77487 22.28624,91.77489 22.28602)"
1GR-YHFbhLt7aLhWX2NuNHOzDZEoQq10D,1GR-YHFbhLt7aLhWX2NuNHOzDZEoQq10D-L38,2024.EIS.000041.kmz,"Directions from বিশ্বাসপাড়া বায়তুন নুর কেন্দ্রীয় জামে মসজিদ to Sterling Designs Ltd. (STANDARD GROUP), N4","Directions from বিশ্বাসপাড়া বায়তুন নুর কেন্দ্রীয় জামে মসজিদ to Sterling Designs Ltd. (STANDARD GROUP), N4",95,90.26311,24.02968,90.26257,24.03262,"LINESTRING(90.26311 24.02968,90.26312 24.02966,90.26315 24.02963,90.26317 24.02961,90.26321 24.02959,90.26327 24.02958,90.26328 24.02964,90.26329 24.02965,90.2633 24.02966,90.26331 24.02968,90.26341 24.02973,90.26349 24.02979,90.26367 24.02992,90.26384 24.03009,90.26388 24.03014,90.26389 24.03015,90.26391 24.03017,90.26394 24.03018,90.26397 24.03019,90.2641 24.03022,90.26435 24.03027,90.26442 24.03028,90.26449 24.0303,90.26453 24.03032,90.26467 24.03038,90.26486 24.03049,90.2651 24.03063,90.26543 24.03039,90.26546 24.03037,90.26558 24.03028,90.26581 24.0301,90.26589 24.03004,90.26606 24.02991,90.26612 24.02987,90.26658 24.02963,90.26667 24.02959,90.26678 24.02954,90.26683 24.02952,90.26695 24.02947,90.26716 24.02939,90.2674 24.0293,90.26765 24.02921,90.26836 24.02893,90.2689 24.02872,90.26897 24.02869,90.26903 24.02867,90.26911 24.02859,90.26962 24.0284,90.26983 24.02833,90.27017 24.02822,90.27028 24.02819,90.27058 24.0281,90.2709 24.02798,90.27093 24.02797,90.27102 24.02811,90.27121 24.02805,90.27137 24.02799,90.27141 24.02798,90.27145 24.02798,90.27115 24.02811,90.27098 24.02818,90.27054 24.02834,90.26997 24.02855,90.2697 24.02864,90.26937 24.02874,90.26929 24.02877,90.26922 24.02878,90.26912 24.02878,90.26893 24.02886,90.26748 24.02942,90.26728 24.02948,90.26709 24.02955,90.26689 24.02963,90.26679 24.02967,90.26647 24.02981,90.2662 24.02997,90.26614 24.02999,90.26603 24.03006,90.26591 24.03015,90.26578 24.03024,90.26562 24.03036,90.2654 24.03053,90.26513 24.03073,90.2649 24.03089,90.26488 24.03091,90.26443 24.03123,90.26412 24.03146,90.26406 24.03151,90.26381 24.0317,90.26366 24.03181,90.26345 24.03196,90.26305 24.03226,90.2627 24.03253,90.26259 24.03261,90.26257 24.03262)"
1GfaRfLJnIIKQEZW94VCjBwPFj-S8jBG7,1GfaRfLJnIIKQEZW94VCjBwPFj-S8jBG7-L39,2025.EIS.000071.kmz,"Directions from Trust Knitwear Industries Limited, Road, Gazipur to 5CJG+9HR, Mawna, Bangladesh","Directions from Trust Knitwear Industries Limited, Road, Gazipur to 5CJG+9HR, Mawna, Bangladesh",263,90.4044,24.15241,90.42715,24.18116,"LINESTRING(90.4044 24.15241,90.40438 24.1522,90.40436 24.15186,90.40445 24.15149,90.40487 24.15145,90.40488 24.15145,90.40508 24.1514,90.40554 24.15129,90.4057 24.15125,90.40596 24.1512,90.40603 24.15119,90.40681 24.15107,90.40708 24.15102,90.40728 24.15099,90.40745 24.15098,90.40757 24.15097,90.40759 24.15098,90.40776 24.15101,90.40778 24.15101,90.40801 24.15105,90.40814 24.15107,90.40835 24.15111,90.40838 24.15111,90.40857 24.15114,90.40865 24.15115,90.40875 24.15115,90.40886 24.15115,90.40906 24.15112,90.40914 24.1511,90.40915 24.1511,90.40927 24.15107,90.40945 24.15101,90.40962 24.15092,90.40988 24.15077,90.4101 24.15063,90.41028 24.15047,90.41098 24.1499,90.41103 24.14985,90.41113 24.14977,90.41139 24.14955,90.41157 24.14939,90.41166 24.14931,90.41176 24.14923,90.41182 24.14917,90.41206 24.14897,90.41219 24.14889,90.41236 24.14878,90.41247 24.14863,90.41253 24.14854,90.41259 24.14845,90.41259 24.14836,90.41259 24.14835,90.41255 24.14796,90.41249 24.1475,90.41248 24.1474,90.41248 24.14729,90.41242 24.14698,90.41231 24.14644,90.41231 24.14628,90.4123 24.14613,90.41238 24.14593,90.41249 24.14579,90.41254 24.14574,90.41289 24.1455,90.41295 24.14546,90.41338 24.14512,90.41342 24.14509,90.41412 24.14461,90.41445 24.14438,90.41453 24.14432,90.41535 24.14368,90.41592 24.14323,90.41642 24.14282,90.41655 24.14275,90.41674 24.14262,90.41718 24.1424,90.4172 24.14239,90.41742 24.14227,90.41767 24.14211,90.41777 24.142,90.41784 24.14188,90.4179 24.14177,90.41792 24.14173,90.41793 24.1417,90.41796 24.14167,90.41804 24.1416,90.41814 24.14182,90.41821 24.14201,90.41843 24.14249,90.41863 24.14294,90.41889 24.14347,90.41919 24.14408,90.41921 24.14414,90.41959 24.14494,90.41966 24.1451,90.41989 24.14559,90.41997 24.14576,90.42019 24.14626,90.42044 24.1468,90.42086 24.14769,90.42096 24.14791,90.42101 24.148,90.42122 24.14846,90.4215 24.14904,90.42186 24.14979,90.4224 24.15093,90.42252 24.15119,90.42266 24.15149,90.42305 24.15234,90.4232 24.15265,90.4232 24.15266,90.42338 24.15305,90.42344 24.1532,90.42375 24.15387,90.42384 24.15406,90.42407 24.15456,90.42462 24.15574,90.42476 24.15604,90.42513 24.15684,90.42513 24.15685,90.42536 24.15734,90.42547 24.15757,90.42574 24.15818,90.42578 24.15826,90.42628 24.15926,90.42636 24.15941,90.42664 24.15995,90.42676 24.16018,90.42699 24.16068,90.42735 24.16149,90.42747 24.16175,90.42761 24.16199,90.42773 24.16226,90.42782 24.16251,90.42786 24.16262,90.4279 24.16274,90.42796 24.16291,90.42797 24.16296,90.42799 24.16304,90.42803 24.16318,90.42807 24.16336,90.42811 24.16356,90.42816 24.16385,90.42818 24.16405,90.42818 24.16409,90.42819 24.16429,90.42819 24.16457,90.42819 24.16462,90.42817 24.16489,90.42816 24.165,90.42815 24.16508,90.42812 24.16567,90.42806 24.16657,90.42802 24.16708,90.42799 24.1674,90.42785 24.16934,90.4278 24.17022,90.42779 24.17025,90.42771 24.17147,90.42765 24.17213,90.42764 24.17237,90.42757 24.17299,90.42753 24.17362,90.42752 24.17376,90.42743 24.17506,90.42743 24.17509,90.42731 24.17654,90.42731 24.17661,90.42711 24.17958,90.42709 24.17987,90.42709 24.17998,90.42706 24.18045,90.42704 24.18082,90.42704 24.18083,90.42701 24.18129,90.42697 24.18195,90.42696 24.18202,90.42691 24.18252,90.42687 24.18291,90.42685 24.18316,90.42682 24.18363,90.42681 24.18381,90.4268 24.18399,90.42679 24.18454,90.42678 24.18496,90.42678 24.18571,90.42673 24.18643,90.42671 24.18671,90.42664 24.18745,90.42661 24.18777,90.4266 24.1879,90.4265 24.18912,90.42648 24.18944,90.42645 24.18978,90.42643 24.19012,90.42637 24.19101,90.42631 24.19168,90.42628 24.19201,90.42624 24.19227,90.42617 24.19265,90.42611 24.19286,90.42606 24.19303,90.42606 24.19305,90.42601 24.19316,90.42597 24.19327,90.42579 24.19366,90.42569 24.19387,90.42559 24.19412,90.42543 24.19446,90.42502 24.19529,90.42495 24.19542,90.42471 24.1959,90.4246 24.1961,90.42472 24.19615,90.42488 24.19582,90.425 24.19584,90.42488 24.19582,90.42502 24.19554,90.42519 24.19522,90.42539 24.1948,90.42554 24.19445,90.42583 24.19389,90.42587 24.1938,90.42588 24.19379,90.42611 24.19329,90.42617 24.19314,90.42617 24.19312,90.4262 24.19306,90.42625 24.19288,90.42631 24.19266,90.42635 24.19246,90.42641 24.19211,90.42642 24.19201,90.42643 24.19188,90.42647 24.19151,90.42654 24.19044,90.42659 24.18978,90.42666 24.18882,90.42673 24.18793,90.42674 24.18777,90.42681 24.18717,90.42684 24.18695,90.42688 24.18652,90.42689 24.18645,90.42693 24.18575,90.42693 24.18562,90.42694 24.18501,90.42695 24.18484,90.42695 24.18439,90.42696 24.18406,90.42696 24.18394,90.42696 24.18356,90.42696 24.18354,90.42697 24.18342,90.42697 24.18341,90.42697 24.18338,90.42699 24.18306,90.42701 24.18285,90.42703 24.18267,90.42703 24.18266,90.42708 24.18215,90.42711 24.18178,90.42715 24.18116)"
1Gs3Qrt-2V7M-shMmHQWMiLDKAT3fVQpr,1Gs3Qrt-2V7M-shMmHQWMiLDKAT3fVQpr-L40,2026.EIS.BEPZA.000023.kmz,"Directions from Youngone Hi-Tech Sportswear Ind. Ltd., Youngone hi-tech, Baipayl to Unil Darul Ulum islamia Alim Madrasha","Directions from Youngone Hi-Tech Sportswear Ind. Ltd., Youngone hi-tech, Baipayl to Unil Darul Ulum islamia Alim Madrasha",445,90.27069,23.95198,90.22603,23.95292,"LINESTRING(90.27069 23.95198,90.27091 23.952,90.27115 23.95201,90.27114 23.95182,90.27114 23.95134,90.27114 23.95126,90.27114 23.95125,90.27114 23.95071,90.27117 23.9507,90.2712 23.9507,90.27124 23.95068,90.27126 23.95066,90.27131 23.9506,90.27131 23.95055,90.27199 23.95055,90.27288 23.95054,90.27325 23.95053,90.27326 23.95065,90.27364 23.95064,90.27403 23.95063,90.27402 23.95075,90.27398 23.95091,90.27402 23.95097,90.27407 23.95104,90.27406 23.95108,90.27394 23.95143,90.27389 23.95157,90.27376 23.95191,90.27368 23.95213,90.27349 23.95259,90.27326 23.95315,90.27308 23.9536,90.273 23.95378,90.27293 23.95395,90.27284 23.95394,90.27264 23.95394,90.27245 23.95394,90.27239 23.95394,90.27209 23.95394,90.27206 23.95394,90.27203 23.95394,90.27138 23.95394,90.2712 23.95392,90.27105 23.9539,90.27093 23.95386,90.27089 23.95384,90.27085 23.95382,90.27074 23.95377,90.27032 23.95359,90.26983 23.95342,90.26982 23.95342,90.26978 23.9534,90.26977 23.9534,90.26966 23.95337,90.26958 23.95335,90.26943 23.95333,90.26929 23.95332,90.26912 23.95335,90.26888 23.95336,90.26862 23.95335,90.2684 23.95333,90.26825 23.95331,90.26816 23.95329,90.26808 23.95327,90.26773 23.95318,90.26772 23.95317,90.26762 23.95316,90.2675 23.95315,90.26721 23.95314,90.26669 23.95314,90.26647 23.95316,90.26628 23.95318,90.26597 23.95325,90.26543 23.95326,90.26508 23.95331,90.26501 23.95332,90.26487 23.9533,90.26482 23.9533,90.26467 23.95329,90.2645 23.9532,90.26436 23.9532,90.26408 23.95318,90.26364 23.95321,90.2636 23.95321,90.26357 23.95321,90.26314 23.95324,90.2629 23.95323,90.26277 23.95323,90.26247 23.95319,90.26242 23.95319,90.26208 23.95321,90.26206 23.95321,90.26167 23.95328,90.26142 23.95334,90.26118 23.95339,90.26076 23.95348,90.26056 23.9535,90.26055 23.95353,90.26054 23.95355,90.26054 23.95358,90.26053 23.95362,90.26048 23.95375,90.26045 23.95382,90.26042 23.95388,90.2604 23.9539,90.26026 23.95424,90.26019 23.95438,90.26013 23.9545,90.26012 23.95452,90.2601 23.95457,90.26006 23.95462,90.25991 23.95479,90.25975 23.95494,90.25941 23.95522,90.25938 23.95526,90.25936 23.95529,90.25935 23.95531,90.25933 23.95534,90.25933 23.95536,90.25934 23.95548,90.25937 23.95566,90.25938 23.95585,90.25936 23.95588,90.25934 23.95589,90.25932 23.95591,90.25922 23.95593,90.25918 23.95595,90.25909 23.95596,90.25896 23.95596,90.25887 23.95595,90.25862 23.95594,90.25851 23.95622,90.25848 23.95629,90.25845 23.95634,90.25841 23.95638,90.25838 23.95641,90.25836 23.95643,90.25823 23.95652,90.2582 23.95654,90.25812 23.95659,90.25793 23.95675,90.25779 23.95689,90.25772 23.95696,90.25765 23.95701,90.25754 23.95704,90.25746 23.95707,90.25745 23.95708,90.25725 23.95782,90.25762 23.9579,90.25778 23.95793,90.25765 23.9583,90.25751 23.95872,90.25739 23.95873,90.2573 23.95874,90.25715 23.95878,90.25654 23.95892,90.25652 23.95892,90.2564 23.95894,90.25611 23.95902,90.25594 23.95905,90.25537 23.95909,90.2553 23.95912,90.25515 23.95917,90.25514 23.95918,90.25504 23.95923,90.25485 23.95926,90.25471 23.95927,90.25451 23.95926,90.25446 23.95926,90.25426 23.95926,90.25418 23.95926,90.25412 23.95927,90.25392 23.95937,90.25378 23.95952,90.25364 23.95957,90.25352 23.95961,90.25335 23.95962,90.25323 23.95963,90.25302 23.95964,90.25292 23.95963,90.2527 23.95961,90.25232 23.95955,90.25199 23.95951,90.25195 23.95951,90.25166 23.9595,90.25153 23.9595,90.25131 23.95953,90.25116 23.95956,90.25107 23.95955,90.25095 23.95953,90.2509 23.95952,90.25073 23.9595,90.25049 23.95946,90.25033 23.95944,90.25018 23.95943,90.24992 23.95945,90.2497 23.95947,90.24967 23.95947,90.24954 23.95948,90.24951 23.95947,90.24938 23.95947,90.24924 23.95945,90.24911 23.95944,90.24899 23.95945,90.24879 23.95949,90.24866 23.95953,90.24862 23.95955,90.24847 23.95962,90.24839 23.95965,90.24837 23.95965,90.24831 23.95965,90.24823 23.95963,90.24811 23.95961,90.24791 23.95955,90.24781 23.95955,90.24773 23.95957,90.24756 23.95962,90.24753 23.95967,90.24749 23.95969,90.24739 23.95977,90.24719 23.95984,90.24703 23.95987,90.24691 23.9599,90.24673 23.95993,90.24629 23.96001,90.24624 23.96002,90.24613 23.96004,90.24584 23.9601,90.24572 23.96019,90.24563 23.96028,90.24558 23.96033,90.24543 23.96049,90.24538 23.96056,90.24523 23.96064,90.245 23.96075,90.24482 23.96082,90.24474 23.96083,90.24459 23.96086,90.2444 23.96081,90.24418 23.96073,90.2441 23.96075,90.24402 23.96075,90.24382 23.96071,90.24358 23.96066,90.24348 23.96063,90.24341 23.96062,90.24339 23.96062,90.24332 23.96062,90.24318 23.96064,90.2431 23.96065,90.24301 23.96065,90.24288 23.96061,90.24267 23.96056,90.24245 23.9605,90.24233 23.96046,90.24226 23.96045,90.24202 23.96042,90.24187 23.9604,90.24175 23.96038,90.24173 23.96038,90.24172 23.96037,90.24172 23.96036,90.24172 23.96035,90.24175 23.96029,90.24162 23.96023,90.24142 23.96013,90.24131 23.96007,90.2412 23.95994,90.24112 23.9598,90.2411 23.95966,90.24105 23.95944,90.24096 23.9593,90.24095 23.95928,90.24091 23.95921,90.24084 23.95913,90.24081 23.9591,90.24064 23.95898,90.2405 23.95886,90.24034 23.95869,90.24022 23.95861,90.24001 23.95855,90.2398 23.95853,90.23967 23.9585,90.23936 23.95839,90.23933 23.95838,90.23926 23.95836,90.23909 23.95828,90.23867 23.95809,90.23851 23.95805,90.23843 23.95804,90.23838 23.95803,90.23828 23.958,90.23822 23.95798,90.23816 23.95795,90.23807 23.95789,90.23794 23.95779,90.23785 23.95774,90.23777 23.9577,90.2376 23.95762,90.23736 23.9575,90.23723 23.9574,90.23718 23.95737,90.23707 23.9573,90.23702 23.95727,90.23696 23.95723,90.23689 23.9572,90.23676 23.95715,90.23663 23.95711,90.23648 23.95707,90.23651 23.95699,90.23651 23.95688,90.23653 23.95676,90.23654 23.95674,90.23658 23.95658,90.2366 23.95648,90.23669 23.95611,90.23675 23.95581,90.23677 23.95568,90.23681 23.9555,90.2368 23.95537,90.23682 23.95529,90.23682 23.95512,90.23682 23.95508,90.23682 23.95487,90.23679 23.95464,90.23675 23.95441,90.23669 23.95422,90.23664 23.954,90.23662 23.95383,90.23641 23.95382,90.23621 23.9538,90.23603 23.9538,90.23591 23.95381,90.23581 23.95383,90.23575 23.95384,90.23571 23.95385,90.23557 23.95387,90.23546 23.95386,90.23539 23.95384,90.23531 23.95384,90.23516 23.95384,90.23505 23.95384,90.23487 23.95383,90.23467 23.95382,90.23453 23.95383,90.23448 23.95382,90.23445 23.95382,90.23437 23.95381,90.23427 23.9538,90.23418 23.9538,90.23417 23.9538,90.23408 23.95382,90.23398 23.95385,90.23383 23.95388,90.23372 23.9539,90.23361 23.9539,90.23346 23.9539,90.23334 23.95389,90.23324 23.9539,90.23313 23.95392,90.23304 23.95395,90.23294 23.95399,90.23285 23.95403,90.23279 23.95405,90.23266 23.9541,90.23254 23.95414,90.23248 23.95416,90.23239 23.95418,90.23221 23.95424,90.2321 23.95427,90.23209 23.95428,90.23201 23.9543,90.23194 23.95433,90.23187 23.95437,90.23181 23.9544,90.23176 23.95442,90.23171 23.95443,90.23164 23.95444,90.23157 23.95445,90.23147 23.95445,90.23136 23.95445,90.23137 23.95438,90.23138 23.95427,90.23138 23.95419,90.23136 23.95407,90.23135 23.95398,90.23134 23.95394,90.23133 23.95393,90.23128 23.9538,90.23122 23.95367,90.2312 23.95357,90.2312 23.95345,90.23121 23.9533,90.2312 23.95318,90.23118 23.95308,90.23115 23.95297,90.23113 23.95291,90.23109 23.95284,90.23107 23.95282,90.23104 23.9528,90.23097 23.95277,90.23084 23.95274,90.23077 23.95271,90.23056 23.95268,90.23054 23.95267,90.23045 23.95264,90.23013 23.95259,90.23005 23.95259,90.23003 23.95258,90.23 23.95258,90.22998 23.95257,90.22991 23.95255,90.22988 23.95254,90.22981 23.9525,90.22975 23.95244,90.22972 23.95242,90.22968 23.95239,90.22961 23.95233,90.22953 23.95227,90.22949 23.95225,90.22929 23.95216,90.22923 23.95213,90.22901 23.95254,90.22865 23.95242,90.22845 23.9528,90.22814 23.95279,90.22778 23.95277,90.22771 23.95276,90.22744 23.95272,90.22731 23.95272,90.22723 23.95271,90.22714 23.9527,90.22698 23.9527,90.22696 23.95266,90.22694 23.95263,90.2269 23.9526,90.22684 23.95258,90.22682 23.95257,90.22679 23.95257,90.22657 23.95251,90.22644 23.95283,90.22642 23.95293,90.2263 23.95293,90.22618 23.95293,90.22603 23.95292)"
1HFLjP6fOv7Fs4ljnd33wn5oYy8sz7VHn,1HFLjP6fOv7Fs4ljnd33wn5oYy8sz7VHn-L41,EIS.2026.SP.000060.kmz,"Directions from X9HF+GCQ, Gazipur, Bangladesh to Meditex Industries Ltd., 913","Directions from X9HF+GCQ, Gazipur, Bangladesh to Meditex Industries Ltd., 913",250,90.37353,23.97887,90.31959,24.0058,"LINESTRING(90.37353 23.97887,90.37358 23.97875,90.37364 23.97851,90.37368 23.97844,90.37371 23.97838,90.37373 23.97834,90.37373 23.97832,90.37374 23.97829,90.37374 23.97823,90.37374 23.97814,90.37374 23.97809,90.37376 23.97797,90.37378 23.97788,90.37381 23.9778,90.37384 23.9777,90.37386 23.97759,90.37386 23.97755,90.37387 23.97743,90.37508 23.97743,90.37509 23.97743,90.37666 23.97744,90.37804 23.97748,90.3804 23.97754,90.38056 23.97755,90.3808 23.97755,90.38078 23.97743,90.38055 23.97741,90.38029 23.97739,90.37942 23.9774,90.37806 23.97738,90.37804 23.97738,90.37782 23.97738,90.37696 23.97737,90.37598 23.97737,90.37597 23.97737,90.37534 23.97737,90.37514 23.97737,90.37434 23.97735,90.37391 23.97735,90.37387 23.97735,90.37355 23.97737,90.37325 23.97741,90.37295 23.97746,90.37284 23.97748,90.37256 23.97755,90.37229 23.97765,90.37204 23.97777,90.37177 23.97791,90.37162 23.97803,90.37141 23.97818,90.37123 23.97833,90.371 23.97856,90.37074 23.9788,90.37049 23.97906,90.37027 23.9793,90.36965 23.97997,90.36941 23.98023,90.36908 23.98058,90.36887 23.98081,90.36876 23.98092,90.36843 23.98127,90.36795 23.98175,90.3679 23.9818,90.3674 23.98232,90.36707 23.98265,90.36673 23.98299,90.36619 23.98353,90.36592 23.9838,90.3659 23.98381,90.36531 23.9844,90.36508 23.98462,90.36489 23.98477,90.36476 23.98488,90.3647 23.98492,90.36443 23.98512,90.36426 23.98525,90.36323 23.98595,90.36313 23.98601,90.36269 23.98632,90.36183 23.98691,90.36124 23.98728,90.36067 23.98767,90.35971 23.98834,90.3596 23.98842,90.3594 23.98855,90.35918 23.9887,90.35855 23.98911,90.35851 23.98913,90.35839 23.98919,90.3579 23.98941,90.35751 23.98955,90.35709 23.98971,90.35608 23.98998,90.35604 23.98999,90.35553 23.99014,90.35491 23.99031,90.35478 23.99039,90.35474 23.99042,90.35467 23.99045,90.35456 23.99049,90.35444 23.99055,90.35431 23.99062,90.35403 23.99077,90.35387 23.99087,90.35374 23.99095,90.35365 23.991,90.35351 23.99111,90.35324 23.99132,90.35309 23.99143,90.35264 23.99184,90.35243 23.99203,90.35227 23.99216,90.3521 23.99231,90.35198 23.99244,90.35144 23.99296,90.35131 23.99308,90.35109 23.99329,90.35093 23.99344,90.35061 23.99371,90.35046 23.99383,90.35039 23.99389,90.35035 23.99392,90.35025 23.994,90.35014 23.99408,90.34985 23.99427,90.34958 23.99445,90.34937 23.9946,90.34919 23.99472,90.349 23.99486,90.3488 23.99502,90.34864 23.99516,90.34805 23.99577,90.34796 23.99586,90.34719 23.99664,90.34705 23.99678,90.347 23.99683,90.34627 23.99757,90.34613 23.99771,90.34612 23.99772,90.34603 23.99781,90.34596 23.99788,90.34595 23.99789,90.34569 23.99816,90.34527 23.99857,90.34506 23.99878,90.34491 23.99893,90.34468 23.99917,90.34453 23.99932,90.3442 23.99964,90.34415 23.99969,90.3439 23.99995,90.34352 24.00031,90.34335 24.00048,90.34297 24.00087,90.34185 24.00195,90.34152 24.00228,90.34148 24.00231,90.34143 24.00236,90.34126 24.00251,90.34055 24.00317,90.33965 24.00401,90.33862 24.00498,90.33837 24.00521,90.33815 24.00541,90.3376 24.00585,90.33722 24.00614,90.33684 24.00647,90.33639 24.00687,90.336 24.00721,90.33587 24.00732,90.33584 24.00734,90.33572 24.00744,90.33556 24.00755,90.33522 24.00776,90.33521 24.00777,90.33499 24.00789,90.33497 24.0079,90.33489 24.00794,90.33469 24.00803,90.33452 24.0081,90.33442 24.00815,90.33436 24.00817,90.33413 24.00826,90.33399 24.00831,90.33385 24.00835,90.33372 24.00839,90.33361 24.00842,90.33354 24.00844,90.33344 24.00846,90.33292 24.00859,90.33285 24.00861,90.33194 24.00884,90.33191 24.00885,90.33164 24.00892,90.33155 24.00889,90.33148 24.00888,90.33144 24.00889,90.33088 24.00903,90.33008 24.00925,90.32951 24.00939,90.32932 24.00944,90.32875 24.00958,90.32872 24.00958,90.32856 24.00962,90.32854 24.00963,90.32837 24.00966,90.32836 24.00966,90.32798 24.00973,90.32779 24.00977,90.32759 24.00981,90.32721 24.00988,90.32701 24.00992,90.32687 24.00994,90.32664 24.00998,90.32648 24.01001,90.32634 24.01003,90.32602 24.01007,90.32565 24.01013,90.32509 24.01021,90.32455 24.0103,90.32385 24.01039,90.32365 24.01042,90.32307 24.01049,90.32273 24.01055,90.32254 24.01057,90.32176 24.01069,90.32084 24.01082,90.32076 24.01025,90.32073 24.01007,90.32071 24.00967,90.3206 24.00916,90.3206 24.00915,90.32044 24.00883,90.32037 24.00865,90.32035 24.00859,90.32032 24.00847,90.3203 24.00834,90.32028 24.00818,90.32029 24.00799,90.32034 24.00781,90.32073 24.00702,90.32075 24.00698,90.32087 24.00647,90.32099 24.00581,90.32041 24.00578,90.3204 24.00578,90.3201 24.00576,90.31975 24.00579,90.31961 24.0058,90.31959 24.0058)"
1HhIMayEnYgeKqusg2mnQgcCSHBqtW-Sc,1HhIMayEnYgeKqusg2mnQgcCSHBqtW-Sc-L42,2024.EIS.000045.kmz,"Directions from VQ7H+3P5, Teota, Bangladesh to Tarasima Apparels Limited, N5, Manikganj","Directions from VQ7H+3P5, Teota, Bangladesh to Tarasima Apparels Limited, N5, Manikganj",523,89.78071,23.86225,90.05172,23.90566,"LINESTRING(89.78071 23.86225,89.78046 23.8618,89.7803 23.86147,89.78028 23.86144,89.78017 23.86123,89.78003 23.86104,89.78 23.86101,89.77976 23.86082,89.77966 23.86072,89.77964 23.86057,89.77965 23.85999,89.77969 23.85982,89.77971 23.85976,89.77972 23.8597,89.77973 23.85954,89.77967 23.85928,89.77966 23.85925,89.77958 23.85882,89.77956 23.85874,89.77958 23.85864,89.77962 23.85851,89.77965 23.85827,89.77959 23.85776,89.77975 23.85763,89.77982 23.85755,89.77987 23.85748,89.77989 23.85692,89.77995 23.85632,89.77996 23.85603,89.78005 23.85536,89.78003 23.8553,89.78002 23.85515,89.78006 23.85504,89.78009 23.85493,89.78006 23.8546,89.78004 23.85448,89.78003 23.85448,89.78002 23.8544,89.78 23.85431,89.77997 23.85412,89.77996 23.85397,89.77996 23.85383,89.77997 23.85377,89.77998 23.85364,89.78002 23.85341,89.78003 23.85327,89.77998 23.8531,89.77995 23.85307,89.77978 23.85298,89.7798 23.85296,89.77987 23.85286,89.77988 23.85285,89.77983 23.85246,89.77966 23.85196,89.77966 23.85195,89.77955 23.85154,89.77946 23.85115,89.77945 23.85098,89.77946 23.85097,89.77941 23.85059,89.77933 23.85024,89.77908 23.84949,89.77887 23.84862,89.77885 23.84831,89.77884 23.84787,89.77887 23.84747,89.779 23.84713,89.77917 23.84693,89.77926 23.84659,89.77916 23.84579,89.77866 23.84435,89.77841 23.84387,89.77858 23.84272,89.77859 23.84245,89.7786 23.84235,89.7786 23.84214,89.77864 23.8418,89.77892 23.84107,89.77989 23.84092,89.78071 23.84077,89.7817 23.84056,89.78146 23.83913,89.78137 23.83877,89.78135 23.83871,89.78132 23.83866,89.78119 23.8385,89.78115 23.83842,89.78102 23.83788,89.78079 23.83712,89.78155 23.83706,89.78164 23.83706,89.78185 23.83704,89.78202 23.83699,89.78212 23.83694,89.78222 23.83686,89.78264 23.83644,89.78558 23.83713,89.78672 23.83743,89.78908 23.83798,89.78914 23.838,89.79123 23.83849,89.79449 23.83919,89.79451 23.8392,89.79457 23.83921,89.79487 23.83929,89.79549 23.83942,89.79611 23.83957,89.7962 23.83957,89.79749 23.83987,89.80196 23.84083,89.80275 23.84104,89.80322 23.84119,89.80361 23.8413,89.80366 23.84132,89.80406 23.84144,89.80433 23.8415,89.80493 23.8417,89.80547 23.84183,89.80548 23.84184,89.80613 23.84201,89.80795 23.84244,89.80829 23.84251,89.80833 23.84253,89.80985 23.84291,89.81017 23.84302,89.8104 23.84313,89.81085 23.84337,89.81189 23.84386,89.81205 23.84392,89.81216 23.84399,89.81243 23.84409,89.81329 23.84434,89.81565 23.84497,89.81577 23.84499,89.8158 23.845,89.81674 23.84517,89.81805 23.84537,89.81823 23.84538,89.81869 23.84546,89.81949 23.84551,89.82011 23.84553,89.82024 23.84555,89.82085 23.8456,89.8213 23.84562,89.82154 23.84562,89.82169 23.84563,89.82189 23.84562,89.82194 23.84561,89.82369 23.84552,89.82455 23.84552,89.82675 23.84564,89.8268 23.84566,89.82687 23.84567,89.82955 23.84589,89.82997 23.84589,89.83065 23.84592,89.83074 23.84589,89.83124 23.84593,89.83131 23.84593,89.83171 23.84596,89.8319 23.84596,89.83192 23.84597,89.83231 23.84597,89.83255 23.84598,89.83307 23.84596,89.83562 23.84577,89.83797 23.84547,89.8382 23.84547,89.83841 23.84546,89.83873 23.8454,89.83888 23.8454,89.83929 23.84549,89.83999 23.84551,89.84002 23.84552,89.84157 23.84568,89.8418 23.84572,89.84316 23.8459,89.84321 23.8459,89.84361 23.84593,89.84392 23.84594,89.84427 23.84599,89.84465 23.84607,89.84648 23.84657,89.84777 23.84696,89.84793 23.84704,89.84927 23.84745,89.85184 23.84834,89.85203 23.84839,89.85218 23.84842,89.85238 23.84843,89.85377 23.84862,89.85382 23.84862,89.85541 23.84882,89.85629 23.849,89.85717 23.84912,89.86019 23.84968,89.86386 23.85042,89.86394 23.85041,89.86403 23.85039,89.86413 23.8504,89.86443 23.85048,89.86455 23.85053,89.8649 23.85064,89.86521 23.85067,89.86537 23.85072,89.86588 23.85084,89.86633 23.85091,89.86841 23.8513,89.86895 23.85137,89.86921 23.85139,89.86987 23.85147,89.87059 23.85153,89.87117 23.85161,89.8714 23.85162,89.87162 23.85164,89.87208 23.85163,89.87236 23.85159,89.87287 23.85148,89.87396 23.85119,89.87748 23.85034,89.87795 23.85021,89.87806 23.85017,89.87811 23.85016,89.87924 23.84983,89.88129 23.84929,89.88169 23.84922,89.88181 23.84921,89.88217 23.84914,89.88276 23.84905,89.88317 23.84901,89.88395 23.84889,89.8843 23.84886,89.88451 23.84883,89.88471 23.84877,89.88501 23.84872,89.88553 23.84866,89.88612 23.84863,89.88627 23.84863,89.88704 23.84867,89.88886 23.84887,89.88972 23.849,89.89179 23.84927,89.89182 23.84929,89.89186 23.84931,89.89287 23.84948,89.89338 23.84959,89.89343 23.84959,89.89349 23.84958,89.89466 23.8498,89.89647 23.85001,89.89814 23.85015,89.89855 23.8502,89.89983 23.85041,89.9016 23.8508,89.90316 23.85108,89.90381 23.85126,89.90955 23.8525,89.90966 23.85256,89.90981 23.8526,89.91028 23.85275,89.91249 23.85357,89.91453 23.85427,89.91478 23.85432,89.91498 23.85439,89.91514 23.85443,89.91596 23.85455,89.91619 23.85457,89.91858 23.85486,89.91956 23.85496,89.91961 23.85496,89.9203 23.85501,89.92113 23.85502,89.92239 23.855,89.92316 23.85497,89.9232 23.85498,89.92343 23.85498,89.92379 23.85496,89.92396 23.85494,89.9243 23.85487,89.92433 23.85486,89.92519 23.85467,89.92546 23.85458,89.92821 23.85331,89.92837 23.85322,89.92892 23.85298,89.92913 23.8529,89.934 23.85176,89.93823 23.85086,89.93884 23.85077,89.93928 23.85073,89.93962 23.85073,89.93987 23.85071,89.94004 23.85071,89.94007 23.8507,89.94056 23.85067,89.94173 23.85041,89.94232 23.8503,89.94256 23.85023,89.94279 23.85015,89.94298 23.85007,89.9437 23.84969,89.94399 23.84956,89.94422 23.84948,89.94449 23.84942,89.9454 23.84925,89.94625 23.84916,89.94644 23.84915,89.94648 23.84914,89.94659 23.84913,89.94668 23.84913,89.94861 23.84894,89.94866 23.84894,89.94924 23.84888,89.94929 23.84888,89.94957 23.84885,89.95005 23.84882,89.95046 23.84881,89.95052 23.84883,89.95093 23.84891,89.95124 23.849,89.95126 23.84901,89.95127 23.84901,89.95144 23.84908,89.95151 23.8491,89.95157 23.84913,89.95158 23.84913,89.95179 23.84923,89.95187 23.84926,89.95207 23.84936,89.9523 23.84951,89.9526 23.84973,89.95276 23.8499,89.9529 23.85007,89.95308 23.85032,89.95323 23.85051,89.95329 23.85063,89.95362 23.8511,89.95532 23.85333,89.95533 23.85335,89.95578 23.85394,89.95582 23.854,89.95675 23.85523,89.9568 23.85531,89.95691 23.85546,89.95694 23.85549,89.95723 23.85591,89.95772 23.8567,89.95774 23.85672,89.9579 23.85699,89.9582 23.85745,89.95822 23.8575,89.95829 23.85761,89.95837 23.85772,89.95888 23.85855,89.9589 23.85857,89.95961 23.85967,89.95968 23.85979,89.95977 23.85992,89.95978 23.85994,89.96007 23.86038,89.96009 23.8604,89.96038 23.86087,89.96059 23.86118,89.96061 23.86122,89.96072 23.86137,89.96072 23.86138,89.96078 23.86143,89.96088 23.86165,89.96116 23.86212,89.96132 23.86232,89.96192 23.86344,89.96202 23.8636,89.96208 23.86371,89.96224 23.86397,89.96359 23.86632,89.96413 23.86717,89.96433 23.86759,89.96536 23.86938,89.96546 23.86952,89.9655 23.86964,89.96569 23.86992,89.96575 23.86999,89.96591 23.87015,89.96604 23.87024,89.96621 23.87034,89.96643 23.87043,89.96644 23.87043,89.96679 23.87055,89.9668 23.87056,89.96723 23.8707,89.96736 23.87072,89.96866 23.87118,89.96921 23.87132,89.97096 23.87192,89.97106 23.87197,89.97153 23.87213,89.97184 23.8722,89.97213 23.87223,89.97282 23.87224,89.97311 23.87226,89.97322 23.87226,89.97334 23.87227,89.97826 23.87245,89.97877 23.87245,89.97987 23.87238,89.98037 23.8723,89.98173 23.87203,89.98282 23.87184,89.98319 23.87179,89.98796 23.87088,89.99174 23.87011,89.99279 23.86985,89.9931 23.86982,89.99318 23.86982,89.99332 23.86981,89.99355 23.86983,89.99405 23.86993,89.99437 23.86998,89.99444 23.86998,89.99488 23.87007,89.99557 23.87018,89.99585 23.87021,89.99622 23.87029,89.99635 23.87037,89.99654 23.87042,89.99815 23.87077,89.99826 23.8708,89.99925 23.87095,89.99938 23.87098,89.99966 23.87102,89.99993 23.87103,89.99997 23.87104,90.0012 23.87122,90.00173 23.87132,90.00181 23.87133,90.00279 23.87151,90.0028 23.87151,90.00333 23.8716,90.00334 23.8716,90.00569 23.87202,90.00604 23.87205,90.00644 23.87211,90.01039 23.87283,90.01104 23.87293,90.01184 23.87308,90.01194 23.87309,90.01299 23.87329,90.013 23.87329,90.01308 23.87331,90.01322 23.87337,90.01341 23.87348,90.0135 23.87354,90.01458 23.87441,90.0153 23.87509,90.01837 23.87782,90.01921 23.87848,90.02058 23.87926,90.02074 23.87936,90.02113 23.87958,90.02168 23.87984,90.02214 23.88,90.02235 23.88006,90.02253 23.8801,90.02673 23.88073,90.02681 23.88075,90.02739 23.88085,90.02837 23.88099,90.02884 23.8811,90.02985 23.8814,90.02986 23.88141,90.02996 23.88145,90.03003 23.88149,90.03017 23.88159,90.03033 23.88174,90.0305 23.88193,90.03067 23.88217,90.03083 23.88243,90.03109 23.8829,90.03115 23.88295,90.03128 23.88321,90.03208 23.88496,90.03274 23.88651,90.03304 23.88715,90.03371 23.88873,90.03415 23.88966,90.0343 23.89001,90.03436 23.89019,90.03569 23.89317,90.03592 23.89364,90.03599 23.89383,90.03729 23.89688,90.03791 23.89814,90.03853 23.89961,90.03912 23.90068,90.03937 23.90107,90.03975 23.90162,90.03997 23.90186,90.04245 23.9042,90.04246 23.90422,90.04299 23.90472,90.04302 23.90478,90.04307 23.90485,90.04324 23.90499,90.04347 23.90515,90.04354 23.90521,90.04379 23.90534,90.04403 23.90545,90.04419 23.90551,90.04421 23.90551,90.04437 23.90554,90.04445 23.90553,90.0446 23.90557,90.04518 23.90565,90.04521 23.90565,90.04632 23.90583,90.04767 23.90601,90.04769 23.90602,90.04789 23.90604,90.0479 23.90605,90.051 23.90649,90.05141 23.90656,90.0515 23.90627,90.05172 23.90566)"
1I2JMeClYgq6bJsrylUc66faI01AOfhyW,1I2JMeClYgq6bJsrylUc66faI01AOfhyW-L43,2026.EIS.000124.kmz,"Directions from ROBINTEX GROUP, Narayanganj to QHG6+PRV, Bangladesh","Directions from ROBINTEX GROUP, Narayanganj to QHG6+PRV, Bangladesh",40,90.56035,23.77218,90.56214,23.77702,"LINESTRING(90.56035 23.77218,90.56008 23.77214,90.56002 23.77249,90.55995 23.77248,90.55993 23.77249,90.5599 23.7725,90.55984 23.77246,90.55985 23.7725,90.55982 23.7725,90.55979 23.7725,90.55976 23.77251,90.55924 23.77276,90.55932 23.77288,90.55952 23.77317,90.55976 23.77355,90.55997 23.77388,90.56003 23.77396,90.56043 23.77458,90.56075 23.77507,90.56098 23.77543,90.56111 23.77561,90.56117 23.77573,90.56128 23.77596,90.56135 23.77618,90.5614 23.7763,90.56145 23.77645,90.56155 23.77678,90.56187 23.77671,90.56189 23.7767,90.5619 23.7767,90.56191 23.77671,90.56192 23.77671,90.56193 23.77672,90.56199 23.77694,90.56201 23.77699,90.56201 23.777,90.56203 23.77701,90.56206 23.77702,90.56209 23.77702,90.56214 23.77702)"
1IeqOOnS3gPwLeo1E1MKwcCIDcSIvt0Vi,1IeqOOnS3gPwLeo1E1MKwcCIDcSIvt0Vi-L44,2025.EIS.000055.kmz,"Directions from 3333 Saiham Nagar, Bangladesh to Pioneer Denim Limited, Shahpur Bazar, Madhabpur","Directions from 3333 Saiham Nagar, Bangladesh to Pioneer Denim Limited, Shahpur Bazar, Madhabpur",133,91.38814,24.27156,91.3639,24.22342,"LINESTRING(91.38814 24.27156,91.38814 24.27155,91.38815 24.27154,91.38815 24.27153,91.38816 24.27152,91.38818 24.27151,91.3882 24.2715,91.38831 24.27148,91.38833 24.27147,91.38842 24.27146,91.38844 24.27145,91.38845 24.27144,91.38847 24.27143,91.38847 24.27142,91.38848 24.27141,91.38848 24.2714,91.38848 24.27138,91.38844 24.27129,91.38843 24.27124,91.38839 24.27113,91.38837 24.27104,91.38834 24.27089,91.38805 24.27097,91.3871 24.27121,91.38687 24.27127,91.38682 24.27129,91.38648 24.27136,91.3863 24.2714,91.38629 24.2714,91.38621 24.2714,91.38616 24.2714,91.38605 24.27141,91.38604 24.27141,91.38586 24.27139,91.38569 24.27137,91.38558 24.27134,91.38546 24.27131,91.38535 24.27127,91.3852 24.2712,91.38517 24.27119,91.3851 24.27115,91.3849 24.27102,91.38471 24.27087,91.38462 24.27078,91.38452 24.27067,91.38445 24.27058,91.3844 24.27049,91.38436 24.27043,91.38431 24.27031,91.38423 24.27016,91.38418 24.27003,91.38416 24.26997,91.38342 24.2681,91.38302 24.26712,91.38299 24.26705,91.38278 24.26657,91.38203 24.26516,91.38191 24.26495,91.38178 24.26472,91.38169 24.26457,91.38117 24.26368,91.38105 24.26347,91.38002 24.26169,91.37994 24.26156,91.37895 24.25983,91.37885 24.25967,91.37856 24.25917,91.37816 24.25847,91.37733 24.25709,91.37731 24.25706,91.37679 24.25629,91.37657 24.25599,91.37654 24.25595,91.37607 24.25537,91.37591 24.25519,91.3759 24.25517,91.37564 24.25489,91.37532 24.25451,91.37522 24.2544,91.37383 24.25272,91.37356 24.25234,91.37327 24.25178,91.37316 24.25155,91.37233 24.2498,91.37225 24.24963,91.37217 24.24946,91.37209 24.2493,91.37161 24.24827,91.37152 24.24807,91.37143 24.24785,91.37104 24.24692,91.37103 24.24689,91.37083 24.24632,91.37075 24.24609,91.37019 24.24409,91.3701 24.24375,91.36984 24.24286,91.36953 24.24166,91.36927 24.24069,91.3692 24.24045,91.36912 24.24017,91.36883 24.23915,91.36879 24.239,91.36863 24.23837,91.36854 24.23801,91.36849 24.2377,91.36822 24.236,91.36807 24.23501,91.36792 24.23408,91.36779 24.23335,91.36769 24.23301,91.36712 24.23129,91.367 24.23094,91.36675 24.23013,91.36669 24.22994,91.36654 24.22948,91.36653 24.22944,91.36643 24.22917,91.36629 24.22873,91.36622 24.22851,91.36615 24.22823,91.36614 24.22817,91.36587 24.22721,91.36579 24.22689,91.36569 24.22648,91.36545 24.22554,91.36544 24.22551,91.36524 24.22471,91.36518 24.2245,91.36503 24.22393,91.36502 24.22389,91.3641 24.22411,91.3639 24.22342)"
1J-SzsxXvV4aorbFggrCm_uM5gIfLTx6L,1J-SzsxXvV4aorbFggrCm_uM5gIfLTx6L-L45,2026.EIS.000131.kmz,"Directions from SQUARE Fashions Limited, Dhaka - Mymensingh Road, Bhaluka to HCH3+H2R, Trishal - Balipara Rd, Bangladesh","Directions from SQUARE Fashions Limited, Dhaka - Mymensingh Road, Bhaluka to HCH3+H2R, Trishal - Balipara Rd, Bangladesh",734,90.38728,24.2959,90.40312,24.57885,"LINESTRING(90.38728 24.2959,90.38738 24.29589,90.38758 24.29586,90.3883 24.29579,90.38832 24.29574,90.38851 24.29523,90.3886 24.29523,90.38883 24.29525,90.38906 24.29529,90.38887 24.29604,90.38839 24.29796,90.38828 24.29839,90.38825 24.2985,90.38812 24.29905,90.38802 24.2994,90.38796 24.29961,90.38757 24.30076,90.38689 24.30281,90.38629 24.30461,90.38617 24.30495,90.38604 24.30534,90.38557 24.30671,90.3852 24.30779,90.38516 24.30788,90.38488 24.30872,90.38464 24.30943,90.3846 24.30954,90.38421 24.31075,90.38381 24.31192,90.3838 24.31192,90.38351 24.31278,90.38325 24.31354,90.38297 24.31439,90.38194 24.31739,90.38093 24.32036,90.38072 24.32099,90.38064 24.32121,90.38052 24.32157,90.38046 24.32174,90.3803 24.32222,90.38011 24.32277,90.37946 24.32466,90.37922 24.32535,90.37862 24.32713,90.37841 24.32773,90.37806 24.32878,90.37796 24.32908,90.37784 24.32942,90.37779 24.32957,90.37713 24.33154,90.37705 24.33183,90.37631 24.33393,90.37602 24.33476,90.37579 24.33542,90.37547 24.33632,90.37541 24.3365,90.37535 24.33667,90.37511 24.33735,90.37457 24.3389,90.3744 24.33938,90.37429 24.33972,90.37426 24.3398,90.37422 24.33991,90.37408 24.34037,90.37397 24.3408,90.37388 24.34121,90.37383 24.34161,90.37382 24.34186,90.37382 24.34205,90.37382 24.34208,90.37382 24.34226,90.37382 24.34251,90.37383 24.34273,90.37384 24.34304,90.37389 24.34348,90.37398 24.34423,90.37401 24.34456,90.37411 24.34563,90.37415 24.34612,90.37423 24.34702,90.37434 24.34827,90.37447 24.34971,90.37463 24.3515,90.37465 24.3517,90.37474 24.35269,90.37479 24.35329,90.37485 24.35395,90.37495 24.35508,90.37499 24.35549,90.37503 24.35589,90.37505 24.35608,90.37505 24.3562,90.37516 24.35742,90.3752 24.35778,90.37532 24.35888,90.37551 24.36097,90.37558 24.36169,90.37563 24.36223,90.37567 24.36284,90.37571 24.36336,90.37578 24.36409,90.37579 24.36434,90.37581 24.36457,90.37584 24.36481,90.37588 24.36512,90.37591 24.36542,90.37605 24.36723,90.3761 24.36792,90.37612 24.3681,90.37613 24.3683,90.37615 24.36852,90.37616 24.36869,90.37617 24.3689,90.37618 24.36904,90.37626 24.36986,90.37631 24.37048,90.37637 24.37132,90.37641 24.37174,90.37642 24.37198,90.37644 24.3722,90.37647 24.37239,90.37659 24.37321,90.37665 24.37355,90.37671 24.37381,90.37672 24.37387,90.37684 24.37452,90.3769 24.37485,90.37693 24.37504,90.37694 24.3752,90.377 24.3757,90.37704 24.37602,90.37708 24.37653,90.37711 24.37706,90.37719 24.37832,90.37721 24.3785,90.37724 24.37897,90.37731 24.3798,90.37733 24.37994,90.37734 24.38007,90.37737 24.38041,90.37744 24.38089,90.37748 24.38146,90.37754 24.38213,90.37757 24.38245,90.37762 24.38288,90.37765 24.38329,90.37765 24.38331,90.37766 24.38337,90.3777 24.38403,90.37772 24.38439,90.37774 24.38483,90.37776 24.38512,90.37782 24.38573,90.37783 24.38591,90.37786 24.38625,90.37791 24.38658,90.37794 24.38679,90.37797 24.38702,90.37803 24.38732,90.37807 24.38745,90.37808 24.3875,90.37814 24.38767,90.37822 24.38791,90.37833 24.3882,90.37852 24.38867,90.37873 24.38916,90.37898 24.38972,90.37932 24.39045,90.37947 24.39077,90.38005 24.39198,90.38014 24.39218,90.38022 24.39237,90.38036 24.39268,90.38056 24.39312,90.38068 24.39341,90.38072 24.39349,90.3808 24.39366,90.38087 24.39382,90.3811 24.39432,90.38179 24.39581,90.38195 24.39614,90.38218 24.39656,90.38233 24.39683,90.38247 24.39703,90.38249 24.39706,90.38254 24.39714,90.38281 24.39748,90.38348 24.39819,90.38375 24.39844,90.38381 24.3985,90.38389 24.39857,90.38413 24.3988,90.3844 24.39906,90.38466 24.39932,90.38507 24.39972,90.3852 24.39985,90.38551 24.40017,90.38558 24.40024,90.38566 24.40032,90.38574 24.40042,90.38589 24.40069,90.38596 24.40084,90.38608 24.40108,90.38616 24.40131,90.38627 24.40166,90.38634 24.40195,90.38637 24.40208,90.3864 24.4023,90.38642 24.40245,90.38642 24.40247,90.38642 24.40267,90.38641 24.40303,90.38639 24.4032,90.38634 24.4036,90.38628 24.40389,90.38617 24.40449,90.38612 24.40477,90.38611 24.40482,90.38607 24.40528,90.38606 24.40546,90.38606 24.40563,90.38608 24.40588,90.38609 24.40604,90.38612 24.40626,90.38616 24.40647,90.38621 24.4067,90.3863 24.407,90.38647 24.40745,90.38654 24.40764,90.38658 24.40777,90.3866 24.40784,90.38667 24.40812,90.38668 24.40816,90.38673 24.40845,90.38675 24.40859,90.38675 24.4089,90.38675 24.4091,90.38673 24.40932,90.38672 24.40953,90.38671 24.40979,90.38668 24.41008,90.38667 24.41028,90.38666 24.41042,90.38666 24.41043,90.38667 24.41056,90.38669 24.41073,90.38674 24.41099,90.38689 24.41169,90.38705 24.4124,90.38717 24.41295,90.38723 24.41323,90.38724 24.41326,90.38731 24.41356,90.38749 24.41424,90.3875 24.41429,90.38758 24.41456,90.38764 24.41474,90.38772 24.41502,90.38825 24.41625,90.38855 24.41692,90.38856 24.41695,90.3887 24.41728,90.38881 24.4176,90.38887 24.41779,90.3889 24.4179,90.38893 24.41802,90.38896 24.41815,90.38899 24.41832,90.38901 24.41848,90.38903 24.41887,90.38905 24.4193,90.38905 24.41955,90.38905 24.41977,90.38902 24.42002,90.38899 24.42019,90.38896 24.42035,90.38882 24.42081,90.38875 24.42103,90.38853 24.42164,90.38835 24.42212,90.38814 24.42269,90.38804 24.42294,90.38801 24.42304,90.38763 24.42407,90.38751 24.42436,90.38742 24.42462,90.38694 24.42586,90.38677 24.42631,90.38656 24.42688,90.38625 24.42767,90.38619 24.42784,90.386 24.42831,90.38579 24.42886,90.3856 24.42937,90.38553 24.42954,90.38547 24.4297,90.38536 24.43001,90.38534 24.43005,90.38523 24.43032,90.38514 24.43056,90.38501 24.43088,90.38493 24.43112,90.38484 24.4315,90.38477 24.43181,90.38472 24.43208,90.38465 24.43254,90.38461 24.43281,90.38458 24.43313,90.38458 24.43315,90.38456 24.43341,90.38453 24.43386,90.3845 24.43404,90.38445 24.43445,90.38435 24.43501,90.38431 24.43529,90.38423 24.43582,90.38418 24.43633,90.38417 24.43651,90.38413 24.43704,90.3841 24.43753,90.38399 24.43865,90.38392 24.43947,90.38392 24.43949,90.38389 24.43983,90.38388 24.4399,90.38376 24.44061,90.38375 24.44072,90.38371 24.44107,90.38369 24.44144,90.38354 24.44279,90.38352 24.44294,90.38346 24.44337,90.38322 24.44556,90.38308 24.44678,90.38298 24.44746,90.38295 24.44768,90.38277 24.44923,90.38268 24.45015,90.3826 24.45078,90.38254 24.4514,90.3825 24.45176,90.38249 24.45185,90.38244 24.45234,90.38226 24.45373,90.38218 24.45444,90.38215 24.45468,90.38193 24.45651,90.38192 24.45652,90.38189 24.45685,90.38179 24.45779,90.38164 24.4591,90.38148 24.46053,90.38146 24.46069,90.3814 24.46124,90.38132 24.46175,90.38124 24.46239,90.3812 24.46276,90.3812 24.46298,90.38121 24.46308,90.38121 24.46319,90.38125 24.46349,90.38127 24.46363,90.38129 24.46377,90.38136 24.46411,90.38141 24.46432,90.38147 24.46451,90.38157 24.46479,90.38177 24.46533,90.38181 24.46545,90.38187 24.46562,90.38206 24.46614,90.3821 24.46625,90.38219 24.46648,90.38225 24.46665,90.38229 24.46675,90.38254 24.46745,90.38262 24.46767,90.38335 24.46977,90.38425 24.4723,90.38443 24.47279,90.38486 24.47396,90.38509 24.47457,90.38512 24.47463,90.38531 24.47503,90.38542 24.47523,90.38557 24.47547,90.38567 24.47562,90.38581 24.47582,90.38586 24.47589,90.38592 24.47596,90.38608 24.47615,90.3863 24.47639,90.38645 24.47654,90.38811 24.47821,90.38864 24.47874,90.38889 24.47898,90.38946 24.47953,90.38977 24.47982,90.38998 24.48003,90.3913 24.48128,90.39233 24.48225,90.39247 24.48238,90.39335 24.48325,90.39341 24.48331,90.3935 24.48339,90.39355 24.48344,90.39502 24.48485,90.39505 24.48488,90.39518 24.48502,90.39526 24.48514,90.39535 24.48528,90.3955 24.48555,90.39563 24.48581,90.39565 24.48583,90.39574 24.48605,90.39581 24.48622,90.39587 24.48638,90.39594 24.48666,90.396 24.48698,90.39603 24.48726,90.39605 24.48748,90.39607 24.4878,90.39606 24.48793,90.39601 24.48819,90.39587 24.48879,90.39587 24.4888,90.39579 24.48916,90.39572 24.48951,90.39563 24.48995,90.39557 24.49021,90.39556 24.49028,90.39553 24.49039,90.3955 24.49057,90.39546 24.49074,90.39544 24.49084,90.39539 24.49109,90.39536 24.49124,90.39533 24.49138,90.39522 24.4918,90.39518 24.49197,90.39514 24.49214,90.3951 24.49232,90.39505 24.49253,90.39496 24.49302,90.39488 24.49345,90.39484 24.49383,90.39481 24.49402,90.39478 24.49437,90.39478 24.49458,90.39476 24.49483,90.39472 24.49584,90.39472 24.49648,90.39471 24.49666,90.39471 24.49732,90.39469 24.49881,90.39468 24.49946,90.39467 24.50002,90.39464 24.50115,90.39464 24.50139,90.39463 24.50157,90.39461 24.50249,90.3946 24.50331,90.39459 24.50452,90.39456 24.50553,90.39454 24.50675,90.39452 24.50825,90.3945 24.50873,90.39449 24.50896,90.39446 24.5096,90.39444 24.50981,90.39442 24.51003,90.39436 24.51062,90.39435 24.5107,90.39433 24.51111,90.39432 24.51137,90.39432 24.51142,90.39432 24.51163,90.39434 24.51185,90.39438 24.51213,90.39441 24.51229,90.39442 24.51235,90.39445 24.51244,90.3945 24.51262,90.39455 24.51277,90.39464 24.51302,90.39474 24.51328,90.39475 24.51328,90.39486 24.51349,90.39495 24.51364,90.39502 24.51372,90.3952 24.51396,90.39524 24.514,90.39537 24.51418,90.39545 24.51427,90.39553 24.51437,90.3956 24.51444,90.39569 24.51457,90.39585 24.51475,90.39629 24.51533,90.3964 24.51547,90.39676 24.51599,90.39692 24.51625,90.39693 24.51627,90.39724 24.51672,90.39742 24.51704,90.39769 24.51752,90.39778 24.51769,90.39819 24.51857,90.39825 24.51871,90.39828 24.51879,90.39842 24.51913,90.39846 24.51925,90.39851 24.51937,90.39862 24.51958,90.39878 24.51991,90.39882 24.52,90.39887 24.5201,90.39917 24.5207,90.39919 24.52073,90.39942 24.52125,90.39943 24.52126,90.39969 24.52183,90.40006 24.5226,90.40011 24.52272,90.40036 24.52329,90.4004 24.52339,90.40052 24.52367,90.40056 24.52376,90.40116 24.52509,90.40126 24.52532,90.40135 24.52551,90.40146 24.52577,90.40151 24.52591,90.40159 24.52614,90.40164 24.5263,90.40169 24.52649,90.40175 24.52671,90.40179 24.52685,90.40182 24.52699,90.40187 24.52719,90.40189 24.52733,90.4019 24.52739,90.40192 24.52751,90.40193 24.52762,90.40196 24.52778,90.40199 24.52802,90.40201 24.52823,90.40202 24.52837,90.40202 24.52841,90.40203 24.52849,90.40203 24.52876,90.40203 24.52898,90.40202 24.52929,90.402 24.52959,90.40193 24.53002,90.40188 24.53035,90.40179 24.53089,90.40163 24.53182,90.40152 24.53249,90.40135 24.53356,90.40123 24.53428,90.40074 24.53724,90.40073 24.5373,90.4007 24.53748,90.40067 24.53766,90.40059 24.53819,90.40055 24.53842,90.4005 24.53872,90.40047 24.5389,90.40024 24.54026,90.4002 24.54056,90.40003 24.54156,90.4 24.54175,90.39983 24.5427,90.39959 24.54376,90.39947 24.54435,90.39935 24.54496,90.39928 24.54547,90.3992 24.54625,90.39915 24.54693,90.39914 24.54711,90.39913 24.54744,90.39913 24.54769,90.39914 24.54828,90.39918 24.54908,90.3993 24.55048,90.39931 24.55088,90.39933 24.55138,90.39934 24.55166,90.39936 24.55214,90.39939 24.5543,90.3994 24.55475,90.39941 24.55485,90.39941 24.55503,90.39941 24.5552,90.39941 24.55525,90.39943 24.55578,90.39944 24.55613,90.39945 24.5567,90.39947 24.55815,90.39949 24.55864,90.39951 24.5596,90.39951 24.55961,90.39951 24.55975,90.39951 24.55992,90.3995 24.56005,90.3995 24.56017,90.39949 24.56023,90.39946 24.56044,90.39944 24.56058,90.39941 24.56071,90.39935 24.56094,90.39928 24.56119,90.3992 24.56143,90.39861 24.56325,90.39783 24.56566,90.39735 24.56717,90.39693 24.56845,90.39642 24.57,90.39618 24.57073,90.39613 24.57086,90.39582 24.57184,90.39575 24.57204,90.39565 24.57233,90.39558 24.57256,90.39553 24.57277,90.3955 24.57293,90.39547 24.57314,90.39545 24.57327,90.39544 24.57334,90.39543 24.57344,90.39543 24.57355,90.39543 24.5738,90.39549 24.57462,90.39553 24.57491,90.39556 24.57527,90.39558 24.57553,90.39561 24.57589,90.39562 24.57596,90.39564 24.57624,90.39564 24.57648,90.39564 24.5765,90.39563 24.5767,90.39562 24.57687,90.39561 24.57699,90.39556 24.57736,90.39552 24.57771,90.39549 24.57789,90.39547 24.57799,90.39544 24.57818,90.39542 24.57823,90.39526 24.57893,90.39518 24.57923,90.39514 24.5794,90.39498 24.58004,90.39481 24.58084,90.39474 24.58119,90.39471 24.58132,90.3947 24.58135,90.39469 24.58141,90.39468 24.58153,90.39466 24.58168,90.39464 24.58181,90.39464 24.58195,90.39463 24.58218,90.39464 24.5823,90.39465 24.58247,90.39469 24.58265,90.39472 24.58282,90.39474 24.58291,90.3948 24.58313,90.3949 24.58348,90.39499 24.58379,90.39501 24.58386,90.39502 24.58389,90.39504 24.58401,90.39507 24.58414,90.39509 24.58431,90.39512 24.58457,90.39517 24.58529,90.39528 24.58528,90.39524 24.58463,90.39518 24.58422,90.39514 24.58405,90.39512 24.58392,90.3951 24.58386,90.39506 24.5837,90.39501 24.5835,90.39499 24.58344,90.3949 24.58309,90.39484 24.58286,90.39482 24.58278,90.39481 24.58271,90.39534 24.58257,90.39551 24.58253,90.39557 24.58251,90.39559 24.58251,90.39618 24.58237,90.39647 24.58235,90.39657 24.58233,90.39718 24.58226,90.39738 24.58224,90.39743 24.58224,90.39827 24.58204,90.39889 24.58186,90.39919 24.58174,90.39934 24.5817,90.39938 24.58168,90.39957 24.58155,90.39972 24.58142,90.39989 24.58126,90.40007 24.58104,90.40017 24.58088,90.40024 24.58071,90.40028 24.58057,90.40032 24.58041,90.40034 24.58018,90.40096 24.58015,90.40116 24.58014,90.4012 24.58014,90.40131 24.58014,90.40136 24.58013,90.40157 24.58013,90.40239 24.58008,90.40274 24.58004,90.40275 24.58004,90.40286 24.58003,90.40301 24.58001,90.40313 24.57988,90.40324 24.57982,90.40362 24.5797,90.40341 24.57945,90.40326 24.57905,90.40312 24.57885)"
1J7wKDgVfOzKhcPXqMoVdp2ClJ7cubwFa,1J7wKDgVfOzKhcPXqMoVdp2ClJ7cubwFa-L46,2025.EIS.000120.kmz,"Directions from Aleya Apparels Ltd., Singair Road, Hemayetpur to R73Q+5H4, Bongaon Union, Bangladesh","Directions from Aleya Apparels Ltd., Singair Road, Hemayetpur to R73Q+5H4, Bongaon Union, Bangladesh",245,90.26584,23.79116,90.28906,23.80242,"LINESTRING(90.26584 23.79116,90.26582 23.79127,90.26575 23.79159,90.26573 23.79164,90.26573 23.79165,90.26571 23.79171,90.2657 23.79187,90.26568 23.79219,90.26567 23.79237,90.26566 23.79242,90.26564 23.79273,90.26532 23.79272,90.26522 23.79271,90.26418 23.79268,90.26402 23.79267,90.26394 23.79267,90.26375 23.79266,90.26355 23.79266,90.26318 23.79265,90.26291 23.79264,90.26227 23.79261,90.2608 23.79261,90.26029 23.79259,90.25987 23.79258,90.25968 23.79258,90.25931 23.7926,90.25879 23.79262,90.2587 23.79263,90.25863 23.79262,90.25845 23.79259,90.25832 23.79257,90.25808 23.79252,90.25782 23.79247,90.25734 23.79242,90.25715 23.7924,90.2569 23.79236,90.25655 23.79229,90.2565 23.79229,90.25645 23.79229,90.25626 23.79228,90.25626 23.79217,90.25622 23.79228,90.25619 23.79234,90.25624 23.79234,90.25639 23.79234,90.25646 23.79233,90.2565 23.79234,90.25655 23.79235,90.25674 23.79239,90.25703 23.79243,90.25728 23.79247,90.25777 23.79252,90.25797 23.79256,90.25859 23.79267,90.2588 23.79268,90.25917 23.79266,90.25972 23.79265,90.26012 23.79266,90.2605 23.79267,90.26123 23.79269,90.26217 23.7927,90.26231 23.7927,90.26276 23.79272,90.26358 23.79275,90.26375 23.79275,90.26378 23.79276,90.26417 23.79277,90.26472 23.79278,90.26634 23.79281,90.26747 23.79283,90.26754 23.79283,90.26916 23.7929,90.26965 23.79292,90.27005 23.79295,90.27003 23.79324,90.26971 23.79332,90.26925 23.79345,90.26874 23.79364,90.26831 23.79378,90.26821 23.79381,90.26808 23.79386,90.26807 23.79386,90.26788 23.79394,90.26779 23.79398,90.26759 23.79408,90.26746 23.79421,90.26732 23.7943,90.26718 23.79439,90.26695 23.79455,90.26658 23.79479,90.26623 23.79504,90.26582 23.79535,90.26547 23.79557,90.26514 23.79579,90.26504 23.79587,90.26497 23.79593,90.26487 23.79604,90.26485 23.7961,90.26485 23.79612,90.26484 23.79614,90.26485 23.79615,90.26486 23.79617,90.26487 23.79619,90.26492 23.79622,90.265 23.79623,90.26506 23.79621,90.26517 23.79614,90.26519 23.79613,90.26554 23.79578,90.26591 23.79543,90.26605 23.79532,90.26656 23.79491,90.26662 23.79486,90.26709 23.79455,90.26719 23.79448,90.26727 23.79444,90.26749 23.7943,90.26771 23.79419,90.26784 23.79412,90.26815 23.794,90.2684 23.79392,90.26899 23.7937,90.26945 23.79355,90.2697 23.79349,90.26992 23.79344,90.27014 23.7934,90.27031 23.79337,90.27052 23.79334,90.27081 23.79331,90.27104 23.79329,90.27134 23.79328,90.27151 23.79328,90.27163 23.79327,90.2718 23.79327,90.27204 23.79329,90.27233 23.79331,90.27247 23.79332,90.27285 23.79338,90.27324 23.79345,90.27349 23.79349,90.27382 23.79355,90.27398 23.79359,90.27485 23.79377,90.27494 23.79379,90.2753 23.79386,90.2759 23.79398,90.27636 23.79407,90.27674 23.79415,90.27806 23.79441,90.27824 23.79448,90.27851 23.79455,90.27889 23.79465,90.27917 23.79471,90.27967 23.79479,90.28045 23.79489,90.28075 23.79494,90.2813 23.79502,90.2822 23.79512,90.28249 23.79515,90.28326 23.79518,90.28391 23.79524,90.28415 23.79525,90.28581 23.79533,90.28626 23.79535,90.2865 23.79535,90.28724 23.79538,90.28721 23.79549,90.28718 23.79566,90.28716 23.79574,90.28712 23.79584,90.28709 23.79593,90.28706 23.79601,90.28704 23.79606,90.287 23.79618,90.28699 23.79624,90.28697 23.79634,90.28696 23.79644,90.28696 23.79647,90.28696 23.79649,90.28696 23.7965,90.28699 23.79663,90.28719 23.79688,90.2872 23.79689,90.2873 23.79704,90.28733 23.79718,90.28736 23.79733,90.28736 23.79752,90.28736 23.79758,90.28737 23.79765,90.28736 23.79771,90.28735 23.79775,90.28733 23.79779,90.28732 23.79782,90.28728 23.79788,90.28723 23.79793,90.28715 23.79803,90.2871 23.79816,90.2871 23.7982,90.2871 23.79826,90.28712 23.79832,90.28717 23.79836,90.28725 23.79841,90.28742 23.79851,90.28747 23.79854,90.28752 23.79858,90.28755 23.79863,90.28758 23.7987,90.28761 23.79874,90.28762 23.79876,90.28763 23.79877,90.28768 23.79881,90.28777 23.79884,90.28785 23.79887,90.28795 23.7989,90.28803 23.79892,90.28819 23.79894,90.28824 23.79896,90.28837 23.799,90.28833 23.79921,90.28834 23.79936,90.28834 23.79937,90.28834 23.79943,90.28834 23.79954,90.28834 23.79961,90.28834 23.79973,90.28834 23.79981,90.28832 23.80046,90.28833 23.80052,90.28835 23.80057,90.28839 23.80066,90.28842 23.80069,90.28852 23.80076,90.2886 23.8008,90.28869 23.80084,90.28875 23.80086,90.28871 23.80156,90.28873 23.80157,90.28879 23.80159,90.28888 23.80161,90.28894 23.80162,90.28907 23.80162,90.28909 23.80162,90.28907 23.80191,90.28907 23.80208,90.28906 23.80242)"
1JY3ZRu5jVQPCXA948xoJo6DcQPR2HF5B,1JY3ZRu5jVQPCXA948xoJo6DcQPR2HF5B-L47,2025.EIS.BEPZA.000014.kmz,"Directions from 9Q39+548, Chattogram, Bangladesh to 7QWF+3R Chattogram","Directions from 9Q39+548, Chattogram, Bangladesh to 7QWF+3R Chattogram",303,91.76825,22.35282,91.7743,22.29518,"LINESTRING(91.76825 22.35282,91.76831 22.35283,91.76836 22.35285,91.76842 22.35287,91.76855 22.35292,91.76879 22.35303,91.76895 22.35311,91.7691 22.35317,91.76913 22.35319,91.76914 22.35319,91.76915 22.3532,91.76916 22.35322,91.76916 22.35324,91.76916 22.35326,91.76916 22.35331,91.76915 22.35335,91.7691 22.35353,91.76907 22.35362,91.76906 22.35366,91.76906 22.35369,91.76906 22.3537,91.76907 22.35372,91.76907 22.35376,91.76909 22.35378,91.7691 22.35379,91.76911 22.3538,91.76917 22.35383,91.76924 22.35386,91.76951 22.35398,91.76967 22.35405,91.76979 22.35412,91.76987 22.35416,91.76989 22.35418,91.7699 22.3542,91.7699 22.35422,91.7699 22.35424,91.7699 22.35428,91.7699 22.35431,91.7699 22.35432,91.76976 22.35486,91.76959 22.35484,91.76929 22.35479,91.76899 22.35474,91.76843 22.35458,91.76831 22.35455,91.76805 22.35451,91.76804 22.35451,91.76779 22.35449,91.76754 22.3545,91.76747 22.3545,91.76736 22.35451,91.76722 22.35452,91.76719 22.35452,91.76714 22.35453,91.76699 22.35453,91.76691 22.35453,91.76679 22.35453,91.76666 22.35453,91.76646 22.35451,91.76629 22.3545,91.76626 22.3545,91.76583 22.35445,91.76569 22.35442,91.76554 22.35439,91.7654 22.35436,91.76539 22.35436,91.76525 22.35433,91.76499 22.35427,91.76498 22.35427,91.76467 22.35417,91.76423 22.35403,91.76383 22.3539,91.76344 22.35379,91.76314 22.35372,91.76287 22.35369,91.76256 22.35366,91.76255 22.35366,91.7624 22.35366,91.76198 22.35362,91.76191 22.35362,91.7614 22.35358,91.76117 22.35355,91.76083 22.3535,91.76083 22.35349,91.76082 22.35348,91.76081 22.35346,91.76079 22.35345,91.76078 22.35344,91.76077 22.35343,91.76075 22.35342,91.76074 22.35341,91.76073 22.35341,91.7607 22.35329,91.76065 22.35314,91.7606 22.35302,91.76054 22.35283,91.76045 22.35254,91.7604 22.35232,91.76037 22.35224,91.76035 22.35217,91.76026 22.3519,91.76022 22.35172,91.76021 22.35168,91.76019 22.35154,91.76019 22.35149,91.76017 22.35139,91.76016 22.35126,91.76018 22.351,91.76017 22.35077,91.76039 22.35014,91.76045 22.34997,91.76052 22.34964,91.76074 22.34877,91.76083 22.34841,91.7609 22.34812,91.76096 22.34784,91.76099 22.34774,91.76117 22.34707,91.7613 22.34661,91.76147 22.34598,91.76148 22.34597,91.76155 22.3457,91.76165 22.34537,91.76172 22.34513,91.76181 22.34484,91.76189 22.34457,91.76208 22.34401,91.76216 22.34375,91.76231 22.34326,91.76237 22.34306,91.76238 22.34305,91.76249 22.3427,91.76251 22.34263,91.76251 22.34261,91.76267 22.34214,91.76285 22.34155,91.76293 22.34129,91.76295 22.34123,91.76299 22.34109,91.76305 22.34087,91.76316 22.34055,91.76321 22.34038,91.76326 22.34021,91.7633 22.34008,91.76333 22.33999,91.76339 22.33982,91.76342 22.33971,91.76348 22.33953,91.76358 22.33921,91.7636 22.33914,91.76373 22.33877,91.76374 22.33874,91.76385 22.33845,91.76398 22.33815,91.76407 22.33794,91.76409 22.33789,91.76414 22.33779,91.76416 22.33774,91.76425 22.33756,91.76455 22.33698,91.76464 22.33683,91.76467 22.33676,91.76478 22.33651,91.76479 22.33646,91.76481 22.3364,91.76483 22.33635,91.76484 22.33631,91.76485 22.33628,91.76494 22.33597,91.76514 22.33536,91.76561 22.33411,91.76582 22.3333,91.76587 22.3331,91.76601 22.33264,91.76612 22.33227,91.76616 22.33208,91.76618 22.33198,91.7665 22.33048,91.76657 22.32972,91.76665 22.32899,91.76665 22.32894,91.76672 22.32784,91.76678 22.32678,91.76679 22.32664,91.76679 22.3266,91.7668 22.32651,91.76684 22.32593,91.76687 22.32558,91.76687 22.32557,91.76696 22.32432,91.76702 22.32355,91.76708 22.32289,91.76709 22.32253,91.76716 22.32127,91.76716 22.32111,91.76723 22.3202,91.76724 22.32002,91.76726 22.31981,91.76735 22.31853,91.76736 22.31834,91.76737 22.31823,91.76746 22.31691,91.7675 22.31626,91.7675 22.31624,91.76755 22.31559,91.76757 22.31527,91.76763 22.31438,91.76766 22.31376,91.76771 22.31322,91.76774 22.313,91.7678 22.31244,91.76793 22.3117,91.76801 22.31126,91.76822 22.31039,91.76844 22.30959,91.76865 22.309,91.76899 22.30802,91.76924 22.30723,91.7693 22.30706,91.76931 22.30702,91.76953 22.30637,91.76965 22.30603,91.76974 22.30577,91.7701 22.30469,91.77014 22.30458,91.77017 22.30449,91.77023 22.30431,91.77035 22.30393,91.77039 22.30383,91.7704 22.3038,91.77056 22.30331,91.77071 22.30336,91.77074 22.30337,91.77077 22.30338,91.77088 22.30343,91.77091 22.30344,91.77145 22.30364,91.77148 22.30366,91.77157 22.30369,91.77159 22.30361,91.77168 22.30326,91.77185 22.30267,91.7719 22.30249,91.77192 22.30239,91.77204 22.30195,91.77205 22.3019,91.7721 22.30169,91.77221 22.30131,91.77215 22.3013,91.77207 22.3013,91.77195 22.3013,91.7718 22.3013,91.77175 22.30129,91.77172 22.30128,91.77171 22.30127,91.77169 22.30126,91.77168 22.30125,91.77167 22.30123,91.77167 22.3012,91.77167 22.30116,91.77168 22.3011,91.77183 22.30054,91.77194 22.30025,91.77198 22.30013,91.77213 22.29975,91.77224 22.29948,91.77231 22.2993,91.77232 22.29927,91.77237 22.29916,91.77241 22.29905,91.77244 22.29894,91.77246 22.29887,91.77249 22.29871,91.77252 22.29849,91.77255 22.2983,91.77256 22.29824,91.77259 22.29795,91.77263 22.29754,91.77266 22.2973,91.7727 22.297,91.77271 22.29695,91.77272 22.29692,91.77272 22.29691,91.77273 22.2969,91.77274 22.29689,91.77275 22.29688,91.77279 22.29687,91.77284 22.29686,91.77288 22.29685,91.77295 22.29685,91.773 22.29684,91.77306 22.29682,91.77313 22.29679,91.77321 22.29675,91.77329 22.29672,91.77339 22.29669,91.77353 22.29665,91.77357 22.29626,91.77372 22.29627,91.7742 22.29629,91.77426 22.29576,91.7743 22.29525,91.7743 22.29518)"
1JgMF9WOQjqBSUpmc-QRKsPmjPgEj5E35,1JgMF9WOQjqBSUpmc-QRKsPmjPgEj5E35-L48,2025.EIS.000072.kmz,"Directions from W9PJ+H8X Tongi to Rupa Fabrics Ltd., Gacha Road, Tongi","Directions from W9PJ+H8X Tongi to Rupa Fabrics Ltd., Gacha Road, Tongi",108,90.38081,23.93676,90.38834,23.93712,"LINESTRING(90.38081 23.93676,90.38082 23.93676,90.38125 23.9368,90.38151 23.93682,90.38243 23.93689,90.38244 23.93689,90.38254 23.9369,90.38343 23.937,90.38411 23.93707,90.38478 23.93714,90.38568 23.93723,90.38575 23.93724,90.38555 23.93775,90.3854 23.9381,90.38511 23.93875,90.38505 23.93888,90.38475 23.93958,90.38474 23.93959,90.38467 23.93975,90.38454 23.94004,90.38403 23.94126,90.38386 23.94166,90.38379 23.94186,90.38376 23.94194,90.38365 23.94225,90.38335 23.94305,90.38334 23.94306,90.38318 23.94348,90.38294 23.94417,90.38272 23.94479,90.38244 23.94556,90.38237 23.94575,90.38231 23.94592,90.38222 23.94617,90.38219 23.94624,90.38194 23.94692,90.38178 23.94731,90.38167 23.94761,90.38159 23.94783,90.38155 23.94794,90.3815 23.94817,90.38147 23.94828,90.38143 23.94846,90.38139 23.94865,90.38136 23.94879,90.38134 23.94894,90.3813 23.94915,90.38129 23.94926,90.38123 23.94993,90.38115 23.95136,90.38115 23.9515,90.38115 23.95186,90.38115 23.95244,90.38114 23.95262,90.38114 23.9537,90.3813 23.95367,90.3813 23.95359,90.38132 23.95271,90.38132 23.9526,90.38134 23.95217,90.38134 23.95187,90.38138 23.9508,90.38143 23.94999,90.38143 23.94994,90.38144 23.94974,90.38145 23.94961,90.38149 23.94924,90.38152 23.94911,90.38154 23.94893,90.38158 23.9487,90.38165 23.94838,90.3817 23.94816,90.38177 23.94789,90.38205 23.94707,90.38208 23.94699,90.38226 23.94653,90.38273 23.94521,90.38284 23.94492,90.38306 23.94433,90.38327 23.94381,90.38338 23.94354,90.38354 23.94313,90.38377 23.94251,90.38396 23.942,90.38402 23.94184,90.38437 23.94095,90.38485 23.93978,90.38545 23.93839,90.38587 23.93741,90.3859 23.93734,90.38616 23.93672,90.3863 23.93637,90.38658 23.9357,90.38759 23.93573,90.38792 23.93574,90.38801 23.93575,90.38802 23.93583,90.38803 23.93593,90.38806 23.93604,90.38808 23.93615,90.38812 23.93627,90.38814 23.93635,90.38818 23.93648,90.38822 23.93663,90.38827 23.93681,90.3883 23.93695,90.38833 23.93709,90.38834 23.93712)"
1JkEPK6KHfgg_IkshryyBnnN8KtOKQoVd,1JkEPK6KHfgg_IkshryyBnnN8KtOKQoVd-L49,2025.EIS.000106.kmz,"Directions from Woo Ree Apparels Ltd., Savar to W9PW+267, Dakhhin Khailkur Rd, Tongi, Bangladesh","Directions from Woo Ree Apparels Ltd., Savar to W9PW+267, Dakhhin Khailkur Rd, Tongi, Bangladesh",633,90.25142,23.85067,90.39562,23.93509,"LINESTRING(90.25142 23.85067,90.25149 23.85068,90.25167 23.84935,90.25173 23.84905,90.25176 23.84823,90.2518 23.84773,90.2519 23.84735,90.2519 23.84726,90.25191 23.84713,90.25193 23.84704,90.25199 23.84698,90.25217 23.847,90.25282 23.84703,90.25287 23.84704,90.25441 23.8472,90.25475 23.84726,90.25478 23.84727,90.2557 23.84747,90.2558 23.84748,90.25649 23.84762,90.25668 23.84767,90.25736 23.84781,90.25748 23.84781,90.25774 23.84852,90.25775 23.84857,90.25923 23.85268,90.25957 23.85356,90.25992 23.85423,90.26002 23.85439,90.26139 23.85683,90.26231 23.85859,90.26255 23.85895,90.26255 23.85896,90.26259 23.85903,90.2629 23.85947,90.26325 23.8599,90.2633 23.85994,90.26348 23.86012,90.26377 23.86036,90.26383 23.86039,90.26391 23.86045,90.26506 23.86115,90.26546 23.86143,90.26581 23.86172,90.26653 23.86243,90.26678 23.8627,90.26709 23.863,90.26715 23.86297,90.26718 23.86295,90.2672 23.86292,90.26719 23.86275,90.26697 23.8626,90.26668 23.86237,90.26647 23.86216,90.26591 23.86167,90.26544 23.8613,90.265 23.86101,90.26415 23.86052,90.26383 23.86031,90.26382 23.8603,90.26368 23.8602,90.26361 23.86014,90.26354 23.86007,90.2635 23.86004,90.2634 23.85995,90.26334 23.85988,90.26323 23.85977,90.26308 23.85959,90.26266 23.859,90.26238 23.85856,90.26124 23.85638,90.26105 23.85606,90.26042 23.85492,90.25991 23.85405,90.2599 23.85402,90.25985 23.85395,90.25963 23.8535,90.25926 23.85253,90.25872 23.85095,90.2587 23.85091,90.25858 23.85057,90.25839 23.85011,90.25854 23.8501,90.25868 23.8501,90.25898 23.85015,90.259 23.85016,90.25958 23.85029,90.25965 23.8503,90.25971 23.8503,90.25981 23.85031,90.25988 23.84986,90.25999 23.84933,90.26017 23.84934,90.2603 23.84936,90.26033 23.84935,90.26037 23.84927,90.26039 23.84925,90.26041 23.84924,90.26063 23.84925,90.26154 23.84934,90.26171 23.84934,90.26173 23.84942,90.26174 23.84943,90.26175 23.84943,90.26277 23.84963,90.26278 23.84964,90.2628 23.84952,90.26279 23.84906,90.26271 23.84832,90.26278 23.84806,90.26314 23.84808,90.26375 23.84809,90.26478 23.84816,90.2655 23.84817,90.26571 23.84816,90.2663 23.84816,90.269 23.84794,90.26938 23.84793,90.27028 23.84797,90.27044 23.84794,90.27082 23.84784,90.27087 23.84784,90.27093 23.84783,90.27094 23.84782,90.27145 23.84783,90.27211 23.84788,90.27264 23.84794,90.27462 23.84841,90.27501 23.84853,90.27565 23.84867,90.276 23.84877,90.27625 23.84881,90.27724 23.84903,90.27742 23.84908,90.27773 23.84914,90.27788 23.84918,90.27838 23.84928,90.27845 23.8493,90.2795 23.84936,90.2822 23.84977,90.28225 23.84977,90.2836 23.84997,90.28386 23.85003,90.28429 23.85011,90.28473 23.85016,90.28522 23.85028,90.28559 23.85033,90.2866 23.85056,90.28718 23.85074,90.28721 23.85074,90.28729 23.85077,90.28758 23.85083,90.28779 23.85089,90.28825 23.851,90.28846 23.85109,90.28899 23.85126,90.28926 23.85132,90.28948 23.85139,90.28988 23.85148,90.29171 23.85198,90.29236 23.85212,90.29245 23.85213,90.29252 23.85215,90.29271 23.85217,90.29349 23.8523,90.29393 23.85248,90.2941 23.85257,90.29416 23.85261,90.29437 23.85271,90.29469 23.85289,90.29573 23.85357,90.29574 23.85358,90.29631 23.8539,90.2976 23.8543,90.29876 23.8544,90.29957 23.85449,90.29967 23.85451,90.30012 23.85455,90.30043 23.85454,90.30123 23.8544,90.30123 23.85439,90.30126 23.85439,90.30171 23.85431,90.30173 23.85432,90.30205 23.85435,90.30234 23.85441,90.30263 23.85451,90.30303 23.85468,90.30307 23.85471,90.30374 23.85503,90.30419 23.85517,90.30457 23.85527,90.30494 23.85533,90.30576 23.85543,90.30614 23.85554,90.30636 23.85559,90.30789 23.85604,90.30872 23.85648,90.30893 23.85661,90.30944 23.85684,90.31014 23.85712,90.3113 23.85752,90.31227 23.85768,90.31238 23.85769,90.31246 23.85771,90.31326 23.85779,90.31371 23.8578,90.31399 23.85776,90.31434 23.85773,90.31601 23.8577,90.31733 23.85779,90.31793 23.85781,90.31871 23.8579,90.31985 23.85794,90.32027 23.85794,90.32044 23.85796,90.3205 23.85796,90.32074 23.858,90.32143 23.85806,90.32154 23.85806,90.32195 23.85802,90.32198 23.85801,90.32263 23.85798,90.32304 23.85802,90.32308 23.85803,90.32318 23.85803,90.32333 23.858,90.3238 23.85785,90.32388 23.85783,90.32408 23.8578,90.32488 23.85782,90.32525 23.8578,90.32531 23.85779,90.32536 23.85779,90.32594 23.85768,90.32674 23.85748,90.32699 23.85739,90.3271 23.85734,90.32727 23.85724,90.32732 23.85722,90.32746 23.85714,90.32772 23.85697,90.32794 23.85679,90.32807 23.85666,90.32838 23.85629,90.32838 23.85628,90.32843 23.85625,90.32848 23.85621,90.32863 23.85613,90.32872 23.85607,90.32881 23.85602,90.32907 23.85582,90.32911 23.85577,90.32932 23.85545,90.32945 23.8553,90.3299 23.85483,90.33017 23.85461,90.33022 23.85456,90.33032 23.85448,90.33054 23.8544,90.3309 23.85422,90.33103 23.85418,90.33112 23.85416,90.33136 23.85416,90.33194 23.85426,90.33239 23.85431,90.33246 23.85431,90.33258 23.85432,90.33276 23.85432,90.33322 23.85429,90.33331 23.85427,90.33347 23.85426,90.33376 23.85422,90.33398 23.85416,90.33485 23.85372,90.33547 23.85336,90.33659 23.85277,90.33746 23.85234,90.33894 23.85172,90.33896 23.85172,90.34039 23.85113,90.34042 23.85111,90.34109 23.85081,90.34115 23.85094,90.34141 23.85159,90.34155 23.85184,90.34173 23.85209,90.34245 23.85293,90.34246 23.85295,90.34289 23.85343,90.34497 23.8559,90.34556 23.8565,90.34559 23.85652,90.34646 23.85755,90.34784 23.85908,90.34806 23.85935,90.3481 23.85939,90.34842 23.85986,90.34894 23.86078,90.34913 23.86109,90.34949 23.86174,90.34963 23.86197,90.35002 23.86268,90.35035 23.86318,90.35059 23.86351,90.3508 23.86384,90.3509 23.86398,90.35116 23.86444,90.35161 23.86535,90.35162 23.86539,90.35186 23.86603,90.35234 23.86763,90.35246 23.86795,90.3525 23.86802,90.35265 23.86824,90.35293 23.86861,90.35303 23.86877,90.35308 23.86888,90.35312 23.86902,90.35314 23.86918,90.35314 23.86934,90.35313 23.86951,90.35307 23.86993,90.35307 23.86996,90.35296 23.87055,90.35266 23.87353,90.35265 23.87391,90.35267 23.87445,90.35272 23.87478,90.3528 23.87505,90.3531 23.87589,90.35317 23.87601,90.35324 23.87611,90.35396 23.87679,90.35473 23.87746,90.35475 23.87747,90.35565 23.87823,90.35604 23.87859,90.35613 23.87865,90.35626 23.87875,90.35717 23.87934,90.35754 23.87963,90.35797 23.88,90.35827 23.8802,90.3584 23.88026,90.35868 23.88041,90.35891 23.88052,90.35936 23.88084,90.35958 23.88105,90.35977 23.88126,90.35979 23.8813,90.35985 23.88137,90.35995 23.88152,90.36002 23.88164,90.36011 23.88184,90.36013 23.88187,90.36015 23.88194,90.36025 23.88219,90.36052 23.88298,90.36055 23.88312,90.36057 23.88328,90.3606 23.88376,90.36059 23.88443,90.36056 23.88471,90.36043 23.88517,90.36038 23.8853,90.36036 23.88537,90.35997 23.88641,90.35992 23.88662,90.3599 23.88667,90.35987 23.88692,90.35987 23.8871,90.35988 23.88718,90.36021 23.88861,90.36045 23.88952,90.36047 23.88957,90.3605 23.88968,90.36062 23.89,90.36064 23.89007,90.36093 23.89084,90.36096 23.8909,90.361 23.891,90.3611 23.89118,90.36129 23.89147,90.3615 23.89173,90.36152 23.89176,90.36178 23.89201,90.36184 23.89204,90.36205 23.89218,90.36213 23.89232,90.36269 23.89251,90.36347 23.89293,90.36388 23.8931,90.36394 23.89312,90.36432 23.89321,90.36467 23.89325,90.36613 23.89334,90.36649 23.89338,90.36727 23.89368,90.36806 23.89405,90.36825 23.89412,90.36855 23.89425,90.36864 23.89428,90.36883 23.89432,90.369 23.89434,90.3693 23.89433,90.36957 23.8943,90.37031 23.89419,90.37154 23.89405,90.37173 23.89402,90.37245 23.89394,90.3725 23.89393,90.37272 23.89391,90.37318 23.8939,90.37357 23.89392,90.37387 23.89397,90.37411 23.89399,90.37484 23.8941,90.37488 23.8941,90.37524 23.89418,90.37551 23.89426,90.37582 23.89442,90.37625 23.89473,90.37632 23.8948,90.37663 23.89507,90.37672 23.89517,90.37678 23.89525,90.37704 23.89554,90.37712 23.89565,90.37739 23.89597,90.37777 23.89636,90.37791 23.89646,90.37831 23.89669,90.37934 23.89716,90.3794 23.89718,90.37983 23.89736,90.3801 23.89744,90.38036 23.8975,90.38073 23.89756,90.3813 23.89758,90.38177 23.89756,90.38238 23.89748,90.38248 23.89746,90.38333 23.89719,90.3837 23.89703,90.38423 23.89677,90.38445 23.89664,90.38469 23.89646,90.38476 23.8964,90.38499 23.89616,90.38568 23.89525,90.38583 23.89507,90.38584 23.89504,90.38618 23.89465,90.3871 23.89371,90.38749 23.89327,90.3877 23.893,90.38799 23.89266,90.38811 23.89249,90.38813 23.89245,90.38818 23.89239,90.38821 23.89234,90.3883 23.89213,90.38837 23.89189,90.38858 23.89129,90.38877 23.89135,90.38882 23.89136,90.38956 23.8916,90.39009 23.89181,90.39076 23.89204,90.39156 23.89224,90.39214 23.89236,90.39273 23.89251,90.39329 23.89262,90.3936 23.8927,90.39512 23.89302,90.39533 23.89305,90.39594 23.8932,90.39651 23.8933,90.39894 23.89384,90.39946 23.89393,90.40054 23.89416,90.40058 23.89419,90.40061 23.8942,90.40063 23.89423,90.40065 23.89427,90.40067 23.89434,90.40035 23.89471,90.39984 23.89537,90.39951 23.89587,90.39925 23.89618,90.39914 23.89635,90.39899 23.89663,90.39889 23.89688,90.39882 23.89709,90.39871 23.8976,90.39868 23.89798,90.39869 23.89835,90.39872 23.89866,90.39876 23.89936,90.39882 23.90006,90.39882 23.9001,90.39883 23.90013,90.39884 23.90028,90.39885 23.90034,90.39896 23.90246,90.39898 23.90261,90.39902 23.90273,90.39912 23.90379,90.3991 23.90436,90.39908 23.90459,90.39893 23.90533,90.39892 23.90545,90.39858 23.90689,90.39839 23.90758,90.3982 23.90808,90.39798 23.90859,90.39793 23.90869,90.39781 23.90897,90.39712 23.91035,90.3963 23.91217,90.39615 23.91256,90.39609 23.91269,90.39604 23.91282,90.396 23.91289,90.39594 23.91302,90.39589 23.91316,90.39377 23.91786,90.39365 23.91808,90.39308 23.9193,90.39274 23.92012,90.39225 23.92148,90.39044 23.92582,90.39012 23.92666,90.38958 23.92793,90.38954 23.92805,90.38852 23.93042,90.38805 23.9316,90.38783 23.93222,90.3867 23.93497,90.3867 23.93498,90.38584 23.93701,90.38555 23.93775,90.38475 23.93958,90.38474 23.93959,90.38391 23.94155,90.38335 23.94305,90.38334 23.94306,90.38194 23.94692,90.38178 23.94731,90.38155 23.94794,90.38136 23.94879,90.38134 23.94894,90.3813 23.94915,90.38123 23.94993,90.38115 23.95136,90.38115 23.95244,90.38114 23.95262,90.38114 23.9537,90.3813 23.95367,90.38138 23.9508,90.38145 23.94961,90.38149 23.94924,90.38152 23.94911,90.38154 23.94893,90.38158 23.9487,90.38177 23.94789,90.38205 23.94707,90.38306 23.94433,90.38354 23.94313,90.38402 23.94184,90.38485 23.93978,90.38658 23.9357,90.38792 23.93574,90.38857 23.9358,90.3886 23.93581,90.38946 23.9359,90.38978 23.93596,90.38991 23.936,90.39 23.93602,90.39063 23.93622,90.39069 23.93626,90.3909 23.93647,90.391 23.93651,90.39108 23.93653,90.39117 23.93653,90.39126 23.93652,90.39144 23.93652,90.3915 23.93654,90.39165 23.93656,90.39226 23.93668,90.39292 23.93684,90.39305 23.93686,90.3931 23.93688,90.39317 23.9369,90.39323 23.93693,90.39328 23.93694,90.39334 23.93696,90.39347 23.93698,90.39382 23.93706,90.39394 23.93707,90.39404 23.93706,90.3941 23.93706,90.39417 23.93705,90.39439 23.937,90.39464 23.93703,90.39483 23.93703,90.395 23.937,90.39505 23.93698,90.39513 23.93693,90.39521 23.9369,90.39523 23.9369,90.39528 23.93689,90.39577 23.93688,90.39576 23.93679,90.39576 23.93676,90.39575 23.93672,90.39574 23.9367,90.39574 23.93667,90.39569 23.9366,90.39567 23.93655,90.39567 23.93646,90.39568 23.9364,90.39568 23.93635,90.39571 23.93623,90.39584 23.93593,90.39584 23.93591,90.39585 23.93591,90.39585 23.93586,90.39581 23.93557,90.39571 23.93537,90.39562 23.93512,90.39562 23.93509)"
1JzeW0uH-Huhp9U4LE2pVUhQUnUasWfmr,1JzeW0uH-Huhp9U4LE2pVUhQUnUasWfmr-L50,EIS.2026.SP.000055.kmz,"Directions from PG6G+654, Kanchpur, Bangladesh to JOY AUTO GARMENTS LTD","Directions from PG6G+654, Kanchpur, Bangladesh to JOY AUTO GARMENTS LTD",279,90.52552,23.7106,90.51256,23.64596,"LINESTRING(90.52552 23.7106,90.52545 23.71085,90.52543 23.71088,90.52534 23.71095,90.52533 23.71093,90.52522 23.71083,90.52513 23.71075,90.52505 23.71068,90.52504 23.71067,90.52492 23.71058,90.52439 23.71017,90.52434 23.71013,90.52419 23.71001,90.52416 23.70999,90.52414 23.70998,90.52405 23.70991,90.52389 23.70976,90.52388 23.70974,90.52386 23.70967,90.52385 23.70936,90.52384 23.70921,90.52383 23.70901,90.52382 23.70892,90.52377 23.70871,90.52376 23.70866,90.5237 23.70843,90.52366 23.70825,90.52368 23.70805,90.52369 23.708,90.5237 23.7079,90.52372 23.70776,90.52373 23.70769,90.52376 23.70737,90.52374 23.70716,90.52364 23.70683,90.52358 23.7066,90.52356 23.70655,90.52353 23.70644,90.52349 23.70636,90.52348 23.70632,90.52346 23.70628,90.52338 23.70612,90.52337 23.70609,90.52336 23.70607,90.52328 23.70589,90.52322 23.70574,90.52324 23.70573,90.52322 23.70574,90.52287 23.70581,90.52283 23.70583,90.52264 23.70586,90.52252 23.70588,90.52221 23.70592,90.52213 23.70594,90.522 23.70597,90.52186 23.70602,90.52151 23.70624,90.52152 23.7062,90.52153 23.70617,90.52156 23.70614,90.52157 23.7061,90.52158 23.70608,90.52158 23.70606,90.52159 23.70602,90.52159 23.70599,90.52159 23.70597,90.52158 23.70594,90.52158 23.70591,90.52157 23.70587,90.52156 23.70585,90.52155 23.70582,90.52152 23.7058,90.5215 23.70577,90.52146 23.70575,90.52142 23.70573,90.52138 23.70572,90.52134 23.70571,90.52131 23.7057,90.52129 23.70569,90.52123 23.70568,90.52117 23.70567,90.5211 23.70566,90.52099 23.70563,90.52088 23.7056,90.52074 23.70556,90.5206 23.70551,90.52049 23.70547,90.52041 23.70543,90.52035 23.7054,90.52032 23.70538,90.52029 23.70536,90.52026 23.70529,90.51993 23.70509,90.51974 23.70497,90.51945 23.70477,90.51924 23.70462,90.51899 23.7044,90.51878 23.70423,90.51869 23.70417,90.51859 23.70409,90.5184 23.70392,90.51831 23.70385,90.518 23.70358,90.51798 23.70356,90.51773 23.70335,90.51769 23.70331,90.51762 23.70326,90.51759 23.70323,90.51754 23.70319,90.51739 23.70308,90.51732 23.70302,90.51725 23.70296,90.5171 23.70285,90.51704 23.70281,90.51695 23.70273,90.51677 23.70259,90.51663 23.70249,90.51635 23.70227,90.51623 23.70218,90.51611 23.70208,90.51595 23.70195,90.51565 23.7017,90.5155 23.70158,90.51509 23.70122,90.51507 23.7012,90.51492 23.70109,90.51475 23.70097,90.51411 23.70048,90.51381 23.70026,90.51335 23.6999,90.51286 23.69952,90.51249 23.69923,90.51212 23.699,90.51193 23.69889,90.51174 23.69878,90.51142 23.69862,90.51103 23.69845,90.51068 23.69832,90.51036 23.6982,90.51024 23.69813,90.51015 23.69808,90.5099 23.69797,90.50973 23.69791,90.50971 23.6979,90.50956 23.69783,90.50955 23.69755,90.50979 23.69719,90.50992 23.69704,90.51002 23.69692,90.51013 23.69676,90.51016 23.69672,90.51026 23.69657,90.51069 23.69596,90.51081 23.6958,90.51095 23.69561,90.51114 23.69533,90.51213 23.69395,90.51243 23.6935,90.51251 23.69337,90.5126 23.69318,90.51261 23.69316,90.51266 23.69303,90.51284 23.69249,90.51292 23.69225,90.51305 23.69179,90.5131 23.69163,90.51333 23.69086,90.5135 23.69035,90.51356 23.69017,90.51372 23.68967,90.51378 23.68949,90.51387 23.68923,90.514 23.68879,90.51404 23.68865,90.51423 23.68795,90.51428 23.68778,90.51442 23.68727,90.51458 23.68674,90.51485 23.68582,90.51524 23.68456,90.51526 23.68451,90.51549 23.68366,90.51578 23.68267,90.51582 23.68256,90.51593 23.68219,90.51613 23.68149,90.51631 23.68092,90.51651 23.68032,90.51669 23.67962,90.51671 23.67952,90.5169 23.67887,90.51713 23.67812,90.51733 23.67742,90.51754 23.67675,90.51769 23.67631,90.5179 23.6756,90.51798 23.67534,90.51802 23.67524,90.51811 23.67492,90.51819 23.67466,90.51834 23.67408,90.51835 23.67405,90.51836 23.67397,90.51838 23.67383,90.51839 23.67367,90.51839 23.67349,90.51836 23.67337,90.51833 23.67324,90.51821 23.67288,90.51813 23.67261,90.51804 23.67239,90.51792 23.67213,90.51774 23.67167,90.51766 23.67147,90.51752 23.67109,90.51721 23.67026,90.51693 23.66951,90.51673 23.66891,90.51654 23.66844,90.51644 23.66823,90.51612 23.66762,90.51531 23.66608,90.51522 23.66593,90.51513 23.66577,90.51457 23.6647,90.51446 23.66453,90.51438 23.66438,90.51434 23.66427,90.51428 23.66415,90.51384 23.66337,90.5136 23.66291,90.51341 23.66252,90.5132 23.66215,90.51294 23.66169,90.51269 23.66123,90.51253 23.66087,90.51245 23.66068,90.5124 23.66053,90.51236 23.66037,90.51235 23.66035,90.51231 23.66017,90.51221 23.65978,90.51212 23.65928,90.51198 23.6582,90.5119 23.65767,90.51184 23.6573,90.51175 23.65653,90.5116 23.65557,90.51149 23.65485,90.51136 23.65396,90.51136 23.65387,90.51136 23.65384,90.51134 23.65356,90.51133 23.65341,90.51134 23.65324,90.51136 23.6531,90.51139 23.65293,90.51146 23.65268,90.51152 23.65252,90.5117 23.65202,90.51176 23.65188,90.51209 23.65104,90.51212 23.65097,90.51266 23.64968,90.51295 23.649,90.5133 23.64816,90.51336 23.64803,90.51326 23.648,90.51308 23.64795,90.51295 23.64793,90.51286 23.64791,90.51247 23.64786,90.5125 23.64748,90.51251 23.64725,90.51251 23.64708,90.51252 23.64692,90.51255 23.64672,90.51255 23.64616,90.51256 23.64596)"
1KR2Y3j7Bv3lmXKu3JZcSL0deI2tF8caj,1KR2Y3j7Bv3lmXKu3JZcSL0deI2tF8caj-L51,2026.EIS.000144.kmz,"Directions from X9WM+X55, Dhaka - Mymensingh Rd, Gazipur, Bangladesh to X9WM+R3G, Gazipur, Bangladesh","Directions from X9WM+X55, Dhaka - Mymensingh Rd, Gazipur, Bangladesh to X9WM+R3G, Gazipur, Bangladesh",110,90.38304,23.99724,90.38271,23.99725,"LINESTRING(90.38304 23.99724,90.38292 23.99723,90.38288 23.99723,90.38271 23.99725,90.38269 23.99708,90.38264 23.99661,90.38263 23.99654,90.38257 23.99587,90.38257 23.99537,90.38255 23.99518,90.38253 23.99493,90.38249 23.99463,90.38246 23.99434,90.38242 23.99386,90.38237 23.9934,90.38233 23.99268,90.38227 23.99177,90.38221 23.99108,90.38218 23.99065,90.38213 23.99028,90.38212 23.98994,90.38211 23.98976,90.38186 23.98977,90.38165 23.98975,90.38153 23.98973,90.38146 23.9897,90.38138 23.98968,90.38139 23.98971,90.3814 23.98976,90.38142 23.98979,90.38143 23.98983,90.38144 23.98985,90.38145 23.98988,90.38148 23.9899,90.38156 23.98997,90.38161 23.99001,90.38164 23.99004,90.38168 23.99007,90.38174 23.99013,90.38179 23.99019,90.38183 23.99027,90.38185 23.99033,90.38188 23.99043,90.38191 23.9907,90.38195 23.99107,90.38201 23.9917,90.38205 23.99211,90.38206 23.99226,90.3821 23.99285,90.38212 23.99298,90.38221 23.99356,90.3823 23.99438,90.38234 23.99492,90.38234 23.995,90.38239 23.99565,90.38245 23.99611,90.3825 23.99645,90.38259 23.99726,90.3825 23.99645,90.38245 23.99611,90.38239 23.99565,90.38234 23.995,90.38234 23.99492,90.3823 23.99438,90.38221 23.99356,90.38212 23.99298,90.3821 23.99285,90.38206 23.99226,90.38205 23.99211,90.38201 23.9917,90.38195 23.99107,90.38191 23.9907,90.38188 23.99043,90.38185 23.99033,90.38183 23.99027,90.38179 23.99019,90.38174 23.99013,90.38168 23.99007,90.38164 23.99004,90.38161 23.99001,90.38156 23.98997,90.38148 23.9899,90.38145 23.98988,90.38144 23.98985,90.38143 23.98983,90.38142 23.98979,90.3814 23.98976,90.38139 23.98971,90.38138 23.98968,90.38143 23.9895,90.38209 23.98954,90.38211 23.98976,90.38212 23.98994,90.38213 23.99028,90.38218 23.99065,90.38221 23.99108,90.38227 23.99177,90.38233 23.99268,90.38237 23.9934,90.38242 23.99386,90.38246 23.99434,90.38249 23.99463,90.38253 23.99493,90.38255 23.99518,90.38257 23.99537,90.38257 23.99587,90.38263 23.99654,90.38264 23.99661,90.38269 23.99708,90.38271 23.99725)"
1Kh_oOh-Q3glDwQPql9vPDZSwg0msbsSw,1Kh_oOh-Q3glDwQPql9vPDZSwg0msbsSw-L52,2025.EIS.000078.kmz,"Directions from Big Boss Corporation Ltd., SUKORNO Road to Ashulia polli biddut office, Mohammad ali market, Bangabandhu Road, Ashulia","Directions from Big Boss Corporation Ltd., SUKORNO Road to Ashulia polli biddut office, Mohammad ali market, Bangabandhu Road, Ashulia",578,90.28403,23.9853,90.32669,23.89643,"LINESTRING(90.28403 23.9853,90.28401 23.9853,90.28381 23.9853,90.28369 23.98527,90.28364 23.98525,90.28362 23.98523,90.28361 23.98521,90.2836 23.98518,90.2836 23.98517,90.2836 23.98514,90.2836 23.98474,90.28359 23.98474,90.28339 23.98473,90.28302 23.98467,90.28294 23.98466,90.28252 23.98458,90.28241 23.98473,90.28233 23.98485,90.28207 23.98505,90.28183 23.98525,90.28182 23.98526,90.28159 23.98542,90.28146 23.98551,90.28129 23.98557,90.28106 23.98564,90.28084 23.9857,90.28073 23.98571,90.2806 23.98572,90.2805 23.98537,90.28049 23.98531,90.28044 23.98506,90.2804 23.98485,90.2804 23.9848,90.28038 23.98464,90.28033 23.98432,90.28029 23.98406,90.28028 23.98405,90.28025 23.98388,90.28021 23.9836,90.28019 23.98353,90.2801 23.98323,90.28 23.98294,90.27995 23.98269,90.27987 23.98244,90.27976 23.98211,90.2797 23.98195,90.27966 23.98179,90.27965 23.98166,90.2796 23.98142,90.27958 23.98133,90.27955 23.98117,90.27953 23.98107,90.27953 23.98096,90.27953 23.9809,90.27955 23.98081,90.27958 23.98072,90.27962 23.98064,90.27968 23.98038,90.27979 23.98013,90.27989 23.97991,90.27988 23.97982,90.27982 23.97952,90.27984 23.97898,90.27982 23.97888,90.27982 23.97884,90.27984 23.9788,90.27986 23.97877,90.27988 23.97875,90.27993 23.97869,90.28004 23.97859,90.28021 23.97839,90.28024 23.97834,90.28034 23.97821,90.28035 23.97819,90.28057 23.97784,90.28075 23.97757,90.28089 23.97736,90.28106 23.9771,90.28113 23.97668,90.2811 23.9765,90.28107 23.97627,90.2811 23.97602,90.28111 23.97598,90.28112 23.97579,90.28113 23.97564,90.28115 23.9755,90.28113 23.97537,90.28109 23.97529,90.28102 23.9751,90.28099 23.97499,90.28095 23.97482,90.28095 23.97471,90.28096 23.97453,90.28114 23.97383,90.28121 23.97322,90.28124 23.97292,90.28122 23.97292,90.28075 23.97282,90.28038 23.9729,90.28007 23.97283,90.27984 23.97271,90.27942 23.97254,90.27916 23.97246,90.27902 23.97238,90.27896 23.97234,90.2788 23.97232,90.27854 23.97237,90.27824 23.97245,90.27797 23.97251,90.27781 23.97253,90.27737 23.97245,90.27714 23.97239,90.27697 23.97231,90.27658 23.97211,90.27634 23.97194,90.27611 23.97176,90.27602 23.9717,90.27592 23.97158,90.27567 23.97129,90.2755 23.97108,90.27523 23.97081,90.27508 23.97074,90.27494 23.97071,90.27479 23.97068,90.27456 23.97067,90.27423 23.97064,90.27389 23.97062,90.27389 23.9706,90.27388 23.97058,90.27387 23.97057,90.27384 23.97056,90.27382 23.97055,90.2737 23.97052,90.27361 23.9705,90.27292 23.97037,90.27311 23.96936,90.27291 23.96932,90.27284 23.96931,90.27263 23.96929,90.27243 23.96924,90.27239 23.96923,90.27216 23.9692,90.27195 23.96916,90.27165 23.96912,90.27146 23.96909,90.27098 23.96902,90.27073 23.96899,90.27072 23.96899,90.27072 23.96898,90.27072 23.96897,90.27073 23.96879,90.27072 23.96877,90.27071 23.96876,90.27055 23.96863,90.27021 23.96847,90.26982 23.9684,90.26981 23.96839,90.26947 23.96846,90.26918 23.96837,90.26914 23.96835,90.26787 23.96784,90.26751 23.96773,90.26728 23.96764,90.26799 23.96594,90.26869 23.9643,90.26877 23.96408,90.26952 23.9623,90.26981 23.96163,90.26996 23.96129,90.27003 23.96112,90.2701 23.96096,90.27017 23.96079,90.27017 23.96078,90.27029 23.96046,90.27039 23.9602,90.2705 23.96022,90.27089 23.96031,90.27098 23.96033,90.27089 23.96031,90.2705 23.96022,90.27039 23.9602,90.27046 23.96003,90.27054 23.95987,90.27061 23.95969,90.27075 23.95939,90.27131 23.95805,90.27149 23.9576,90.27215 23.95607,90.27245 23.95536,90.27249 23.95526,90.27266 23.95483,90.27291 23.95424,90.27303 23.95394,90.2731 23.95377,90.27317 23.9536,90.27332 23.95326,90.27335 23.95318,90.27339 23.95311,90.27356 23.95269,90.27361 23.95256,90.27363 23.95252,90.27384 23.95201,90.27386 23.95194,90.27402 23.9515,90.27414 23.95111,90.27418 23.95098,90.27419 23.95094,90.27424 23.95076,90.27427 23.95063,90.27429 23.95054,90.27434 23.9502,90.27435 23.95012,90.27437 23.94979,90.27437 23.94952,90.27437 23.9495,90.27437 23.94949,90.27435 23.94903,90.27432 23.9486,90.27432 23.94859,90.27429 23.94842,90.27428 23.94837,90.27426 23.94825,90.27423 23.94814,90.27416 23.94785,90.27406 23.94755,90.27401 23.94741,90.27381 23.94689,90.27355 23.94628,90.2733 23.94573,90.27319 23.94546,90.27293 23.94489,90.27265 23.94425,90.27264 23.94424,90.27263 23.9442,90.27257 23.94407,90.2725 23.94391,90.27242 23.94375,90.27235 23.94359,90.27228 23.94343,90.27223 23.94333,90.2722 23.94326,90.27211 23.94308,90.2721 23.94305,90.27203 23.94291,90.27202 23.94288,90.27199 23.94282,90.27196 23.94274,90.27173 23.94229,90.27138 23.94154,90.27127 23.9413,90.27112 23.94096,90.27107 23.94084,90.27078 23.94023,90.27068 23.94,90.27051 23.93963,90.27041 23.93941,90.27038 23.93934,90.27028 23.93914,90.27024 23.93907,90.27019 23.93898,90.27019 23.93897,90.27016 23.9389,90.27011 23.93881,90.27008 23.93874,90.26995 23.93849,90.26981 23.93816,90.26976 23.93807,90.27052 23.93776,90.27087 23.93762,90.27113 23.9375,90.27232 23.93703,90.27248 23.93696,90.27269 23.93688,90.27294 23.93677,90.27324 23.93667,90.2735 23.93657,90.27368 23.93652,90.27379 23.9365,90.27418 23.93641,90.27428 23.93638,90.27442 23.93634,90.27457 23.93633,90.27491 23.93631,90.27535 23.93629,90.27548 23.93629,90.27563 23.93628,90.2762 23.93627,90.27691 23.93622,90.27704 23.93621,90.27725 23.9362,90.27742 23.93619,90.27743 23.93619,90.27754 23.93619,90.27775 23.93619,90.27794 23.93622,90.27808 23.93625,90.27832 23.93631,90.27848 23.93635,90.27858 23.93638,90.27872 23.9364,90.27874 23.9364,90.279 23.93644,90.27943 23.93647,90.2798 23.9365,90.28015 23.93653,90.28033 23.93654,90.28042 23.93655,90.28058 23.93657,90.28095 23.93664,90.28111 23.93668,90.28159 23.93676,90.2816 23.93677,90.28178 23.9368,90.28219 23.93688,90.28236 23.93692,90.28284 23.93702,90.28332 23.93712,90.28336 23.93712,90.28386 23.93722,90.28418 23.93728,90.28455 23.93733,90.28468 23.93735,90.28496 23.93739,90.28516 23.93738,90.28544 23.93738,90.28582 23.93735,90.28587 23.93735,90.28653 23.93725,90.2867 23.93722,90.28726 23.93718,90.28762 23.93717,90.28805 23.93717,90.28852 23.93714,90.28875 23.93712,90.28897 23.9371,90.28923 23.93706,90.28948 23.93702,90.29022 23.93691,90.29028 23.9369,90.29034 23.9369,90.2905 23.93688,90.29068 23.93686,90.29104 23.93685,90.2915 23.93685,90.29151 23.93685,90.29179 23.93685,90.29183 23.93685,90.29243 23.93687,90.29308 23.93689,90.29391 23.93691,90.294 23.93692,90.29439 23.93693,90.2948 23.93696,90.29505 23.93696,90.29518 23.93696,90.29581 23.93697,90.29597 23.93696,90.29621 23.93696,90.2964 23.93696,90.29717 23.93694,90.29736 23.93693,90.29773 23.93691,90.29802 23.93689,90.29816 23.93687,90.29842 23.93684,90.29851 23.93683,90.29862 23.93682,90.2988 23.93679,90.29901 23.93674,90.29902 23.93674,90.2992 23.93668,90.29951 23.93658,90.29957 23.93656,90.29964 23.93653,90.29969 23.93651,90.29989 23.93644,90.30032 23.93625,90.30071 23.93607,90.30089 23.93599,90.3011 23.93587,90.30112 23.93585,90.30135 23.93571,90.3024 23.93503,90.30273 23.93482,90.30449 23.93373,90.30508 23.93337,90.30566 23.93301,90.30585 23.93288,90.30593 23.93283,90.30736 23.93188,90.30752 23.93174,90.30758 23.93168,90.30775 23.93153,90.3079 23.93138,90.30802 23.93124,90.30806 23.93117,90.30809 23.93109,90.30812 23.93101,90.30814 23.93087,90.30819 23.93063,90.30823 23.93042,90.30826 23.93024,90.30831 23.92998,90.30834 23.92983,90.30837 23.92962,90.3085 23.9289,90.30862 23.92824,90.30876 23.92763,90.30897 23.92636,90.30902 23.92613,90.30907 23.92592,90.3091 23.92579,90.30911 23.92574,90.30914 23.92561,90.30921 23.9254,90.30927 23.92525,90.30934 23.9251,90.30957 23.92462,90.30998 23.92385,90.31017 23.92346,90.31022 23.92337,90.31039 23.92291,90.31045 23.92269,90.31053 23.92241,90.31057 23.92226,90.3106 23.92209,90.31065 23.92183,90.3107 23.92158,90.31074 23.92137,90.3108 23.92118,90.31082 23.92111,90.31089 23.92092,90.31096 23.92076,90.31101 23.92067,90.31105 23.92061,90.31105 23.9206,90.31111 23.92051,90.3112 23.92039,90.31135 23.92021,90.31139 23.92016,90.31144 23.9201,90.31148 23.92005,90.31152 23.92002,90.31176 23.91974,90.31186 23.91963,90.31193 23.91956,90.31199 23.91948,90.31212 23.91933,90.3125 23.91881,90.31289 23.91824,90.31301 23.91806,90.31311 23.91792,90.31321 23.91779,90.31342 23.91763,90.31426 23.91664,90.31436 23.91654,90.31452 23.91641,90.31461 23.91633,90.31483 23.91616,90.31506 23.91599,90.31535 23.9158,90.31567 23.9156,90.31626 23.91521,90.31711 23.91466,90.31801 23.914,90.31886 23.91329,90.31892 23.91315,90.31897 23.91308,90.31916 23.91281,90.31929 23.91263,90.31952 23.91231,90.31959 23.91221,90.31987 23.91183,90.31994 23.91173,90.32002 23.91162,90.32007 23.91155,90.32007 23.91154,90.32025 23.91124,90.32035 23.91103,90.32036 23.91101,90.3204 23.91093,90.32047 23.91073,90.32048 23.91064,90.3205 23.91051,90.3205 23.91039,90.32048 23.9102,90.32044 23.90997,90.32041 23.90977,90.3204 23.90968,90.32039 23.90961,90.32036 23.90928,90.32034 23.90896,90.32033 23.9088,90.32033 23.90872,90.32034 23.90866,90.32036 23.9086,90.32038 23.90852,90.32042 23.90839,90.32047 23.90828,90.32056 23.90808,90.32062 23.90796,90.32082 23.90751,90.32086 23.90743,90.32092 23.90732,90.32101 23.90721,90.32117 23.90703,90.32138 23.90688,90.32157 23.90675,90.3217 23.90665,90.32187 23.90654,90.322 23.90644,90.32203 23.90643,90.32218 23.90631,90.32223 23.90627,90.32231 23.90621,90.32264 23.90597,90.32279 23.90584,90.32292 23.90574,90.32337 23.90536,90.32338 23.90535,90.32369 23.90509,90.32383 23.90498,90.3239 23.90492,90.32403 23.9048,90.32413 23.9047,90.32429 23.90451,90.32442 23.90435,90.32449 23.90426,90.32478 23.90388,90.32481 23.90384,90.32504 23.90355,90.32489 23.90347,90.3247 23.90337,90.32462 23.90334,90.32435 23.90324,90.32434 23.90324,90.324 23.90312,90.32363 23.90301,90.32366 23.90257,90.32367 23.90225,90.32374 23.90197,90.32374 23.90166,90.32376 23.9011,90.32378 23.901,90.3238 23.90088,90.32386 23.90074,90.32388 23.90063,90.32391 23.90048,90.32391 23.90037,90.32392 23.90029,90.32397 23.9001,90.32399 23.89997,90.32401 23.89993,90.32405 23.89986,90.32413 23.89974,90.32414 23.89973,90.32421 23.89965,90.32427 23.89956,90.32436 23.89941,90.3244 23.8993,90.32443 23.89918,90.32446 23.89906,90.3245 23.89892,90.32461 23.89856,90.32476 23.89825,90.32486 23.89807,90.32493 23.89796,90.32505 23.89781,90.32517 23.89765,90.32528 23.89752,90.32539 23.8974,90.3254 23.8974,90.32604 23.89688,90.3261 23.89683,90.32617 23.89678,90.32639 23.89661,90.32662 23.89645,90.32669 23.89643)"
1KhykhqWxm7Pm4GCdNENWJyOoluMF4KkK,1KhykhqWxm7Pm4GCdNENWJyOoluMF4KkK-L53,2025.EIS.000064.kmz,"Directions from 6CVG+QMM, 1740, Bangladesh to Colour & Co Ltd., Barmi - Mawna Road, Mawna","Directions from 6CVG+QMM, 1740, Bangladesh to Colour & Co Ltd., Barmi - Mawna Road, Mawna",72,90.42682,24.24246,90.42358,24.23189,"LINESTRING(90.42682 24.24246,90.42631 24.24194,90.42627 24.2419,90.42584 24.24143,90.42567 24.24126,90.42558 24.24119,90.42551 24.24116,90.42546 24.24113,90.4254 24.2411,90.4253 24.24108,90.42527 24.24107,90.42501 24.241,90.4243 24.24076,90.42421 24.24073,90.42402 24.24067,90.42397 24.24065,90.42339 24.24046,90.42312 24.24035,90.42291 24.24025,90.42275 24.24015,90.42269 24.24011,90.42251 24.24,90.42234 24.23993,90.42202 24.23984,90.42193 24.23983,90.4211 24.2396,90.42061 24.23943,90.42098 24.23925,90.42099 24.23916,90.42101 24.23848,90.42102 24.23838,90.42103 24.23822,90.42104 24.23809,90.42103 24.23772,90.42102 24.23686,90.42103 24.23675,90.42104 24.23636,90.42106 24.23607,90.42108 24.23602,90.4211 24.23599,90.42111 24.23598,90.42118 24.23594,90.42173 24.23568,90.42173 24.23567,90.42173 24.23556,90.42189 24.23513,90.42202 24.23478,90.42205 24.23463,90.42207 24.2345,90.42208 24.23444,90.42208 24.23442,90.42209 24.23428,90.42212 24.23379,90.42214 24.23356,90.42216 24.23314,90.42216 24.23304,90.42216 24.23303,90.42217 24.23264,90.42218 24.23256,90.42224 24.23187,90.42223 24.2317,90.42245 24.23176,90.42253 24.23177,90.42258 24.23178,90.42265 24.23179,90.42272 24.2318,90.42276 24.2318,90.42281 24.2318,90.42292 24.2318,90.4231 24.2318,90.42358 24.23181,90.42358 24.23189)"
1Krlvxij8yq2sYr-C4Rq_Prbo0lM8b19-,1Krlvxij8yq2sYr-C4Rq_Prbo0lM8b19--L54,2025.EIS.000108.kmz,"Directions from Mahmuda Attires Ltd. to 23°52'35.3""N 90°07'01.1""E","Directions from Mahmuda Attires Ltd. to 23°52'35.3""N 90°07'01.1""E",625,90.11289,23.91747,90.1168,23.87638,"LINESTRING(90.11289 23.91747,90.11293 23.91756,90.11303 23.91781,90.11312 23.91807,90.11313 23.9181,90.11314 23.91813,90.11315 23.91816,90.11317 23.91824,90.11344 23.91826,90.11366 23.91831,90.11445 23.91836,90.11522 23.91841,90.11664 23.91852,90.11761 23.91859,90.11833 23.91864,90.12003 23.91884,90.12038 23.9189,90.12108 23.91902,90.12151 23.9191,90.12234 23.91926,90.1227 23.91933,90.12293 23.91938,90.12309 23.91945,90.12337 23.91954,90.12365 23.9196,90.12383 23.91964,90.12401 23.91967,90.12415 23.91969,90.12439 23.91971,90.12446 23.91972,90.12466 23.91973,90.12476 23.91974,90.1249 23.91977,90.12644 23.92006,90.12769 23.9203,90.12807 23.92037,90.12813 23.92038,90.12843 23.92043,90.12846 23.92044,90.12878 23.9205,90.1291 23.92055,90.12951 23.92063,90.12974 23.92067,90.13063 23.92081,90.13081 23.92083,90.1309 23.92085,90.131 23.92086,90.13096 23.92081,90.13082 23.92076,90.13074 23.92075,90.13044 23.92069,90.12955 23.92054,90.12917 23.92047,90.12904 23.92044,90.12879 23.92038,90.12848 23.92032,90.12832 23.92029,90.12817 23.92026,90.12774 23.92018,90.1277 23.92017,90.1277 23.9201,90.12771 23.91995,90.1277 23.9196,90.12772 23.91943,90.12772 23.91941,90.12776 23.91914,90.12779 23.91903,90.1279 23.91863,90.12803 23.91821,90.12805 23.91816,90.12806 23.91813,90.12814 23.91779,90.12827 23.91733,90.12837 23.9171,90.12858 23.91662,90.12868 23.91644,90.12876 23.91623,90.12883 23.91592,90.12896 23.9157,90.12905 23.91555,90.12923 23.91541,90.12946 23.91522,90.12982 23.91493,90.12995 23.91475,90.12996 23.91474,90.13009 23.91459,90.13025 23.91441,90.13028 23.91437,90.13042 23.91424,90.13051 23.91411,90.13056 23.91392,90.13057 23.91389,90.1306 23.91371,90.13062 23.91363,90.13062 23.9136,90.13065 23.91337,90.13065 23.91335,90.13066 23.91326,90.13068 23.91318,90.13069 23.91317,90.13072 23.91312,90.13077 23.91306,90.13085 23.91296,90.1309 23.91287,90.13101 23.91257,90.13119 23.9122,90.13112 23.91208,90.13093 23.91176,90.1307 23.91146,90.13062 23.91137,90.13045 23.91117,90.13028 23.91105,90.13022 23.911,90.13006 23.91088,90.1299 23.91075,90.1298 23.91069,90.12957 23.91061,90.12927 23.9105,90.1292 23.91048,90.12892 23.91038,90.12864 23.91028,90.12854 23.91023,90.12837 23.91015,90.12811 23.90998,90.12787 23.90981,90.12759 23.90953,90.12747 23.90938,90.12738 23.90924,90.12735 23.90914,90.12736 23.90906,90.12736 23.90896,90.12738 23.90876,90.12743 23.90846,90.12745 23.90831,90.12749 23.9081,90.12751 23.90784,90.12753 23.90755,90.12753 23.90754,90.12752 23.90749,90.1275 23.90733,90.12748 23.90715,90.12747 23.90704,90.12748 23.90684,90.12748 23.90676,90.12747 23.90662,90.12744 23.90641,90.12739 23.90613,90.12736 23.906,90.12734 23.90593,90.12731 23.90587,90.12729 23.90578,90.12718 23.90545,90.1271 23.90524,90.12707 23.90506,90.12708 23.90489,90.12708 23.90478,90.12712 23.90455,90.12716 23.90432,90.12719 23.90409,90.12722 23.90387,90.12723 23.90362,90.12724 23.90338,90.12726 23.90317,90.12728 23.90299,90.1273 23.90274,90.12731 23.90261,90.12735 23.90245,90.12738 23.90232,90.12742 23.90217,90.12745 23.90205,90.12746 23.9019,90.12745 23.90179,90.12745 23.90178,90.12744 23.90166,90.12741 23.90154,90.12739 23.90142,90.12736 23.90124,90.12735 23.90115,90.12734 23.90109,90.12731 23.90081,90.12729 23.9006,90.12728 23.90044,90.12727 23.90018,90.12727 23.9,90.12726 23.89986,90.12725 23.89965,90.12724 23.89959,90.12723 23.8995,90.12722 23.89946,90.12719 23.89936,90.12713 23.8992,90.12707 23.89906,90.127 23.89887,90.12692 23.89872,90.1269 23.89865,90.12689 23.89859,90.12688 23.89852,90.12687 23.89847,90.12687 23.89843,90.12687 23.89839,90.12687 23.8983,90.12689 23.89813,90.12691 23.89787,90.12691 23.89774,90.12692 23.89761,90.12692 23.89751,90.12692 23.89739,90.12691 23.89701,90.12692 23.89657,90.12691 23.89631,90.12691 23.89628,90.12691 23.89602,90.12688 23.89592,90.12683 23.89572,90.1268 23.89557,90.12679 23.89551,90.12676 23.89537,90.12673 23.89525,90.12672 23.89518,90.12671 23.89511,90.12671 23.89502,90.1267 23.89494,90.1267 23.89485,90.12672 23.89476,90.12672 23.8947,90.12673 23.89466,90.12677 23.89441,90.12679 23.89434,90.1268 23.89427,90.12682 23.89421,90.12685 23.89415,90.12687 23.8941,90.12697 23.89389,90.12706 23.89376,90.12709 23.89369,90.12711 23.89364,90.12715 23.89353,90.12715 23.89352,90.12718 23.89335,90.1272 23.89323,90.12722 23.89308,90.12725 23.89272,90.12725 23.89263,90.12725 23.89262,90.12726 23.89253,90.12727 23.89218,90.12726 23.89206,90.12729 23.8919,90.12731 23.89179,90.12733 23.89163,90.12735 23.89152,90.12735 23.89142,90.12734 23.89122,90.1273 23.8907,90.1273 23.89054,90.1273 23.89048,90.12728 23.8903,90.12728 23.89029,90.12726 23.89014,90.12724 23.89004,90.12721 23.88987,90.12721 23.88982,90.12718 23.88969,90.12716 23.88952,90.12716 23.88946,90.12716 23.88941,90.12715 23.88929,90.12713 23.88913,90.12712 23.88898,90.12708 23.88884,90.12699 23.88868,90.12697 23.88864,90.12696 23.88862,90.12693 23.88854,90.1269 23.88842,90.12687 23.88823,90.12688 23.88821,90.12688 23.88803,90.12691 23.88781,90.12696 23.88748,90.12697 23.8874,90.12701 23.88717,90.12702 23.88713,90.12711 23.8866,90.12713 23.88652,90.12719 23.88628,90.1273 23.8859,90.12735 23.88576,90.12742 23.88554,90.12754 23.88523,90.12757 23.88509,90.12776 23.88458,90.12784 23.88434,90.1279 23.88411,90.12792 23.88406,90.12793 23.88404,90.128 23.88391,90.12813 23.88362,90.12827 23.88332,90.1284 23.88301,90.12852 23.88272,90.12858 23.88251,90.12865 23.88225,90.12873 23.88184,90.12876 23.88155,90.12877 23.88137,90.12878 23.8813,90.12885 23.88092,90.1289 23.88061,90.12895 23.88038,90.12901 23.88022,90.1291 23.88003,90.12915 23.87987,90.12918 23.87978,90.12921 23.87967,90.12922 23.87963,90.12926 23.87944,90.12928 23.87926,90.12929 23.8791,90.12929 23.87896,90.12929 23.8789,90.12929 23.87879,90.12931 23.87842,90.12931 23.87818,90.12931 23.87803,90.12932 23.8778,90.12907 23.87789,90.12902 23.87792,90.12898 23.87795,90.12895 23.87799,90.12894 23.87801,90.12891 23.87804,90.12889 23.87805,90.12887 23.87806,90.12883 23.87807,90.12878 23.87807,90.12866 23.87806,90.12858 23.87805,90.12852 23.87804,90.12858 23.87792,90.12859 23.87782,90.1286 23.87772,90.1286 23.87769,90.12861 23.87758,90.12861 23.87752,90.12861 23.87747,90.12879 23.87737,90.12889 23.87731,90.12906 23.87721,90.12914 23.87713,90.1292 23.87705,90.12923 23.877,90.12923 23.87699,90.12927 23.8769,90.12929 23.87684,90.12929 23.87683,90.1293 23.87681,90.1293 23.8768,90.12929 23.87678,90.12928 23.87677,90.12927 23.87676,90.12926 23.87675,90.12925 23.87675,90.12924 23.87674,90.12916 23.87674,90.129 23.87673,90.12881 23.87672,90.12874 23.87672,90.12867 23.87671,90.12859 23.87669,90.12839 23.87665,90.12835 23.87664,90.12809 23.87659,90.12785 23.87655,90.1278 23.87654,90.12779 23.87653,90.12772 23.87652,90.12767 23.87649,90.12761 23.87646,90.12752 23.87636,90.12739 23.87626,90.12725 23.87612,90.12706 23.87593,90.12699 23.87579,90.12695 23.87571,90.12688 23.87564,90.12677 23.87552,90.1266 23.87532,90.1266 23.87531,90.12645 23.87506,90.12614 23.87432,90.12613 23.87431,90.12607 23.87423,90.12596 23.87418,90.12586 23.87413,90.12582 23.87411,90.12548 23.87405,90.12534 23.874,90.12524 23.874,90.12506 23.87402,90.12408 23.87417,90.12402 23.87417,90.12395 23.87418,90.12395 23.87415,90.12396 23.8741,90.12396 23.87407,90.12389 23.87371,90.12383 23.87352,90.12376 23.87332,90.12376 23.87331,90.12374 23.87326,90.12369 23.87314,90.12318 23.87198,90.12312 23.87184,90.12303 23.87165,90.12302 23.87159,90.12297 23.87153,90.12293 23.87149,90.12288 23.87146,90.12283 23.87141,90.12278 23.87132,90.12273 23.87124,90.12272 23.87122,90.12269 23.87118,90.12265 23.87114,90.12261 23.87112,90.12257 23.87111,90.12248 23.8711,90.12238 23.87108,90.12236 23.87108,90.12229 23.87107,90.12214 23.87107,90.12203 23.87106,90.12197 23.87106,90.12196 23.87106,90.12193 23.87106,90.1219 23.87105,90.12187 23.87104,90.12184 23.87101,90.12182 23.87099,90.12182 23.87096,90.12173 23.87049,90.12171 23.87043,90.12169 23.87034,90.12167 23.87029,90.12163 23.87018,90.12158 23.87002,90.12155 23.86993,90.12153 23.86981,90.1215 23.86971,90.12148 23.86956,90.12143 23.86938,90.12137 23.86927,90.1213 23.86917,90.12119 23.86898,90.12116 23.86884,90.12117 23.86881,90.1212 23.86875,90.12121 23.86866,90.12122 23.86856,90.12124 23.86848,90.12124 23.86841,90.12123 23.86834,90.12118 23.86826,90.12118 23.86819,90.12118 23.86814,90.12119 23.86801,90.1212 23.86784,90.1212 23.86783,90.12123 23.86729,90.12123 23.86711,90.12124 23.86701,90.12134 23.86658,90.12138 23.8664,90.12138 23.86637,90.12147 23.8661,90.12147 23.86593,90.12147 23.8658,90.12147 23.8657,90.12146 23.86562,90.12145 23.86556,90.12145 23.8655,90.12118 23.86547,90.12085 23.8654,90.12073 23.86536,90.12072 23.86536,90.1206 23.86532,90.12053 23.86529,90.12044 23.86526,90.12038 23.86542,90.12035 23.86555,90.12034 23.8657,90.12035 23.86582,90.12037 23.86589,90.12033 23.86646,90.12033 23.86649,90.12032 23.86666,90.12028 23.86682,90.12024 23.86691,90.12014 23.86701,90.12006 23.8672,90.12003 23.86732,90.11996 23.86746,90.11984 23.86758,90.11984 23.8676,90.11983 23.86763,90.11981 23.8677,90.11977 23.86799,90.11977 23.86802,90.11975 23.86814,90.11974 23.86816,90.11972 23.86826,90.11969 23.86834,90.11967 23.8684,90.11951 23.86876,90.1194 23.869,90.11934 23.86912,90.1193 23.86919,90.11927 23.86923,90.11921 23.86928,90.11914 23.86933,90.11909 23.86936,90.11906 23.8694,90.11901 23.86947,90.11894 23.86958,90.11889 23.86964,90.11886 23.8697,90.11884 23.86973,90.11884 23.86974,90.11882 23.86979,90.1188 23.86987,90.1188 23.86991,90.11879 23.86997,90.11877 23.87008,90.11873 23.87029,90.1187 23.87039,90.11869 23.87045,90.11868 23.87049,90.11866 23.87052,90.11863 23.87055,90.1186 23.87058,90.11858 23.8706,90.11857 23.87063,90.11853 23.8707,90.1185 23.87078,90.11849 23.87083,90.11849 23.87089,90.1185 23.87093,90.1185 23.87094,90.11854 23.87103,90.11855 23.87108,90.11855 23.87115,90.11854 23.87117,90.11852 23.8712,90.1185 23.87122,90.11848 23.87124,90.11846 23.87128,90.11844 23.87135,90.11843 23.87158,90.11843 23.87161,90.1184 23.87194,90.1184 23.87211,90.11839 23.87223,90.11839 23.87236,90.11839 23.87242,90.11837 23.87251,90.11834 23.87258,90.11831 23.87264,90.11829 23.87267,90.11826 23.87269,90.11822 23.87271,90.11821 23.87271,90.11814 23.87273,90.11807 23.87275,90.11804 23.87276,90.11799 23.87278,90.11792 23.87282,90.11796 23.87286,90.11805 23.87298,90.11811 23.87305,90.11812 23.87306,90.11822 23.87318,90.11828 23.87332,90.11834 23.87351,90.11843 23.87373,90.11844 23.87374,90.11852 23.87387,90.11865 23.87401,90.11869 23.87405,90.11877 23.87424,90.11877 23.87439,90.11877 23.87442,90.11877 23.87444,90.11876 23.87446,90.11874 23.87449,90.11866 23.87455,90.11856 23.87464,90.11842 23.87475,90.11827 23.87487,90.11826 23.87488,90.11822 23.87491,90.11777 23.87542,90.11771 23.87549,90.11754 23.87572,90.11723 23.87615,90.11715 23.87624,90.11713 23.87627,90.11712 23.87628,90.1171 23.87629,90.11708 23.87629,90.11706 23.87629,90.11704 23.87629,90.11703 23.87628,90.117 23.87628,90.11697 23.87626,90.11694 23.87624,90.11692 23.87624,90.1169 23.87624,90.11689 23.87624,90.11688 23.87624,90.11686 23.87626,90.11685 23.87626,90.11684 23.87628,90.11683 23.8763,90.1168 23.87638)"
1MGUHkvweeWK9n_ckgpVusRova1Obkar3,1MGUHkvweeWK9n_ckgpVusRova1Obkar3-L55,2025.EIS.000054.kmz,"Directions from Gawair, Dhaka to Creative Collections Ltd- Helipad, Tongi","Directions from Gawair, Dhaka to Creative Collections Ltd- Helipad, Tongi",413,90.41534,23.85864,90.3937,23.89811,"LINESTRING(90.41534 23.85864,90.41537 23.85848,90.4154 23.85837,90.4154 23.85836,90.41542 23.85822,90.41543 23.85805,90.41545 23.85791,90.41548 23.85763,90.41592 23.85764,90.41593 23.85754,90.41593 23.85752,90.41592 23.85751,90.41591 23.85749,90.41589 23.85748,90.41588 23.85746,90.41588 23.85745,90.41587 23.85744,90.41587 23.85724,90.41584 23.85716,90.41584 23.85708,90.41589 23.85655,90.41568 23.85654,90.41563 23.85654,90.41527 23.8565,90.41508 23.85648,90.4149 23.85645,90.41486 23.85645,90.41481 23.85643,90.41475 23.85641,90.4147 23.85639,90.41467 23.85638,90.41465 23.85637,90.41464 23.85637,90.41464 23.85635,90.41464 23.85634,90.41464 23.85633,90.41466 23.85631,90.41467 23.8563,90.41467 23.85629,90.41471 23.85622,90.41476 23.85615,90.4148 23.85612,90.41485 23.85609,90.41492 23.856,90.41517 23.85567,90.41517 23.85566,90.41518 23.85565,90.41518 23.85564,90.41518 23.85563,90.41517 23.85562,90.41517 23.85561,90.41514 23.85558,90.41508 23.85553,90.41508 23.85552,90.41508 23.85551,90.41508 23.8555,90.41512 23.85538,90.41515 23.85527,90.41517 23.85521,90.41533 23.85471,90.41529 23.8547,90.4147 23.85465,90.41465 23.85464,90.4146 23.85464,90.41453 23.85466,90.41448 23.85467,90.41446 23.85468,90.41443 23.8547,90.4144 23.85471,90.41437 23.85473,90.41431 23.8548,90.41423 23.85463,90.4142 23.85455,90.41411 23.85436,90.41401 23.85404,90.41398 23.85392,90.41397 23.85381,90.41396 23.85357,90.41419 23.85355,90.4142 23.85293,90.4142 23.85292,90.41419 23.85291,90.41419 23.8529,90.41417 23.85289,90.41416 23.85288,90.41414 23.85288,90.41404 23.85287,90.41401 23.85286,90.41398 23.85283,90.41395 23.85282,90.41394 23.8528,90.41393 23.85278,90.41392 23.85276,90.41393 23.85212,90.4132 23.85213,90.41312 23.85212,90.41315 23.85198,90.4132 23.85182,90.4132 23.85181,90.41319 23.85181,90.41308 23.8518,90.41307 23.8518,90.41306 23.85179,90.4131 23.85143,90.41239 23.85146,90.41234 23.85143,90.41232 23.85143,90.41231 23.85142,90.41225 23.85142,90.41208 23.85141,90.41151 23.85136,90.41132 23.85134,90.41122 23.85133,90.41106 23.85129,90.40982 23.85095,90.40953 23.85087,90.40952 23.85087,90.40946 23.85085,90.40925 23.8508,90.4092 23.85079,90.40919 23.8507,90.40919 23.85063,90.40919 23.85055,90.4092 23.85022,90.40921 23.85015,90.40922 23.85007,90.40923 23.85,90.40926 23.84994,90.40931 23.84987,90.40935 23.84981,90.40942 23.84972,90.40947 23.84954,90.40962 23.84933,90.41107 23.84754,90.41113 23.84746,90.41215 23.84622,90.41237 23.84596,90.41249 23.84582,90.4126 23.8457,90.41353 23.84456,90.41372 23.84432,90.41413 23.84386,90.4143 23.84365,90.41492 23.84291,90.41571 23.84199,90.41636 23.84131,90.41643 23.84123,90.41644 23.84115,90.41644 23.84113,90.41642 23.84111,90.41638 23.84106,90.41631 23.84104,90.41628 23.84104,90.41625 23.84104,90.41612 23.84105,90.4148 23.84284,90.41381 23.84399,90.41308 23.84489,90.41284 23.84517,90.41239 23.84572,90.41228 23.84586,90.41214 23.84602,90.41211 23.84606,90.41203 23.84616,90.41157 23.84672,90.41105 23.84735,90.41092 23.84751,90.41069 23.84779,90.41026 23.8483,90.41015 23.84843,90.41002 23.84858,90.40992 23.84874,90.40945 23.84933,90.40913 23.8497,90.40896 23.8499,90.40885 23.85003,90.40871 23.85021,90.40857 23.8504,90.40841 23.8506,90.40837 23.85066,90.40823 23.85084,90.40806 23.85104,90.4075 23.85175,90.40692 23.85246,90.40665 23.85273,90.40658 23.8528,90.40644 23.85295,90.40633 23.85307,90.40623 23.85322,90.40601 23.85347,90.40584 23.85367,90.40568 23.85385,90.40567 23.85386,90.4056 23.85392,90.40558 23.85393,90.40553 23.85395,90.40552 23.85396,90.4055 23.854,90.40538 23.85415,90.40489 23.8548,90.40484 23.85485,90.40471 23.85499,90.40462 23.85509,90.40457 23.85514,90.40452 23.85518,90.40435 23.85536,90.40426 23.85546,90.40417 23.85556,90.40405 23.85569,90.40383 23.85592,90.40364 23.85615,90.40353 23.85631,90.40332 23.85658,90.40313 23.85683,90.40308 23.8569,90.40307 23.85691,90.40266 23.85741,90.40232 23.8578,90.40225 23.8579,90.40191 23.85833,90.40183 23.85843,90.40169 23.85864,90.40142 23.85898,90.40134 23.85907,90.40083 23.85969,90.40061 23.85999,90.40054 23.8601,90.40046 23.86022,90.40033 23.86052,90.4003 23.86061,90.40027 23.86069,90.40011 23.86109,90.40005 23.86129,90.40001 23.86147,90.39997 23.86164,90.39992 23.86191,90.39989 23.86215,90.39988 23.86237,90.39987 23.86249,90.39988 23.8628,90.39988 23.86307,90.39987 23.86313,90.39985 23.86319,90.39991 23.86355,90.39997 23.86444,90.4 23.86475,90.40003 23.86565,90.40006 23.86609,90.40009 23.86639,90.40009 23.86679,90.40008 23.86715,90.40012 23.86747,90.40017 23.86779,90.40019 23.86793,90.40021 23.8682,90.40024 23.86842,90.40026 23.8685,90.40028 23.86881,90.40031 23.86948,90.40038 23.87089,90.40039 23.87103,90.4004 23.8711,90.40048 23.87125,90.40049 23.8713,90.40049 23.8714,90.4005 23.87159,90.40051 23.87198,90.40052 23.87252,90.40053 23.87288,90.40054 23.87306,90.40054 23.87315,90.40053 23.87324,90.40053 23.87342,90.4005 23.87412,90.40049 23.87436,90.40049 23.87454,90.40048 23.87478,90.4005 23.87486,90.40052 23.8752,90.40058 23.87553,90.40065 23.87579,90.40079 23.87631,90.40087 23.87659,90.40092 23.87683,90.40096 23.87695,90.40101 23.87719,90.40107 23.87747,90.40109 23.87754,90.40113 23.87772,90.40119 23.87794,90.40121 23.87807,90.40126 23.87843,90.40127 23.87854,90.40127 23.87896,90.40127 23.87922,90.40124 23.87941,90.40123 23.8795,90.40118 23.87979,90.40117 23.87986,90.40113 23.88003,90.40106 23.88039,90.40103 23.88052,90.401 23.88065,90.40096 23.88085,90.40093 23.881,90.40089 23.88118,90.40086 23.88135,90.40082 23.88153,90.40075 23.88189,90.40072 23.88206,90.40068 23.88224,90.40065 23.88242,90.40061 23.88259,90.40058 23.88277,90.40044 23.88348,90.40042 23.88358,90.40038 23.88402,90.40036 23.88419,90.40035 23.88437,90.40033 23.88455,90.40033 23.88458,90.40028 23.88491,90.40026 23.88509,90.40022 23.88534,90.40022 23.88545,90.40022 23.88572,90.40022 23.88581,90.40024 23.88598,90.40026 23.88621,90.40028 23.88648,90.40029 23.88661,90.40034 23.88679,90.40037 23.88693,90.40047 23.88724,90.40083 23.88826,90.40086 23.88838,90.4009 23.8885,90.40121 23.88947,90.40131 23.88984,90.40136 23.89003,90.40138 23.89011,90.4014 23.89019,90.40145 23.89039,90.4015 23.89058,90.40149 23.89068,90.40149 23.8907,90.40156 23.89091,90.40163 23.89112,90.40162 23.89119,90.4017 23.8914,90.40175 23.89155,90.40176 23.89157,90.40182 23.89184,90.40185 23.89193,90.40187 23.89204,90.40188 23.89214,90.40189 23.89215,90.4019 23.89223,90.4019 23.89228,90.40191 23.89233,90.40191 23.89241,90.40191 23.89248,90.40191 23.89254,90.4019 23.89261,90.40189 23.89271,90.40186 23.8928,90.40185 23.89281,90.40183 23.89285,90.4018 23.89291,90.40177 23.89296,90.40172 23.89304,90.40079 23.89419,90.40069 23.89431,90.40067 23.89434,90.40035 23.89471,90.40009 23.89504,90.39994 23.89524,90.39984 23.89537,90.39962 23.89571,90.39951 23.89587,90.39936 23.89583,90.39927 23.89582,90.39915 23.8958,90.39894 23.89579,90.39874 23.8958,90.39843 23.8958,90.39822 23.8958,90.39768 23.89576,90.39737 23.89574,90.39657 23.89568,90.3964 23.89567,90.39627 23.89567,90.39603 23.89568,90.3958 23.89569,90.39578 23.89569,90.39553 23.89567,90.39524 23.89567,90.39517 23.89566,90.39509 23.89565,90.39483 23.89562,90.39464 23.89558,90.39437 23.89556,90.39412 23.89555,90.39409 23.89572,90.39405 23.89596,90.39404 23.89601,90.394 23.89619,90.39396 23.8964,90.3939 23.89672,90.39389 23.89686,90.39383 23.89727,90.39375 23.89781,90.3937 23.89811)"
1Myvowh9_AtR4Tr8KBlSoj46Ss0aOyoWL,1Myvowh9_AtR4Tr8KBlSoj46Ss0aOyoWL-L56,crystal martin.kmz,"Directions from Crystal Martin Apperels Bangladesh Ltd to Mariali Central Jame Mosque, Salna - Joydebpur Road, Gazipur","Directions from Crystal Martin Apperels Bangladesh Ltd to Mariali Central Jame Mosque, Salna - Joydebpur Road, Gazipur",825,90.37668,24.34038,90.40722,24.00758,"LINESTRING(90.37668 24.34038,90.37667 24.3404,90.37665 24.34042,90.37663 24.34043,90.3766 24.34043,90.37656 24.34042,90.37641 24.34041,90.37564 24.34041,90.37562 24.34041,90.37561 24.3404,90.3756 24.3404,90.3756 24.34039,90.37555 24.34039,90.37502 24.34038,90.37437 24.34037,90.3742 24.34036,90.37433 24.33993,90.37437 24.33981,90.37439 24.33973,90.3744 24.33973,90.37451 24.33941,90.37454 24.3393,90.37481 24.33852,90.37516 24.33749,90.37519 24.33741,90.3755 24.33649,90.37554 24.33638,90.37588 24.33546,90.37609 24.33485,90.37642 24.33398,90.3766 24.33346,90.37696 24.33233,90.37714 24.33181,90.3772 24.3316,90.37764 24.33025,90.37785 24.3296,90.37803 24.32911,90.37825 24.32847,90.37834 24.32819,90.37869 24.32716,90.37886 24.32663,90.37906 24.32606,90.3793 24.32537,90.37954 24.32469,90.3802 24.3228,90.38039 24.32225,90.38061 24.3216,90.38073 24.32124,90.3808 24.32105,90.38102 24.32038,90.38203 24.31741,90.38242 24.31626,90.38306 24.31444,90.38337 24.3136,90.38361 24.3128,90.38383 24.31215,90.38384 24.31211,90.38423 24.31095,90.38424 24.3109,90.38441 24.31043,90.38469 24.30957,90.3847 24.30953,90.38497 24.30872,90.38503 24.30857,90.38525 24.30791,90.38558 24.30695,90.38566 24.3067,90.38619 24.30516,90.38627 24.30494,90.38637 24.30464,90.38666 24.30378,90.38672 24.3036,90.38766 24.30075,90.38805 24.29958,90.38816 24.29923,90.38823 24.29901,90.38827 24.29884,90.38837 24.29845,90.38842 24.29827,90.38887 24.29643,90.38891 24.29623,90.38916 24.29523,90.38947 24.29415,90.38955 24.29386,90.38962 24.29359,90.38975 24.29309,90.3898 24.29294,90.38988 24.29266,90.39003 24.29218,90.39007 24.29203,90.39027 24.29128,90.39066 24.28975,90.3914 24.28695,90.39156 24.28634,90.39159 24.28625,90.39178 24.28553,90.39196 24.28475,90.39212 24.28412,90.39215 24.28402,90.39224 24.28367,90.39237 24.2832,90.39249 24.28273,90.3926 24.28228,90.39273 24.28174,90.39283 24.28138,90.39326 24.2797,90.39354 24.27852,90.39365 24.27812,90.39369 24.27795,90.39379 24.27758,90.39395 24.27689,90.39396 24.27683,90.39403 24.27654,90.39408 24.27632,90.39411 24.27618,90.39433 24.27534,90.39459 24.27439,90.39529 24.27178,90.39534 24.27153,90.39665 24.26649,90.39695 24.26508,90.39704 24.26466,90.39722 24.26388,90.39741 24.26317,90.39766 24.26224,90.39776 24.26191,90.39847 24.25925,90.39861 24.25872,90.39868 24.25841,90.39873 24.25825,90.39881 24.25798,90.39883 24.25789,90.39933 24.25597,90.39941 24.25565,90.39967 24.25463,90.40004 24.25321,90.40009 24.25299,90.40043 24.25172,90.40071 24.2507,90.40101 24.2495,90.40118 24.24885,90.40136 24.24815,90.40138 24.24806,90.4017 24.24675,90.40173 24.24663,90.40193 24.24579,90.40228 24.24427,90.4023 24.2442,90.40239 24.24385,90.40242 24.24372,90.40249 24.24347,90.403 24.24145,90.40325 24.24047,90.40331 24.24024,90.40351 24.23948,90.40363 24.23901,90.40371 24.2387,90.40381 24.23833,90.40385 24.23822,90.4039 24.23806,90.404 24.23778,90.40408 24.23758,90.4041 24.23753,90.40427 24.23717,90.40444 24.23683,90.40499 24.23571,90.40579 24.23411,90.4068 24.23205,90.40699 24.23165,90.40721 24.23121,90.40819 24.22921,90.40884 24.22788,90.40967 24.22615,90.40975 24.22598,90.4099 24.22567,90.41009 24.22529,90.41067 24.22414,90.41068 24.22414,90.41075 24.22397,90.41116 24.22314,90.41179 24.22182,90.41187 24.22166,90.41195 24.22149,90.41203 24.22133,90.41219 24.221,90.41236 24.22065,90.41243 24.22051,90.41245 24.22047,90.41247 24.22042,90.41263 24.2201,90.41271 24.21994,90.41287 24.21961,90.41295 24.21944,90.41301 24.21932,90.41339 24.21858,90.41372 24.21799,90.41389 24.21766,90.41394 24.21755,90.41397 24.2175,90.41442 24.21657,90.41454 24.21628,90.41468 24.216,90.41486 24.21569,90.41525 24.21493,90.41557 24.21433,90.41578 24.21395,90.41592 24.21368,90.41596 24.2136,90.41604 24.21344,90.41642 24.21275,90.41658 24.21247,90.41667 24.2123,90.41689 24.21189,90.41691 24.21185,90.41716 24.21135,90.41747 24.21073,90.41793 24.20979,90.41806 24.20953,90.41819 24.20924,90.41868 24.20828,90.41879 24.20806,90.41925 24.20717,90.4197 24.20626,90.41983 24.20601,90.41992 24.20583,90.42074 24.20419,90.42149 24.20268,90.4216 24.20248,90.4216 24.20247,90.42189 24.20188,90.42251 24.20064,90.42261 24.20043,90.42282 24.20002,90.42289 24.19989,90.42296 24.19973,90.42334 24.19897,90.42349 24.19866,90.42382 24.19799,90.42417 24.19727,90.42422 24.19717,90.42428 24.19705,90.42455 24.19649,90.42466 24.19627,90.42472 24.19615,90.42488 24.19582,90.42502 24.19554,90.42519 24.19522,90.42539 24.1948,90.42554 24.19445,90.42583 24.19389,90.42587 24.1938,90.42588 24.19379,90.42611 24.19329,90.42617 24.19314,90.42617 24.19312,90.4262 24.19306,90.42625 24.19288,90.42631 24.19266,90.42635 24.19246,90.42641 24.19211,90.42642 24.19201,90.42643 24.19188,90.42647 24.19151,90.42654 24.19044,90.42659 24.18978,90.42666 24.18882,90.42673 24.18793,90.42674 24.18777,90.42681 24.18717,90.42682 24.18698,90.42687 24.18645,90.42693 24.18578,90.42693 24.18562,90.42694 24.18501,90.42695 24.18484,90.42695 24.18439,90.42696 24.18406,90.42696 24.18394,90.42696 24.18356,90.42696 24.18354,90.42697 24.18342,90.42697 24.18341,90.42697 24.18338,90.42699 24.18306,90.42701 24.18285,90.42703 24.18267,90.42703 24.18266,90.42708 24.18215,90.42711 24.18178,90.42717 24.18087,90.42719 24.18049,90.42722 24.17988,90.42724 24.17959,90.42744 24.17661,90.42777 24.1723,90.42796 24.16965,90.42813 24.16727,90.42816 24.16701,90.42822 24.16618,90.42823 24.16603,90.42827 24.16564,90.4283 24.16517,90.42831 24.16506,90.42831 24.16489,90.42831 24.16488,90.42832 24.1647,90.42832 24.16462,90.42832 24.1644,90.42831 24.16416,90.42829 24.1639,90.42826 24.16364,90.42824 24.16351,90.42822 24.16338,90.42822 24.16337,90.4282 24.16326,90.42816 24.1631,90.4281 24.1629,90.42806 24.16277,90.428 24.16259,90.42791 24.16236,90.42776 24.16197,90.42743 24.16131,90.42741 24.16126,90.42698 24.16038,90.42648 24.15937,90.42607 24.15855,90.42595 24.15825,90.42586 24.15809,90.42577 24.15789,90.42572 24.15778,90.42552 24.15734,90.42529 24.15686,90.42512 24.15644,90.42497 24.15611,90.42471 24.15555,90.42463 24.15539,90.42447 24.15505,90.42427 24.15464,90.42402 24.15412,90.42389 24.15383,90.4235 24.15301,90.42347 24.15295,90.42335 24.15268,90.42317 24.1523,90.42279 24.15146,90.42248 24.1508,90.4222 24.15021,90.422 24.14978,90.42194 24.14966,90.42177 24.14931,90.42164 24.14905,90.42136 24.14845,90.4213 24.14832,90.42112 24.14793,90.421 24.14767,90.4206 24.14684,90.42035 24.1463,90.42012 24.14579,90.42004 24.14563,90.41997 24.14547,90.41994 24.1454,90.41973 24.14495,90.41971 24.14491,90.41963 24.14474,90.41955 24.14457,90.4194 24.14424,90.41931 24.14405,90.4192 24.14381,90.41917 24.14375,90.41909 24.14358,90.41871 24.14274,90.41851 24.14232,90.4184 24.14209,90.41836 24.14202,90.41827 24.14183,90.41824 24.14176,90.41812 24.1415,90.41805 24.14134,90.418 24.14124,90.4177 24.14058,90.41748 24.14011,90.41747 24.14009,90.41739 24.13993,90.41736 24.13985,90.41732 24.13976,90.41716 24.13944,90.41701 24.13912,90.41701 24.13911,90.41693 24.13896,90.41693 24.13895,90.41685 24.13879,90.4167 24.13846,90.41662 24.13822,90.41641 24.13779,90.41589 24.13666,90.41546 24.13566,90.41544 24.1356,90.41544 24.13559,90.4152 24.13506,90.41506 24.13477,90.4149 24.13444,90.41448 24.13365,90.41416 24.133,90.41407 24.13281,90.41386 24.13238,90.41356 24.13173,90.41332 24.13119,90.413 24.13052,90.41262 24.12969,90.41239 24.12922,90.41202 24.12843,90.41196 24.12831,90.4118 24.12797,90.41162 24.12757,90.41154 24.12741,90.41149 24.12731,90.41108 24.12649,90.41106 24.12645,90.41105 24.12643,90.41075 24.1258,90.41061 24.1255,90.41057 24.12544,90.41032 24.12494,90.41 24.12429,90.40966 24.12357,90.40961 24.12347,90.40954 24.12331,90.40939 24.12301,90.40907 24.12233,90.40892 24.12202,90.40885 24.12187,90.40869 24.12154,90.40845 24.12104,90.40796 24.11999,90.40792 24.11989,90.40766 24.11935,90.40724 24.11846,90.40693 24.1178,90.40683 24.11758,90.40675 24.11742,90.40653 24.11696,90.40636 24.11659,90.40628 24.11642,90.40598 24.11577,90.40582 24.11543,90.4056 24.11495,90.4054 24.11453,90.40536 24.11444,90.40532 24.11433,90.40524 24.11414,90.40519 24.11398,90.40514 24.1138,90.40512 24.1137,90.40504 24.11333,90.40502 24.11322,90.40498 24.11299,90.40491 24.11262,90.40484 24.11221,90.40484 24.11219,90.40464 24.11109,90.40462 24.11095,90.40459 24.11077,90.40445 24.11003,90.40437 24.10952,90.4043 24.10913,90.40414 24.1082,90.40406 24.10772,90.40399 24.10732,90.40388 24.10668,90.40382 24.10633,90.4038 24.10618,90.40374 24.1058,90.40373 24.10579,90.40371 24.10562,90.40371 24.10561,90.40368 24.10548,90.40361 24.10508,90.40342 24.10401,90.4034 24.1039,90.40322 24.10289,90.40314 24.10239,90.40311 24.10223,90.40301 24.10165,90.40284 24.10084,90.40274 24.10029,90.40265 24.09982,90.40261 24.0996,90.4026 24.09958,90.40258 24.09947,90.40249 24.09896,90.40242 24.09857,90.40241 24.09853,90.40235 24.09816,90.40228 24.09777,90.40219 24.09732,90.40215 24.09714,90.40212 24.09698,90.4021 24.09689,90.40202 24.09654,90.40198 24.09636,90.40194 24.09619,90.40178 24.09543,90.40169 24.09501,90.40158 24.09446,90.40148 24.09391,90.40137 24.09333,90.40135 24.09316,90.40127 24.09283,90.40098 24.09126,90.40085 24.09063,90.40059 24.08919,90.40044 24.08843,90.40039 24.08816,90.40021 24.08719,90.4001 24.08658,90.39989 24.08548,90.39985 24.08532,90.39981 24.0851,90.39976 24.0849,90.39968 24.08465,90.39963 24.08451,90.39957 24.08437,90.39947 24.08414,90.39933 24.08389,90.39926 24.08376,90.39915 24.08357,90.39903 24.08339,90.39895 24.08326,90.39869 24.08291,90.39839 24.08251,90.39805 24.08204,90.39778 24.08167,90.39733 24.08106,90.39728 24.08098,90.39684 24.08038,90.39655 24.07997,90.39642 24.07979,90.39636 24.0797,90.39608 24.07931,90.39521 24.07811,90.3949 24.07768,90.39475 24.07748,90.39449 24.07712,90.39428 24.07682,90.39409 24.07655,90.39398 24.0764,90.39387 24.07623,90.39371 24.07598,90.39362 24.07585,90.39353 24.07567,90.39343 24.07548,90.39332 24.07527,90.39326 24.07514,90.39316 24.07491,90.39302 24.07459,90.39288 24.07426,90.39273 24.07385,90.39248 24.07325,90.39247 24.07321,90.39222 24.07257,90.39216 24.07243,90.39138 24.07047,90.3912 24.06999,90.39113 24.06979,90.39107 24.06961,90.39095 24.06926,90.39076 24.06876,90.39049 24.06805,90.39024 24.06736,90.3897 24.0659,90.38905 24.06414,90.38853 24.06274,90.38841 24.06243,90.38831 24.06215,90.38825 24.06201,90.3882 24.06185,90.38815 24.06168,90.38812 24.06155,90.3881 24.06145,90.38808 24.06132,90.38806 24.06119,90.38804 24.06097,90.38804 24.0606,90.38805 24.06035,90.38805 24.06007,90.38807 24.05887,90.38808 24.05857,90.3881 24.05767,90.38812 24.05695,90.38814 24.05623,90.38815 24.05605,90.38818 24.05515,90.3882 24.0548,90.38823 24.05408,90.38826 24.05372,90.38829 24.05318,90.38836 24.05237,90.38838 24.05213,90.38839 24.05202,90.3884 24.05188,90.38846 24.05153,90.3886 24.05068,90.38861 24.0506,90.38868 24.05018,90.38881 24.04929,90.38886 24.04894,90.38891 24.04863,90.38903 24.04793,90.38921 24.04704,90.38938 24.04634,90.3894 24.04623,90.38942 24.04612,90.38945 24.04587,90.38946 24.04562,90.38945 24.04534,90.38944 24.04506,90.38943 24.04492,90.3894 24.04476,90.38936 24.0445,90.38924 24.04371,90.38919 24.04334,90.38914 24.04298,90.38893 24.04155,90.3889 24.04138,90.38875 24.04041,90.38867 24.03991,90.38863 24.0397,90.38852 24.03882,90.38852 24.03881,90.38845 24.03827,90.38839 24.03777,90.38831 24.03723,90.38822 24.03652,90.38807 24.03546,90.38804 24.0352,90.38798 24.0348,90.38796 24.0347,90.38793 24.03447,90.38788 24.03408,90.38784 24.03381,90.38782 24.03365,90.38773 24.03304,90.3877 24.03283,90.38766 24.03263,90.38761 24.03244,90.38756 24.03226,90.3875 24.03209,90.38747 24.03197,90.38706 24.0309,90.38705 24.03088,90.38672 24.03004,90.38654 24.02961,90.38635 24.02915,90.3863 24.02903,90.38625 24.02891,90.38622 24.02885,90.38616 24.02868,90.38611 24.02856,90.38597 24.02822,90.38595 24.02818,90.38574 24.02767,90.38574 24.02766,90.3857 24.02755,90.38566 24.02745,90.38559 24.02722,90.38558 24.02718,90.38556 24.02709,90.38554 24.027,90.38551 24.02685,90.38547 24.02652,90.38536 24.02567,90.38544 24.02565,90.38576 24.02553,90.38609 24.02542,90.38615 24.0254,90.38653 24.02529,90.38695 24.02524,90.38738 24.02521,90.38743 24.0252,90.38769 24.02515,90.38794 24.02507,90.38822 24.02492,90.38832 24.02484,90.3884 24.02476,90.38857 24.0246,90.38883 24.02428,90.38892 24.02419,90.38911 24.02398,90.38922 24.02389,90.38924 24.02387,90.38933 24.02381,90.38942 24.02374,90.38953 24.02367,90.38964 24.02358,90.38965 24.02358,90.38981 24.02332,90.38989 24.0232,90.38993 24.02315,90.39005 24.02296,90.39021 24.0228,90.39035 24.02268,90.39043 24.02263,90.39064 24.02248,90.39069 24.02244,90.39088 24.02232,90.39123 24.0221,90.39126 24.02208,90.39132 24.02204,90.39136 24.02202,90.3915 24.02195,90.39189 24.02177,90.39219 24.02159,90.39239 24.02148,90.39267 24.02133,90.39305 24.02112,90.39346 24.02089,90.39387 24.02063,90.39392 24.0206,90.39405 24.02052,90.39412 24.02048,90.39423 24.02041,90.39444 24.02028,90.39478 24.02008,90.39567 24.01957,90.39574 24.01953,90.39586 24.01946,90.39605 24.01931,90.39628 24.01913,90.3965 24.01897,90.39669 24.01884,90.39717 24.01844,90.39732 24.01833,90.39751 24.01818,90.39767 24.01803,90.39792 24.01782,90.39802 24.01773,90.39812 24.01764,90.39817 24.01759,90.39844 24.01732,90.39852 24.01724,90.39884 24.01692,90.39888 24.01688,90.39905 24.01669,90.3993 24.01646,90.39935 24.01639,90.39964 24.01598,90.39972 24.01581,90.39974 24.0158,90.39986 24.01567,90.3999 24.01563,90.40002 24.01553,90.40006 24.01549,90.4001 24.01545,90.40011 24.01545,90.40016 24.01539,90.40017 24.01538,90.40018 24.01536,90.40024 24.01526,90.40035 24.01515,90.40065 24.01491,90.40081 24.01477,90.40093 24.01464,90.40101 24.01454,90.40105 24.01446,90.40106 24.01443,90.40108 24.01439,90.40113 24.01431,90.40124 24.01422,90.40135 24.01414,90.40151 24.01406,90.40168 24.01399,90.40178 24.01394,90.40181 24.01392,90.40187 24.01389,90.40193 24.01385,90.40194 24.01384,90.40203 24.01375,90.40216 24.01356,90.40229 24.01337,90.4024 24.01326,90.40253 24.01319,90.40272 24.01308,90.40279 24.01302,90.40286 24.01297,90.40291 24.01292,90.40319 24.01269,90.40349 24.01241,90.40372 24.01222,90.40386 24.01211,90.40389 24.01209,90.40422 24.01183,90.40423 24.01179,90.40424 24.01169,90.40424 24.01159,90.40424 24.01145,90.40422 24.01111,90.40423 24.01076,90.40424 24.01072,90.40429 24.01059,90.40433 24.01053,90.40436 24.01049,90.40445 24.01042,90.40458 24.01036,90.40471 24.01034,90.40489 24.01032,90.40502 24.01031,90.4051 24.01029,90.40518 24.01026,90.40527 24.01022,90.40533 24.01018,90.40542 24.01014,90.40552 24.01005,90.4058 24.00973,90.40625 24.0093,90.40637 24.00921,90.40669 24.00897,90.40656 24.00857,90.40658 24.00855,90.40671 24.00829,90.4069 24.00758,90.40694 24.00759,90.40701 24.00759,90.40712 24.0076,90.40717 24.00759,90.40722 24.00758)"
1NJZQeazJ7uOX6ReyYMrAdFuzbz4vVeCE,1NJZQeazJ7uOX6ReyYMrAdFuzbz4vVeCE-L57,2026.EIS.000155.kmz,"Directions from MG Shirtex Limited, Joydebpur - Tangail Highway, Gazipur to X9QW+8GV, Sardi Rd, Gazipur, Bangladesh","Directions from MG Shirtex Limited, Joydebpur - Tangail Highway, Gazipur to X9QW+8GV, Sardi Rd, Gazipur, Bangladesh",65,90.4112,23.99505,90.39655,23.98839,"LINESTRING(90.4112 23.99505,90.41118 23.99499,90.41119 23.99488,90.41124 23.99478,90.41117 23.99476,90.41078 23.99465,90.41054 23.99458,90.41049 23.99456,90.41043 23.99454,90.40982 23.99437,90.40951 23.99428,90.40937 23.99424,90.40916 23.99418,90.4088 23.99408,90.4085 23.99398,90.4084 23.99396,90.40807 23.99387,90.408 23.99384,90.4074 23.99367,90.40734 23.99366,90.40729 23.99364,90.40697 23.99355,90.40679 23.9935,90.40627 23.99335,90.40622 23.99334,90.40614 23.99332,90.40591 23.99325,90.40577 23.99321,90.40547 23.99313,90.40545 23.99312,90.40506 23.99305,90.40497 23.99304,90.40475 23.99301,90.4046 23.99293,90.40411 23.99284,90.40403 23.99283,90.40381 23.99281,90.40292 23.99268,90.40232 23.99259,90.40151 23.99244,90.40134 23.99243,90.40126 23.99241,90.40075 23.99232,90.40072 23.99231,90.40069 23.9923,90.40065 23.99229,90.4 23.9922,90.39991 23.99219,90.3997 23.99215,90.39926 23.99209,90.39853 23.99197,90.39819 23.99192,90.39726 23.9918,90.39621 23.99168,90.3961 23.99167,90.39615 23.99132,90.39618 23.99115,90.39628 23.99046,90.39629 23.99043,90.39635 23.99003,90.39641 23.98959,90.39649 23.9891,90.39653 23.98878,90.39658 23.98839,90.39655 23.98839)"
1NeYU_cswkFgAxF-iHAZIeOTuzAeW-P_l,1NeYU_cswkFgAxF-iHAZIeOTuzAeW-P_l-L58,2025.EIS.000104.kmz,"Directions from Nambihin Rasta, Bangladesh to Golden Son Limited, Ichanagar","Directions from Nambihin Rasta, Bangladesh to Golden Son Limited, Ichanagar",562,91.93739,22.02526,91.84123,22.31352,"LINESTRING(91.93739 22.02526,91.93743 22.02524,91.93745 22.02524,91.93751 22.0252,91.93755 22.02516,91.93757 22.02509,91.93755 22.02503,91.93753 22.025,91.9375 22.02497,91.93748 22.02493,91.93747 22.02489,91.93751 22.02464,91.93753 22.02441,91.9378 22.02445,91.93836 22.02458,91.93846 22.02461,91.93899 22.0247,91.93992 22.02476,91.94048 22.02482,91.94087 22.02482,91.94097 22.02486,91.94111 22.02496,91.94124 22.02502,91.94149 22.02506,91.94171 22.02508,91.94192 22.02507,91.94246 22.02507,91.94368 22.02513,91.94376 22.02512,91.94403 22.02503,91.94422 22.02502,91.94457 22.02504,91.94518 22.02512,91.94541 22.02517,91.94609 22.02535,91.9463 22.02542,91.94631 22.02542,91.94581 22.02712,91.94581 22.02714,91.94563 22.02781,91.9448 22.03052,91.94479 22.03057,91.9445 22.03157,91.94448 22.03162,91.94435 22.03209,91.94424 22.03243,91.9442 22.0326,91.94399 22.03329,91.94398 22.03331,91.94397 22.03337,91.94366 22.03437,91.94366 22.03438,91.94347 22.03497,91.9434 22.03524,91.94311 22.03617,91.94311 22.03619,91.94304 22.03644,91.94302 22.03649,91.94294 22.03678,91.94291 22.03686,91.94256 22.03801,91.94248 22.03833,91.9423 22.03893,91.94187 22.04053,91.94182 22.04079,91.94178 22.04129,91.94174 22.04268,91.94175 22.04385,91.94173 22.04432,91.94176 22.04614,91.94178 22.04642,91.94177 22.0467,91.94168 22.04727,91.94164 22.04791,91.94164 22.0485,91.94167 22.04945,91.94169 22.04964,91.9417 22.04986,91.94168 22.05011,91.94146 22.05133,91.94096 22.05352,91.94067 22.0546,91.94052 22.05527,91.94051 22.05529,91.94009 22.05702,91.93984 22.0582,91.93981 22.05849,91.93981 22.0588,91.93986 22.06022,91.93993 22.06115,91.93993 22.06133,91.93989 22.06168,91.93978 22.06212,91.93963 22.06243,91.93954 22.06256,91.93952 22.0626,91.9391 22.06306,91.93826 22.06409,91.93811 22.0643,91.93808 22.06438,91.93806 22.06446,91.93798 22.06497,91.93745 22.06726,91.93733 22.06787,91.93695 22.06947,91.93693 22.0696,91.93661 22.07097,91.9366 22.07097,91.9364 22.07192,91.93627 22.07243,91.93608 22.07335,91.93607 22.07338,91.93604 22.07353,91.93599 22.07392,91.93586 22.07562,91.9358 22.07702,91.9358 22.07733,91.93563 22.07888,91.93546 22.07986,91.93544 22.08002,91.93547 22.08033,91.93555 22.08072,91.93556 22.08082,91.93554 22.08114,91.93537 22.08227,91.93511 22.08355,91.93505 22.08377,91.93505 22.08379,91.93496 22.08409,91.93488 22.08429,91.93487 22.08429,91.93447 22.0851,91.93424 22.08568,91.93379 22.08673,91.9336 22.08728,91.93297 22.0895,91.9328 22.08998,91.93279 22.08999,91.9323 22.09157,91.93217 22.09193,91.93161 22.09375,91.93153 22.09405,91.93149 22.09424,91.93106 22.09693,91.93104 22.09698,91.93074 22.09815,91.93026 22.09983,91.93023 22.0999,91.92995 22.10089,91.92968 22.10166,91.92967 22.10168,91.9294 22.10263,91.92935 22.10275,91.92883 22.10445,91.92862 22.10526,91.92862 22.10528,91.9286 22.10533,91.92847 22.10579,91.92802 22.10718,91.92791 22.10763,91.92782 22.10807,91.92758 22.10882,91.92747 22.10906,91.92725 22.10944,91.92695 22.10991,91.92676 22.11018,91.92527 22.11293,91.92513 22.11325,91.92465 22.11425,91.92416 22.11518,91.92372 22.11614,91.92338 22.11682,91.92294 22.11763,91.92269 22.11821,91.92146 22.12072,91.92137 22.12084,91.92125 22.12098,91.92118 22.12104,91.92113 22.12105,91.9211 22.12106,91.92103 22.12106,91.921 22.12105,91.92033 22.12095,91.92008 22.12096,91.92004 22.12097,91.92 22.12099,91.91999 22.121,91.91997 22.12101,91.91991 22.12109,91.91967 22.12155,91.91906 22.12262,91.91887 22.12298,91.91845 22.12407,91.91821 22.12463,91.91821 22.12464,91.91796 22.12511,91.91787 22.12522,91.91771 22.12535,91.91741 22.12564,91.9173 22.12582,91.91715 22.1263,91.91662 22.12826,91.91662 22.12836,91.91665 22.12848,91.91669 22.12858,91.91672 22.12869,91.9167 22.12898,91.91668 22.12914,91.91645 22.1299,91.91627 22.13074,91.91612 22.13174,91.9161 22.13183,91.91603 22.13195,91.91575 22.1323,91.91563 22.13256,91.91547 22.13405,91.91542 22.13424,91.91535 22.13437,91.91532 22.13445,91.91524 22.13453,91.91517 22.1347,91.91514 22.13485,91.91516 22.13563,91.91515 22.13568,91.91515 22.13576,91.91514 22.13582,91.91511 22.13588,91.9151 22.13592,91.91489 22.1363,91.91483 22.13643,91.91473 22.1367,91.9147 22.13683,91.9147 22.13701,91.91467 22.13729,91.9145 22.13794,91.91431 22.13852,91.91431 22.13857,91.91426 22.13893,91.91393 22.14269,91.9137 22.14479,91.9137 22.14496,91.91372 22.14516,91.91382 22.14556,91.91384 22.14577,91.91385 22.14631,91.91384 22.14675,91.91381 22.14717,91.91386 22.14731,91.9141 22.1478,91.9141 22.14781,91.91416 22.14799,91.91421 22.14824,91.91424 22.14914,91.91422 22.14951,91.91416 22.14972,91.91411 22.14986,91.91407 22.15022,91.91408 22.15037,91.91412 22.15052,91.91418 22.15068,91.91442 22.1511,91.91446 22.15121,91.91447 22.15127,91.9145 22.15134,91.91452 22.15146,91.91452 22.15148,91.91456 22.15174,91.91456 22.1518,91.91455 22.15186,91.91462 22.15208,91.91466 22.15229,91.91468 22.15247,91.91469 22.153,91.91471 22.15324,91.91471 22.15336,91.91468 22.15345,91.9146 22.15361,91.91451 22.15372,91.91448 22.15383,91.91445 22.15399,91.91442 22.15489,91.91443 22.15612,91.91446 22.15675,91.9145 22.157,91.91486 22.15789,91.91495 22.15819,91.9151 22.15849,91.91514 22.15854,91.91537 22.15911,91.9154 22.15917,91.91539 22.15918,91.91531 22.15933,91.91529 22.15946,91.91533 22.16027,91.91527 22.1604,91.91521 22.16045,91.91501 22.16051,91.91492 22.16057,91.9149 22.1606,91.91486 22.16069,91.91485 22.16097,91.91482 22.16106,91.91474 22.16113,91.91456 22.16123,91.91448 22.16131,91.91445 22.16145,91.91445 22.16165,91.91447 22.16169,91.91451 22.16185,91.91462 22.16205,91.91467 22.16219,91.91469 22.16237,91.91464 22.1625,91.91431 22.16316,91.91422 22.1636,91.91411 22.16541,91.91408 22.16631,91.91409 22.16685,91.91451 22.17089,91.91446 22.17119,91.91428 22.17155,91.91409 22.17174,91.91404 22.17178,91.91278 22.17242,91.91251 22.17254,91.9102 22.17368,91.91012 22.17373,91.90961 22.174,91.90941 22.17412,91.90818 22.17477,91.90812 22.17483,91.9081 22.17484,91.908 22.17494,91.90793 22.17504,91.90783 22.17529,91.90768 22.17627,91.90762 22.17657,91.90754 22.17683,91.90741 22.17704,91.9072 22.17721,91.90557 22.17786,91.90555 22.17786,91.90408 22.17847,91.90387 22.17861,91.90376 22.17871,91.90368 22.1788,91.90347 22.17916,91.90201 22.18149,91.90183 22.1818,91.89961 22.18467,91.89901 22.18533,91.89782 22.18694,91.89645 22.18871,91.8943 22.1914,91.89422 22.19149,91.89421 22.19151,91.89397 22.19182,91.89379 22.19217,91.8937 22.1924,91.89361 22.19278,91.89361 22.19284,91.89319 22.19783,91.89319 22.19789,91.89306 22.19956,91.89298 22.20034,91.89291 22.20063,91.89178 22.20382,91.89143 22.20466,91.89127 22.20492,91.89105 22.20522,91.89095 22.20538,91.89018 22.20647,91.88991 22.20688,91.888 22.20938,91.88776 22.20974,91.88767 22.20986,91.88766 22.2099,91.8873 22.21058,91.88712 22.21089,91.88548 22.21322,91.88495 22.21401,91.88185 22.21836,91.87897 22.22257,91.8788 22.22276,91.87813 22.22374,91.87812 22.22376,91.87733 22.2249,91.87643 22.22613,91.87631 22.22628,91.87412 22.22936,91.87399 22.22952,91.87389 22.22961,91.87382 22.22961,91.87381 22.22962,91.8738 22.22962,91.87378 22.22963,91.87377 22.22963,91.87375 22.22965,91.87373 22.22966,91.87371 22.22968,91.87371 22.22969,91.8737 22.2297,91.87369 22.22972,91.87369 22.22973,91.87368 22.22974,91.87368 22.22982,91.87369 22.22984,91.8736 22.23004,91.87307 22.23093,91.87289 22.23126,91.87284 22.23144,91.87252 22.23191,91.87247 22.23202,91.87239 22.23225,91.87212 22.23446,91.87212 22.23455,91.87211 22.23459,91.87209 22.23501,91.87208 22.23502,91.87208 22.23508,91.87196 22.23605,91.87189 22.23638,91.87183 22.2368,91.87181 22.23701,91.87156 22.23875,91.87156 22.23878,91.8715 22.23925,91.87147 22.23937,91.87108 22.24285,91.87083 22.24466,91.87059 22.24668,91.87052 22.24782,91.87047 22.25094,91.8704 22.25192,91.87029 22.25275,91.86959 22.25595,91.86954 22.25614,91.86933 22.25716,91.86893 22.25874,91.86872 22.25946,91.86871 22.25953,91.86867 22.25962,91.86856 22.26,91.86836 22.26085,91.86824 22.26148,91.8681 22.262,91.86801 22.26247,91.868 22.26256,91.86739 22.26526,91.86731 22.26555,91.86707 22.26664,91.86682 22.26763,91.86678 22.26784,91.86675 22.26794,91.86604 22.27097,91.86604 22.27099,91.86558 22.27289,91.8655 22.27314,91.8655 22.27315,91.86543 22.27339,91.86508 22.27498,91.86506 22.27504,91.86468 22.2767,91.86446 22.27816,91.86441 22.27869,91.86438 22.27972,91.86438 22.28038,91.8644 22.28075,91.86445 22.28117,91.86457 22.28195,91.86469 22.28246,91.86489 22.2831,91.8655 22.28468,91.86575 22.28523,91.86592 22.28567,91.86604 22.28593,91.86634 22.28651,91.86686 22.2873,91.8672 22.28777,91.8678 22.28853,91.86956 22.29055,91.8697 22.29073,91.86975 22.29082,91.8699 22.29103,91.8699 22.29104,91.86989 22.29106,91.86988 22.29107,91.86988 22.2911,91.86987 22.2911,91.86987 22.29116,91.86988 22.29117,91.86988 22.29118,91.86982 22.29126,91.86979 22.29133,91.86978 22.29134,91.86972 22.29148,91.86955 22.29174,91.86923 22.29212,91.86849 22.29288,91.86814 22.2933,91.86774 22.2939,91.86743 22.29443,91.86715 22.295,91.86697 22.29543,91.86664 22.29639,91.86656 22.29667,91.86644 22.297,91.86636 22.29729,91.8663 22.29747,91.86617 22.29796,91.86608 22.29825,91.86589 22.29896,91.86574 22.29941,91.86554 22.29989,91.86527 22.30035,91.86485 22.30094,91.8648 22.30099,91.86424 22.30172,91.85856 22.30864,91.85716 22.31041,91.85689 22.31063,91.85679 22.31063,91.85674 22.31065,91.8567 22.31068,91.85667 22.31072,91.85665 22.31074,91.85663 22.31078,91.85663 22.31089,91.85646 22.3108,91.85437 22.31129,91.8542 22.31132,91.85365 22.31147,91.85353 22.31151,91.8534 22.31157,91.85315 22.31171,91.85192 22.31233,91.85128 22.31263,91.85082 22.31281,91.85058 22.31288,91.8503 22.31294,91.84957 22.31304,91.84924 22.31307,91.84894 22.31305,91.84871 22.31302,91.84809 22.31286,91.84798 22.31282,91.84776 22.31276,91.84746 22.31265,91.84724 22.31259,91.84696 22.31253,91.84425 22.31252,91.84421 22.31253,91.84413 22.31254,91.84393 22.3126,91.84374 22.31269,91.84265 22.31328,91.84224 22.31346,91.84171 22.31376,91.84143 22.3139,91.84126 22.31361,91.84125 22.31357,91.84123 22.31352)"
1NyTt2a6t1TwuKEZoHjkBGD047hA1YVMw,1NyTt2a6t1TwuKEZoHjkBGD047hA1YVMw-L59,2025.EIS.000110.kmz,Directions from Olio Apparels Limited to Dhaka 1230,Directions from Olio Apparels Limited to Dhaka 1230,39,90.4173,23.8684,90.42177,23.86977,"LINESTRING(90.4173 23.8684,90.41752 23.86844,90.41763 23.86847,90.41766 23.86847,90.41789 23.8685,90.41807 23.86852,90.41829 23.86856,90.41851 23.8686,90.41865 23.86863,90.41906 23.86873,90.41917 23.86876,90.41931 23.86879,90.41957 23.86885,90.41963 23.86887,90.41976 23.86891,90.41981 23.86894,90.41986 23.86897,90.4199 23.86901,90.41992 23.86903,90.41995 23.86906,90.42004 23.86919,90.42006 23.86923,90.42008 23.86925,90.42013 23.86933,90.42018 23.86938,90.42022 23.86942,90.42029 23.86946,90.42035 23.86949,90.42039 23.86949,90.42044 23.86952,90.42048 23.86953,90.42059 23.86958,90.42071 23.86963,90.42082 23.86969,90.42092 23.86973,90.4214 23.86998,90.42173 23.8701,90.42176 23.86979,90.42177 23.86977)"
1OJtL0HRkMjGeeFwF5I_Oq65rTa31ZsOK,1OJtL0HRkMjGeeFwF5I_Oq65rTa31ZsOK-L60,2025.EIS.000090.kmz,"Directions from SQ Celsius Ltd. Unit-2,Jamirdia,Valuka,Mymensingh, Dhaka to 79MV+VGR, Dhaka - Mymensingh Rd, Bangladesh","Directions from SQ Celsius Ltd. Unit-2,Jamirdia,Valuka,Mymensingh, Dhaka to 79MV+VGR, Dhaka - Mymensingh Rd, Bangladesh",200,90.39376,24.28524,90.39376,24.28458,"LINESTRING(90.39376 24.28524,90.39375 24.28493,90.39377 24.28438,90.3939 24.2844,90.39423 24.28445,90.39469 24.28455,90.39472 24.28456,90.3947 24.28515,90.39471 24.28541,90.39473 24.28554,90.39476 24.28576,90.39482 24.28608,90.39484 24.28608,90.39512 24.28608,90.39557 24.28607,90.39586 24.28609,90.39592 24.28612,90.39594 24.28654,90.39592 24.28702,90.39592 24.2873,90.39592 24.28755,90.39593 24.28788,90.39591 24.28815,90.39594 24.28833,90.39599 24.2887,90.39606 24.28922,90.39609 24.28945,90.3961 24.28955,90.39612 24.28984,90.39613 24.29004,90.39618 24.29037,90.39619 24.29044,90.39626 24.29086,90.39627 24.29094,90.39636 24.29164,90.39637 24.29209,90.39635 24.29218,90.39628 24.29247,90.39619 24.29281,90.396 24.2934,90.39598 24.29349,90.39594 24.29357,90.39578 24.29402,90.39546 24.29429,90.39544 24.29431,90.39507 24.29449,90.39525 24.29464,90.3953 24.29478,90.39532 24.29487,90.39534 24.29515,90.39541 24.29533,90.39541 24.29597,90.39539 24.296,90.3953 24.2962,90.39512 24.29658,90.3951 24.2968,90.39497 24.29683,90.39438 24.29697,90.39376 24.2971,90.39349 24.29716,90.39346 24.29716,90.39328 24.2972,90.39299 24.29726,90.39267 24.29732,90.39269 24.29754,90.39267 24.29786,90.39267 24.29791,90.39263 24.29827,90.39261 24.29863,90.3926 24.29876,90.39258 24.29904,90.39254 24.29934,90.39249 24.29954,90.39244 24.2997,90.39242 24.29977,90.39236 24.29997,90.3923 24.30021,90.39231 24.30036,90.39226 24.30068,90.39216 24.30097,90.39211 24.30121,90.39208 24.30137,90.39206 24.30143,90.39201 24.3016,90.392 24.30163,90.39145 24.30153,90.39127 24.30148,90.39091 24.30143,90.39087 24.30053,90.39085 24.30021,90.39085 24.3002,90.39085 24.30019,90.39085 24.30018,90.39084 24.30017,90.39083 24.30016,90.39083 24.30015,90.39082 24.30014,90.39081 24.30014,90.39078 24.30014,90.39046 24.30014,90.39027 24.30014,90.39046 24.30014,90.39078 24.30014,90.39081 24.30014,90.39082 24.30014,90.39083 24.30015,90.39083 24.30016,90.39084 24.30017,90.39085 24.30018,90.39085 24.30019,90.39085 24.3002,90.39085 24.30021,90.39087 24.30053,90.39091 24.30143,90.39127 24.30148,90.39145 24.30153,90.392 24.30163,90.39201 24.3016,90.39206 24.30143,90.39208 24.30137,90.39211 24.30121,90.39216 24.30097,90.39226 24.30068,90.39231 24.30036,90.3923 24.30021,90.39236 24.29997,90.39242 24.29977,90.39244 24.2997,90.39249 24.29954,90.39254 24.29934,90.39258 24.29904,90.3926 24.29876,90.39261 24.29863,90.39263 24.29827,90.39267 24.29791,90.39267 24.29786,90.39269 24.29754,90.39267 24.29732,90.39299 24.29726,90.39328 24.2972,90.39346 24.29716,90.39349 24.29716,90.39376 24.2971,90.39438 24.29697,90.39497 24.29683,90.3951 24.2968,90.39512 24.29658,90.3953 24.2962,90.39539 24.296,90.39541 24.29597,90.39541 24.29533,90.39534 24.29515,90.39532 24.29487,90.3953 24.29478,90.39525 24.29464,90.39507 24.29449,90.39544 24.29431,90.39546 24.29429,90.39578 24.29402,90.39594 24.29357,90.39598 24.29349,90.396 24.2934,90.39619 24.29281,90.39628 24.29247,90.39635 24.29218,90.39637 24.29209,90.39636 24.29164,90.39627 24.29094,90.39626 24.29086,90.39619 24.29044,90.39618 24.29037,90.39613 24.29004,90.39612 24.28984,90.3961 24.28955,90.39609 24.28945,90.39606 24.28922,90.39599 24.2887,90.39594 24.28833,90.39591 24.28815,90.39593 24.28788,90.39592 24.28755,90.39592 24.2873,90.39592 24.28702,90.39594 24.28654,90.39592 24.28612,90.39586 24.28609,90.39557 24.28607,90.39512 24.28608,90.39484 24.28608,90.39482 24.28608,90.39476 24.28576,90.39473 24.28554,90.39471 24.28541,90.3947 24.28515,90.39472 24.28456,90.39469 24.28455,90.39423 24.28445,90.3939 24.2844,90.39377 24.28438,90.39376 24.28458)"
1Q8Ax_GD9RJCIodWQLcJvUFIcoyQ98fvb,1Q8Ax_GD9RJCIodWQLcJvUFIcoyQ98fvb-L61,2025.EIS.000091.kmz,"Directions from Reliance Denim Industries., Sagorika Road By Lane, Chattogram to 8QWF+FXW, College Rd, Chittagong, Bangladesh","Directions from Reliance Denim Industries., Sagorika Road By Lane, Chattogram to 8QWF+FXW, College Rd, Chittagong, Bangladesh",116,91.77132,22.35667,91.77502,22.34637,"LINESTRING(91.77132 22.35667,91.77176 22.35674,91.77234 22.35682,91.77253 22.35684,91.77311 22.35693,91.77321 22.35633,91.77326 22.35605,91.77332 22.35571,91.77333 22.35565,91.77336 22.35553,91.77408 22.35563,91.77408 22.35559,91.77408 22.35557,91.77408 22.35546,91.77407 22.35482,91.77407 22.35481,91.77407 22.35477,91.77407 22.35476,91.77406 22.35475,91.77406 22.35473,91.77406 22.35472,91.77405 22.35471,91.77404 22.3547,91.77402 22.3547,91.77401 22.35469,91.77399 22.35469,91.77362 22.35461,91.7731 22.35448,91.77307 22.35447,91.77304 22.35446,91.77304 22.35445,91.77303 22.35445,91.77303 22.35444,91.77302 22.35442,91.77302 22.3544,91.77302 22.35435,91.77302 22.35432,91.77301 22.35431,91.77301 22.3543,91.773 22.35429,91.77299 22.35428,91.77296 22.35427,91.77289 22.35424,91.77287 22.35423,91.77286 22.35422,91.77285 22.35421,91.77285 22.3542,91.77284 22.35418,91.77285 22.35416,91.77286 22.3541,91.7729 22.35381,91.7729 22.35379,91.77294 22.35353,91.77295 22.35345,91.77301 22.35319,91.77304 22.35312,91.77306 22.35306,91.77307 22.35302,91.77307 22.353,91.77308 22.35299,91.77308 22.35296,91.77307 22.35293,91.77307 22.3529,91.77308 22.35287,91.77309 22.35284,91.7731 22.35279,91.77318 22.3526,91.77322 22.35247,91.77323 22.35243,91.77324 22.35238,91.77331 22.35204,91.7734 22.35156,91.77323 22.35151,91.77333 22.35112,91.7734 22.35064,91.77342 22.35055,91.77344 22.35048,91.77346 22.3504,91.77349 22.35029,91.77353 22.35019,91.77355 22.3501,91.77368 22.34951,91.77369 22.34949,91.7737 22.34948,91.77372 22.34947,91.77373 22.34945,91.77373 22.34943,91.77384 22.34909,91.77387 22.34898,91.7739 22.34884,91.77393 22.34869,91.77398 22.34869,91.77412 22.3487,91.7742 22.3487,91.77428 22.3487,91.77432 22.3487,91.77436 22.34869,91.77439 22.34868,91.77442 22.34867,91.77446 22.34865,91.77449 22.34863,91.77451 22.34861,91.77453 22.34858,91.77456 22.34855,91.77458 22.34852,91.77459 22.34848,91.77459 22.34847,91.77462 22.34828,91.77465 22.34812,91.77476 22.34777,91.77479 22.34762,91.77484 22.34736,91.7749 22.34698,91.77492 22.3469,91.77497 22.34663,91.77502 22.34637)"
1QAJx8wmtkYPNyoRH52UZC7UdRQZuIlgo,1QAJx8wmtkYPNyoRH52UZC7UdRQZuIlgo-L62,2025.EIS.000065.kmz,"Directions from Fakir Fashion Limited, Dhaka to Dumni, Dhaka","Directions from Fakir Fashion Limited, Dhaka to Dumni, Dhaka",832,90.5874,23.78398,90.47151,23.83114,"LINESTRING(90.5874 23.78398,90.58729 23.78397,90.58709 23.78394,90.58701 23.78394,90.58694 23.78394,90.58684 23.78395,90.58684 23.78391,90.58685 23.78381,90.58657 23.7838,90.58628 23.7838,90.58604 23.78381,90.58563 23.78382,90.5852 23.78382,90.58482 23.78379,90.58467 23.78378,90.5846 23.78377,90.58431 23.78375,90.58396 23.78376,90.58391 23.78377,90.58348 23.78379,90.58318 23.7838,90.58309 23.7838,90.58306 23.7838,90.58283 23.78384,90.58248 23.78388,90.58235 23.78389,90.58206 23.78391,90.58195 23.78391,90.58176 23.78392,90.58172 23.78392,90.58116 23.78394,90.58099 23.78396,90.58006 23.78404,90.57908 23.78412,90.57889 23.78414,90.57862 23.78415,90.57816 23.78419,90.57801 23.7842,90.57746 23.78425,90.57689 23.78429,90.57685 23.7843,90.57606 23.78435,90.57599 23.78435,90.57533 23.78439,90.57455 23.78442,90.57429 23.78443,90.5737 23.78444,90.57351 23.78444,90.57327 23.78446,90.57304 23.78447,90.57294 23.7845,90.57282 23.78453,90.57275 23.78457,90.57253 23.78465,90.57222 23.78477,90.57208 23.78483,90.57169 23.78504,90.57153 23.78512,90.57136 23.7852,90.57133 23.78522,90.57094 23.7854,90.57066 23.78553,90.57055 23.78549,90.57046 23.78546,90.5704 23.78544,90.57032 23.78541,90.57017 23.78537,90.57002 23.78534,90.57001 23.78533,90.5699 23.78531,90.56972 23.78528,90.56958 23.78525,90.56943 23.78523,90.56939 23.78523,90.569 23.78521,90.56899 23.7852,90.56898 23.78519,90.56897 23.78518,90.56896 23.78518,90.56895 23.78517,90.56893 23.78516,90.56891 23.78515,90.56888 23.78514,90.56884 23.78513,90.56882 23.78513,90.5688 23.78513,90.56878 23.78513,90.56877 23.78513,90.56876 23.78514,90.56874 23.78514,90.56872 23.78515,90.5687 23.78516,90.56869 23.78517,90.56867 23.78518,90.56865 23.78519,90.56864 23.78521,90.56863 23.78522,90.56862 23.78524,90.56861 23.78526,90.5686 23.78528,90.5686 23.78529,90.56859 23.78531,90.56859 23.78533,90.56859 23.78535,90.5686 23.78537,90.5686 23.78539,90.56861 23.78541,90.56861 23.78542,90.56862 23.78544,90.56864 23.78546,90.56865 23.78547,90.56865 23.78548,90.56854 23.78578,90.56848 23.78596,90.56836 23.7863,90.56834 23.78637,90.56813 23.78698,90.56807 23.78735,90.56806 23.78751,90.56806 23.78758,90.56807 23.78769,90.56807 23.78774,90.56807 23.7878,90.56808 23.78787,90.5681 23.78803,90.56814 23.78824,90.56817 23.78833,90.56827 23.78852,90.56843 23.78868,90.56848 23.78878,90.56857 23.78888,90.56868 23.78911,90.56877 23.78927,90.56894 23.7896,90.56915 23.78999,90.56938 23.79045,90.56944 23.79057,90.56947 23.79064,90.56953 23.79078,90.5696 23.79098,90.56963 23.79111,90.56964 23.79119,90.56965 23.79122,90.56966 23.7914,90.56966 23.79144,90.56966 23.79161,90.56965 23.79189,90.56963 23.79213,90.56961 23.79246,90.56961 23.79253,90.5696 23.79269,90.56959 23.79286,90.56959 23.79304,90.56958 23.79315,90.56957 23.79329,90.56956 23.79339,90.56954 23.79392,90.56953 23.79428,90.56953 23.79437,90.56952 23.79447,90.56949 23.79466,90.56947 23.79483,90.56945 23.79499,90.56942 23.79521,90.56939 23.79539,90.56937 23.79554,90.56934 23.79569,90.56933 23.79573,90.5692 23.79625,90.5692 23.79626,90.569 23.79688,90.56887 23.7973,90.56886 23.79736,90.56884 23.79743,90.56882 23.79756,90.5688 23.79766,90.56878 23.79787,90.56877 23.79802,90.56876 23.79827,90.56878 23.79886,90.56879 23.79906,90.56886 23.80013,90.56887 23.80036,90.56889 23.80051,90.56891 23.80062,90.56892 23.80071,90.56895 23.8008,90.56897 23.80088,90.56901 23.80094,90.56911 23.80111,90.56917 23.80119,90.5695 23.80157,90.56977 23.80188,90.56995 23.80212,90.56998 23.80216,90.5701 23.80238,90.57017 23.80257,90.57022 23.80272,90.57029 23.80295,90.57029 23.80297,90.57037 23.80329,90.5704 23.80346,90.57039 23.80364,90.57039 23.80366,90.57038 23.80372,90.57035 23.80389,90.57034 23.80397,90.57029 23.80414,90.57021 23.80435,90.57009 23.80467,90.56999 23.80493,90.5699 23.80518,90.56985 23.80533,90.56982 23.80548,90.56979 23.80564,90.56979 23.80571,90.56979 23.80582,90.56979 23.80593,90.5698 23.80603,90.56981 23.80614,90.56986 23.80639,90.56988 23.80653,90.56997 23.80689,90.57002 23.80725,90.57001 23.8074,90.57 23.80753,90.56996 23.8077,90.56989 23.80789,90.56982 23.80803,90.56975 23.80817,90.56954 23.80857,90.56951 23.80863,90.56944 23.80876,90.56939 23.80886,90.56935 23.80899,90.5693 23.80916,90.56928 23.80925,90.56926 23.80934,90.56922 23.80953,90.56919 23.80974,90.56918 23.80991,90.56918 23.80995,90.56917 23.81019,90.56916 23.81039,90.56914 23.81048,90.5691 23.81065,90.56905 23.81085,90.56885 23.81151,90.56877 23.81175,90.5687 23.81191,90.56869 23.81197,90.56848 23.81237,90.56833 23.81265,90.5683 23.81272,90.56826 23.81277,90.56818 23.81287,90.5681 23.81295,90.56787 23.81315,90.56783 23.81318,90.56773 23.81327,90.56755 23.81346,90.56741 23.81362,90.56731 23.81375,90.56722 23.81388,90.56704 23.8141,90.56691 23.81426,90.56677 23.81439,90.56664 23.81453,90.56662 23.81456,90.56656 23.81464,90.56651 23.81474,90.5664 23.81508,90.56631 23.8154,90.56616 23.81571,90.5661 23.81586,90.56605 23.81601,90.56602 23.81616,90.56596 23.81649,90.56592 23.81668,90.56588 23.81698,90.56585 23.81727,90.56584 23.81738,90.56584 23.81739,90.56584 23.81759,90.56584 23.8178,90.56585 23.81798,90.56583 23.81855,90.56584 23.81872,90.56585 23.81896,90.56585 23.81911,90.56584 23.81923,90.56582 23.81931,90.56581 23.8194,90.56577 23.81958,90.56574 23.81967,90.5657 23.81979,90.56564 23.81994,90.56561 23.82,90.56553 23.82015,90.56548 23.82021,90.5654 23.82032,90.56533 23.82042,90.56527 23.82051,90.5652 23.82064,90.56515 23.82072,90.56512 23.82078,90.56507 23.82087,90.56503 23.82097,90.56494 23.82116,90.56489 23.82134,90.56487 23.82145,90.56486 23.82157,90.56485 23.82165,90.56484 23.82179,90.56483 23.82198,90.56482 23.82213,90.56479 23.82236,90.56477 23.82258,90.56475 23.82276,90.56465 23.82299,90.56456 23.82316,90.56449 23.82325,90.56443 23.82333,90.56434 23.82345,90.56427 23.82356,90.56421 23.82366,90.56418 23.82373,90.56407 23.82405,90.56404 23.82416,90.56397 23.82451,90.56393 23.82471,90.56386 23.82505,90.56375 23.82549,90.56367 23.82586,90.56308 23.82622,90.56302 23.82625,90.56282 23.82639,90.56267 23.82647,90.56254 23.82655,90.56243 23.8266,90.56236 23.82663,90.56233 23.82664,90.56212 23.82668,90.56178 23.82665,90.5617 23.82663,90.56132 23.82656,90.56099 23.82649,90.56093 23.82647,90.56074 23.82644,90.56053 23.8264,90.56051 23.8264,90.56031 23.82631,90.56011 23.82632,90.55989 23.8263,90.55984 23.8263,90.55957 23.8263,90.55953 23.82631,90.55941 23.82631,90.55921 23.8263,90.55906 23.82629,90.55887 23.82626,90.5587 23.82623,90.55865 23.82623,90.55861 23.82624,90.55858 23.82625,90.55856 23.82628,90.55852 23.82637,90.5585 23.82646,90.55846 23.82659,90.55844 23.82672,90.55844 23.82684,90.55849 23.82699,90.55852 23.82712,90.55856 23.82726,90.55854 23.82736,90.55845 23.82739,90.55832 23.82743,90.55826 23.82744,90.55817 23.82748,90.55804 23.8275,90.55792 23.8275,90.55785 23.8275,90.55783 23.82751,90.55775 23.82753,90.55772 23.82755,90.55771 23.82762,90.5577 23.8277,90.5577 23.82782,90.5577 23.82786,90.55768 23.8279,90.55765 23.82794,90.55763 23.82796,90.55756 23.828,90.55727 23.82817,90.55716 23.82825,90.55708 23.8283,90.55705 23.82831,90.55678 23.82828,90.55668 23.82832,90.55649 23.82849,90.55639 23.82853,90.55627 23.82855,90.55614 23.82857,90.55601 23.82861,90.55595 23.82864,90.55586 23.8287,90.55583 23.82872,90.55568 23.82887,90.55558 23.82903,90.55553 23.82916,90.55551 23.82922,90.55543 23.82934,90.55541 23.82938,90.5554 23.8294,90.55517 23.82984,90.5551 23.83003,90.55507 23.83014,90.55505 23.83023,90.55502 23.83026,90.55496 23.83031,90.55485 23.8304,90.5548 23.83044,90.55478 23.83045,90.55449 23.83074,90.55421 23.83112,90.55407 23.83132,90.55401 23.8314,90.55386 23.83156,90.55346 23.8319,90.55336 23.83198,90.55334 23.83199,90.5532 23.83208,90.55311 23.83215,90.55307 23.83218,90.55296 23.83229,90.55285 23.83238,90.5528 23.83246,90.55279 23.8325,90.55278 23.83258,90.55283 23.83304,90.55286 23.83334,90.55288 23.83352,90.55289 23.83362,90.55287 23.83379,90.55281 23.83393,90.55278 23.83402,90.55278 23.83405,90.55276 23.83416,90.55276 23.83429,90.55286 23.83432,90.55297 23.83436,90.5531 23.83443,90.55322 23.83451,90.55338 23.83463,90.55346 23.83473,90.55347 23.83483,90.55347 23.83484,90.55333 23.83524,90.55327 23.8354,90.55319 23.83562,90.55317 23.83582,90.55316 23.83587,90.55316 23.83593,90.55313 23.83622,90.55313 23.83626,90.55311 23.83643,90.55308 23.83658,90.55313 23.83669,90.55317 23.8368,90.5532 23.83685,90.55323 23.83688,90.55325 23.8369,90.55328 23.83691,90.55341 23.83696,90.55352 23.837,90.55362 23.83705,90.55357 23.83756,90.55364 23.83759,90.55374 23.83762,90.55377 23.83763,90.55379 23.83765,90.55381 23.83766,90.55383 23.83769,90.55383 23.8377,90.55385 23.83773,90.55388 23.83792,90.55389 23.83808,90.5539 23.83817,90.55346 23.83816,90.55334 23.83816,90.5531 23.83816,90.55271 23.83817,90.55266 23.83817,90.55243 23.83817,90.55231 23.83817,90.55224 23.83817,90.55201 23.83817,90.55174 23.83816,90.55155 23.83814,90.55153 23.83814,90.55133 23.83811,90.55095 23.83806,90.55052 23.83796,90.55038 23.83792,90.55035 23.83791,90.55019 23.83785,90.54985 23.83772,90.54925 23.83747,90.5492 23.83742,90.54918 23.8374,90.54914 23.83738,90.5491 23.83735,90.54891 23.83728,90.54795 23.83687,90.54768 23.83676,90.54764 23.83675,90.54759 23.83672,90.54735 23.83662,90.54695 23.83645,90.5467 23.83634,90.54625 23.83615,90.54616 23.83611,90.54598 23.83604,90.5458 23.83597,90.54573 23.83594,90.54562 23.83589,90.54544 23.83582,90.54516 23.8357,90.54508 23.83568,90.5449 23.83561,90.54472 23.83554,90.54466 23.83552,90.54438 23.83541,90.54367 23.83513,90.54261 23.8347,90.5425 23.83466,90.54232 23.83459,90.54223 23.83456,90.54218 23.83454,90.54209 23.83452,90.54203 23.8345,90.54195 23.83449,90.54186 23.83448,90.54173 23.83446,90.54154 23.83444,90.5413 23.83433,90.5412 23.83429,90.54112 23.83427,90.54092 23.83423,90.54029 23.83418,90.53946 23.83416,90.53924 23.83416,90.53841 23.83416,90.53824 23.83416,90.53746 23.83417,90.53715 23.83417,90.53606 23.83416,90.53517 23.83417,90.53394 23.83418,90.53315 23.83419,90.53207 23.8342,90.5312 23.83421,90.53019 23.83421,90.52936 23.8342,90.52822 23.83421,90.52798 23.83421,90.52787 23.83421,90.52778 23.83421,90.52774 23.83421,90.52768 23.83422,90.5276 23.83422,90.52753 23.83423,90.52746 23.83424,90.5274 23.83425,90.52732 23.83427,90.52714 23.83432,90.52702 23.83436,90.52688 23.83441,90.52677 23.83446,90.52664 23.83454,90.52652 23.83461,90.52636 23.83472,90.52634 23.83472,90.52626 23.83477,90.52567 23.83516,90.52555 23.83523,90.52492 23.83566,90.52444 23.83597,90.52431 23.83605,90.52428 23.83608,90.52365 23.8365,90.52357 23.83656,90.52349 23.83661,90.52334 23.83671,90.52302 23.83691,90.52293 23.83696,90.52289 23.83698,90.52285 23.83699,90.52282 23.83701,90.52274 23.83704,90.52264 23.83707,90.52254 23.83708,90.52241 23.8371,90.52214 23.83712,90.52198 23.83713,90.52111 23.83714,90.52019 23.83714,90.51965 23.83715,90.51941 23.83714,90.51891 23.83714,90.51803 23.83714,90.51753 23.83714,90.51723 23.83714,90.51647 23.83715,90.51591 23.83715,90.51563 23.83716,90.51544 23.83715,90.51517 23.83715,90.5151 23.83715,90.51496 23.83715,90.51462 23.83715,90.51456 23.83715,90.51451 23.83716,90.51434 23.83716,90.5137 23.83716,90.51296 23.83717,90.51243 23.83717,90.51198 23.83717,90.51076 23.83717,90.51022 23.83717,90.51021 23.83717,90.50996 23.83717,90.50962 23.83717,90.50944 23.83717,90.50903 23.83717,90.50868 23.83717,90.50864 23.83717,90.50824 23.83718,90.50785 23.83718,90.50767 23.83718,90.50765 23.83718,90.50746 23.83718,90.50687 23.83718,90.50635 23.83718,90.50607 23.83718,90.50563 23.83719,90.5055 23.83719,90.50453 23.83719,90.50416 23.83719,90.50415 23.83719,90.50406 23.83719,90.50382 23.83719,90.50339 23.8372,90.50302 23.8372,90.50288 23.8372,90.50275 23.8372,90.50197 23.83721,90.5017 23.83721,90.50107 23.83721,90.50079 23.83721,90.50045 23.83721,90.49976 23.83721,90.49973 23.83721,90.4991 23.83722,90.49839 23.83721,90.4976 23.83721,90.49721 23.83721,90.49671 23.83721,90.49621 23.83721,90.49562 23.83722,90.49453 23.83722,90.49393 23.83722,90.49348 23.83722,90.49333 23.83723,90.49211 23.83723,90.49096 23.83724,90.4904 23.83724,90.4903 23.83724,90.49011 23.83723,90.48993 23.83723,90.48973 23.83723,90.48963 23.83723,90.48958 23.83723,90.48938 23.83723,90.48919 23.83723,90.48916 23.83723,90.48899 23.83723,90.48879 23.83723,90.4886 23.83724,90.48859 23.83724,90.4884 23.83724,90.48801 23.83724,90.48775 23.83725,90.48749 23.83725,90.48729 23.83725,90.48709 23.83726,90.48707 23.83726,90.48683 23.83726,90.4867 23.83726,90.48611 23.83725,90.48591 23.83725,90.48571 23.83725,90.48553 23.83725,90.48552 23.83725,90.48532 23.83725,90.48512 23.83725,90.48493 23.83725,90.48473 23.83725,90.48434 23.83725,90.48422 23.83725,90.48414 23.83724,90.48382 23.83724,90.48304 23.83724,90.48294 23.83724,90.48276 23.83724,90.48257 23.83724,90.48241 23.83723,90.48225 23.83723,90.48217 23.83723,90.48168 23.83723,90.48154 23.83724,90.4813 23.83725,90.48089 23.83725,90.48071 23.83725,90.4805 23.83725,90.48026 23.83726,90.48012 23.83726,90.47989 23.83726,90.47969 23.83725,90.47954 23.83724,90.47953 23.83724,90.47938 23.83722,90.47894 23.83715,90.47837 23.83704,90.47813 23.83699,90.47799 23.83697,90.47793 23.83696,90.47788 23.83695,90.4775 23.83686,90.47742 23.83684,90.47726 23.83681,90.47711 23.83678,90.47669 23.83669,90.47664 23.83668,90.47659 23.83667,90.4762 23.8366,90.47568 23.8365,90.47552 23.83647,90.47536 23.83644,90.47479 23.83631,90.47476 23.8363,90.47437 23.83621,90.47396 23.83612,90.47361 23.83605,90.47301 23.83593,90.473 23.83593,90.47281 23.8359,90.47189 23.83572,90.4712 23.8356,90.46974 23.83533,90.46919 23.83523,90.46806 23.83497,90.46727 23.8348,90.46652 23.83463,90.46578 23.83445,90.46571 23.8344,90.46566 23.83438,90.46557 23.83434,90.46545 23.83429,90.46513 23.8342,90.46456 23.83407,90.46437 23.834,90.46393 23.83385,90.46321 23.83368,90.46282 23.83359,90.46234 23.83347,90.46228 23.83345,90.46232 23.8333,90.46235 23.83317,90.46235 23.83309,90.46235 23.83308,90.46235 23.83304,90.46235 23.83302,90.46234 23.83301,90.46234 23.83299,90.46234 23.83298,90.46235 23.83297,90.46235 23.83296,90.46236 23.83295,90.46237 23.83295,90.46238 23.83294,90.4624 23.83293,90.46244 23.83293,90.46284 23.83282,90.46314 23.83273,90.46323 23.83271,90.46395 23.83261,90.4643 23.83257,90.46437 23.83255,90.46473 23.83248,90.46483 23.83246,90.46494 23.83245,90.46495 23.83245,90.46505 23.83244,90.46511 23.83244,90.46622 23.83252,90.46643 23.83253,90.46665 23.83254,90.4669 23.83253,90.46694 23.83253,90.46698 23.83252,90.46704 23.83251,90.46716 23.83248,90.46722 23.83246,90.46752 23.83233,90.46794 23.83213,90.46807 23.83207,90.46816 23.83202,90.46825 23.83196,90.46831 23.83193,90.46835 23.83191,90.46841 23.8319,90.46851 23.83187,90.46885 23.83181,90.46948 23.83167,90.46977 23.83159,90.46993 23.83155,90.47018 23.83148,90.47084 23.8313,90.47113 23.83122,90.47126 23.83118,90.47151 23.83114)"
1S50-cxMNx1Bl2TUyg4KQYQVj86uLOIVT,1S50-cxMNx1Bl2TUyg4KQYQVj86uLOIVT-L63,2026.EIS.000152.kmz,"Directions from 24.653320, 90.350802 to Bagan trishal, Bagan, Baghan, Mymensingh Division","Directions from 24.653320, 90.350802 to Bagan trishal, Bagan, Baghan, Mymensingh Division",516,90.35079,24.65332,90.40391,24.54835,"LINESTRING(90.35079 24.65332,90.35077 24.65322,90.35076 24.65319,90.35055 24.65271,90.35041 24.65254,90.35028 24.65241,90.35021 24.65228,90.35019 24.65217,90.35017 24.65194,90.35013 24.65179,90.3501 24.65176,90.35007 24.65173,90.35002 24.65168,90.34997 24.65163,90.34987 24.65147,90.34983 24.6514,90.34965 24.65107,90.34954 24.65094,90.34933 24.6508,90.34928 24.65077,90.34925 24.65075,90.34919 24.65071,90.34917 24.6507,90.34912 24.65067,90.34901 24.65059,90.34878 24.65038,90.34863 24.65019,90.34853 24.65014,90.34851 24.65013,90.34847 24.65014,90.34846 24.65014,90.34845 24.65014,90.34837 24.6501,90.34828 24.64988,90.34809 24.64941,90.34808 24.64933,90.34806 24.64923,90.34805 24.64916,90.34804 24.64915,90.34801 24.64897,90.34799 24.64886,90.34799 24.64863,90.348 24.64846,90.34801 24.64831,90.34804 24.64816,90.34803 24.64809,90.34801 24.64798,90.34804 24.64784,90.34809 24.64732,90.34815 24.64722,90.34828 24.64722,90.34847 24.64725,90.34854 24.64726,90.34964 24.64746,90.3497 24.64748,90.34974 24.64748,90.34981 24.64749,90.34988 24.64744,90.34989 24.64743,90.34995 24.64728,90.35006 24.64701,90.35034 24.64652,90.35044 24.6463,90.35052 24.64614,90.35067 24.646,90.35078 24.64595,90.35084 24.64592,90.35091 24.64588,90.3512 24.64572,90.35126 24.64567,90.3513 24.64563,90.35132 24.64558,90.35134 24.64551,90.35133 24.64543,90.35133 24.64532,90.35134 24.6453,90.35135 24.64528,90.35139 24.64523,90.35147 24.64518,90.35148 24.64517,90.35151 24.64514,90.35163 24.64503,90.35168 24.64499,90.35185 24.64486,90.35202 24.64475,90.35211 24.64467,90.35216 24.64464,90.35234 24.64445,90.35237 24.64442,90.35237 24.6444,90.35248 24.64421,90.35252 24.64389,90.35252 24.64382,90.35237 24.64371,90.3524 24.64341,90.35244 24.64314,90.35253 24.64287,90.35262 24.64268,90.35267 24.64251,90.35268 24.64249,90.35275 24.64235,90.3528 24.64211,90.35284 24.64174,90.35285 24.64173,90.35287 24.64161,90.35289 24.64156,90.35289 24.64143,90.3529 24.64128,90.3528 24.64113,90.35275 24.64102,90.35276 24.64091,90.35284 24.64082,90.3529 24.64076,90.35293 24.6407,90.35297 24.64051,90.35302 24.64027,90.35304 24.64015,90.35308 24.64006,90.3531 24.64,90.35317 24.63987,90.3532 24.63981,90.35326 24.63972,90.35335 24.63944,90.35338 24.63919,90.35348 24.63898,90.35358 24.63873,90.35358 24.63871,90.3536 24.63864,90.35362 24.6385,90.35364 24.6382,90.35365 24.63803,90.35365 24.638,90.35368 24.63793,90.3537 24.63786,90.35376 24.6378,90.35388 24.63764,90.35414 24.63736,90.35428 24.63723,90.35429 24.63715,90.3543 24.6371,90.35431 24.63704,90.35432 24.63698,90.35429 24.63687,90.35427 24.63681,90.3542 24.63657,90.35411 24.63625,90.35428 24.63615,90.35469 24.63599,90.35483 24.63593,90.35551 24.63561,90.35595 24.63536,90.3564 24.6351,90.35667 24.63471,90.35679 24.63427,90.35695 24.63417,90.35727 24.63417,90.35773 24.63411,90.35792 24.63402,90.35801 24.63398,90.35842 24.63354,90.35852 24.63349,90.35871 24.63341,90.35899 24.63335,90.35947 24.63325,90.35966 24.63321,90.36119 24.63284,90.36143 24.63279,90.36157 24.63277,90.36165 24.63277,90.36344 24.63261,90.36401 24.63254,90.36423 24.6325,90.36424 24.6325,90.36425 24.63249,90.36427 24.63248,90.36429 24.63245,90.3643 24.63242,90.36431 24.63239,90.36431 24.63219,90.36431 24.63212,90.36433 24.63199,90.36435 24.63194,90.36438 24.63191,90.36441 24.63189,90.36447 24.63186,90.36455 24.63184,90.36487 24.63178,90.36506 24.63176,90.3659 24.63167,90.36653 24.63162,90.36667 24.63159,90.36673 24.63157,90.36676 24.63156,90.36677 24.63155,90.36678 24.63154,90.36679 24.63153,90.36679 24.63151,90.3668 24.63148,90.36683 24.6313,90.36689 24.63111,90.36696 24.63097,90.36707 24.63082,90.36718 24.63078,90.36726 24.63076,90.36738 24.63074,90.36767 24.63073,90.36793 24.63074,90.36807 24.63073,90.36822 24.63068,90.36839 24.6306,90.36857 24.63046,90.36879 24.63025,90.36885 24.63019,90.36889 24.63017,90.36894 24.63014,90.36903 24.63012,90.36916 24.63011,90.36952 24.63009,90.37025 24.63008,90.3704 24.63006,90.37073 24.62998,90.3715 24.62964,90.37169 24.62955,90.37187 24.62944,90.3721 24.62922,90.3722 24.62913,90.37258 24.62828,90.37285 24.62771,90.37303 24.62733,90.37348 24.62737,90.3736 24.62738,90.37369 24.62739,90.37374 24.62739,90.37382 24.62736,90.37384 24.62736,90.37385 24.62735,90.37386 24.62734,90.37402 24.62708,90.37421 24.6267,90.37426 24.62658,90.3745 24.62593,90.37479 24.626,90.37498 24.62605,90.37523 24.62612,90.37536 24.62616,90.37629 24.62634,90.37673 24.62645,90.37781 24.62672,90.37853 24.62692,90.37961 24.62723,90.37994 24.62732,90.38002 24.62734,90.38005 24.62734,90.38025 24.6274,90.38108 24.62762,90.38117 24.62765,90.38119 24.62765,90.38211 24.6279,90.38299 24.62813,90.38339 24.62823,90.38374 24.62832,90.38375 24.62833,90.38377 24.62833,90.38387 24.62836,90.38423 24.62842,90.38471 24.62851,90.38485 24.62852,90.38496 24.62854,90.38514 24.62856,90.38527 24.62858,90.38542 24.6286,90.38558 24.62861,90.38575 24.62861,90.38592 24.62859,90.38616 24.62853,90.38646 24.62846,90.38664 24.62838,90.38673 24.62833,90.38679 24.62829,90.38686 24.62825,90.38694 24.62821,90.38705 24.62816,90.38707 24.62815,90.38727 24.62806,90.38761 24.62788,90.38774 24.6278,90.38783 24.62776,90.38791 24.62772,90.388 24.6277,90.38828 24.62767,90.38835 24.62766,90.38858 24.62764,90.38866 24.62762,90.38896 24.62758,90.38956 24.6275,90.38983 24.62748,90.39044 24.62748,90.3907 24.62748,90.39101 24.62748,90.39111 24.62748,90.39139 24.62748,90.39164 24.62746,90.39195 24.62742,90.39215 24.62739,90.39218 24.62738,90.39234 24.62735,90.3926 24.62727,90.39309 24.62724,90.39347 24.62722,90.39388 24.6272,90.39447 24.62727,90.39469 24.62729,90.39491 24.62733,90.39525 24.62741,90.39557 24.6275,90.39604 24.62768,90.39626 24.62777,90.39661 24.62794,90.39678 24.62801,90.39695 24.62809,90.39712 24.62815,90.39724 24.62818,90.39736 24.62821,90.39757 24.62822,90.39803 24.62824,90.39818 24.62824,90.39828 24.62822,90.39837 24.62822,90.39821 24.62739,90.39807 24.62662,90.39802 24.62632,90.39792 24.62576,90.39765 24.62437,90.39742 24.62331,90.39731 24.62278,90.39711 24.62199,90.39698 24.62146,90.39689 24.6211,90.39675 24.62044,90.39665 24.61978,90.3966 24.6195,90.39654 24.6191,90.39653 24.61902,90.39651 24.61889,90.3965 24.61866,90.39649 24.61803,90.39649 24.61794,90.39647 24.61704,90.39646 24.61668,90.39645 24.61585,90.39644 24.6154,90.39644 24.61508,90.39644 24.61472,90.39641 24.61292,90.3964 24.61184,90.39637 24.61022,90.39634 24.60916,90.39634 24.6088,90.39634 24.60862,90.39634 24.6079,90.39634 24.607,90.39634 24.60664,90.39634 24.60604,90.39634 24.60589,90.39633 24.60406,90.39633 24.60388,90.39633 24.60386,90.39633 24.60339,90.39634 24.60264,90.39635 24.60222,90.39636 24.59897,90.39637 24.59871,90.39636 24.59843,90.39634 24.59807,90.39633 24.59789,90.39633 24.59784,90.39629 24.59727,90.39622 24.59642,90.39607 24.59499,90.39606 24.59489,90.39593 24.59355,90.39592 24.59347,90.3959 24.59327,90.39584 24.59268,90.39579 24.59214,90.39572 24.59143,90.3957 24.59124,90.39569 24.59113,90.39557 24.58969,90.39556 24.58953,90.39535 24.58634,90.39528 24.58528,90.39524 24.58463,90.39518 24.58422,90.39514 24.58405,90.39512 24.58392,90.3951 24.58386,90.39506 24.5837,90.39501 24.5835,90.39499 24.58344,90.3949 24.58309,90.39484 24.58286,90.39482 24.58278,90.39481 24.58271,90.39476 24.58251,90.39474 24.58232,90.39473 24.58218,90.39473 24.5821,90.39472 24.58193,90.39473 24.58179,90.39474 24.58164,90.39475 24.58152,90.39479 24.58134,90.3949 24.58083,90.39494 24.58065,90.39496 24.58057,90.39508 24.58005,90.39515 24.57978,90.39528 24.57925,90.39536 24.57892,90.39556 24.57814,90.39559 24.57802,90.39561 24.57791,90.39564 24.57777,90.39568 24.57762,90.3957 24.57745,90.39573 24.57721,90.39576 24.57694,90.39577 24.5768,90.39579 24.57641,90.39579 24.57624,90.39579 24.57611,90.39577 24.57595,90.39573 24.57555,90.3957 24.57533,90.39569 24.57527,90.39568 24.57517,90.39566 24.57496,90.39566 24.57491,90.39564 24.57457,90.39558 24.57381,90.39558 24.57355,90.39558 24.57335,90.3956 24.57313,90.39563 24.57291,90.39567 24.5727,90.39571 24.57254,90.39575 24.57238,90.39584 24.57208,90.39621 24.57093,90.39626 24.57076,90.39649 24.57007,90.39695 24.5687,90.39712 24.56818,90.39717 24.56801,90.39744 24.56719,90.39771 24.56636,90.39788 24.56585,90.39796 24.56559,90.39829 24.56458,90.39872 24.56325,90.39874 24.56318,90.39939 24.56118,90.39951 24.56069,90.39955 24.56046,90.39957 24.56034,90.39958 24.56022,90.39959 24.56011,90.39961 24.55996,90.39961 24.55985,90.3996 24.55949,90.3996 24.55932,90.3996 24.55921,90.39958 24.55814,90.39958 24.55795,90.39958 24.55788,90.39955 24.55674,90.39955 24.55669,90.39953 24.55617,90.39953 24.55577,90.39951 24.55511,90.3995 24.55466,90.39946 24.55269,90.39944 24.55165,90.39942 24.55071,90.3994 24.55045,90.39938 24.55009,90.3998 24.55003,90.40004 24.54999,90.40056 24.54996,90.40067 24.54995,90.40075 24.54994,90.40095 24.5499,90.40158 24.54979,90.40192 24.54975,90.40211 24.54973,90.40242 24.54964,90.40257 24.54956,90.40262 24.54948,90.40267 24.54939,90.40272 24.54936,90.40274 24.54935,90.40324 24.54915,90.40328 24.54912,90.40334 24.54907,90.40336 24.54902,90.40337 24.54896,90.40331 24.54883,90.40329 24.54876,90.4033 24.5487,90.40333 24.54866,90.40336 24.54862,90.40339 24.5486,90.40341 24.54857,90.40344 24.54856,90.40391 24.54835)"
1TwI9QszaE6fqxD7HyUQeQr27FuAGUnXX,1TwI9QszaE6fqxD7HyUQeQr27FuAGUnXX-L64,2025.EIS.BEPZA.000015.kmz,"Directions from 7QVQ+68C, F.M Sawdagar Rd, Chittagong, Bangladesh to Technical Apparels (Pvt.) Ltd., Chattogram","Directions from 7QVQ+68C, F.M Sawdagar Rd, Chittagong, Bangladesh to Technical Apparels (Pvt.) Ltd., Chattogram",120,91.78855,22.29277,91.77352,22.29686,"LINESTRING(91.78855 22.29277,91.78856 22.29289,91.78854 22.29321,91.78849 22.29319,91.78844 22.29318,91.78839 22.29318,91.78834 22.29318,91.78823 22.29318,91.78806 22.29316,91.78798 22.29315,91.78797 22.29315,91.78796 22.29315,91.78795 22.29316,91.78794 22.29316,91.78792 22.29317,91.78791 22.29318,91.78791 22.29319,91.7879 22.29321,91.78788 22.29326,91.78787 22.29328,91.78786 22.29329,91.78785 22.2933,91.78785 22.29331,91.78784 22.29331,91.78782 22.29332,91.78781 22.29332,91.78779 22.29332,91.78769 22.29333,91.78761 22.29333,91.78751 22.29334,91.78739 22.29336,91.78721 22.29341,91.78712 22.29343,91.7869 22.29348,91.78679 22.29345,91.78666 22.29343,91.78636 22.29344,91.78628 22.29344,91.7862 22.29345,91.78615 22.29346,91.78602 22.29349,91.78597 22.29351,91.78586 22.29354,91.78573 22.29357,91.78559 22.29358,91.78503 22.29355,91.78502 22.29355,91.7845 22.2935,91.78419 22.29346,91.7839 22.29342,91.78368 22.29338,91.78349 22.29332,91.78336 22.29328,91.78302 22.29315,91.783 22.29314,91.78282 22.29308,91.78278 22.29306,91.7823 22.29288,91.78232 22.29271,91.78236 22.29254,91.7824 22.29234,91.78249 22.29199,91.78257 22.2917,91.78258 22.29162,91.78236 22.29158,91.78234 22.29173,91.78224 22.2922,91.78221 22.29231,91.78218 22.29248,91.78213 22.29266,91.7821 22.29281,91.7821 22.29289,91.78208 22.29303,91.78207 22.29317,91.78207 22.29323,91.78174 22.29323,91.78147 22.29322,91.78125 22.29321,91.78089 22.29319,91.78051 22.29317,91.77977 22.29312,91.77961 22.29311,91.7794 22.2931,91.77931 22.29309,91.77845 22.29303,91.77808 22.29301,91.77805 22.29324,91.77798 22.29425,91.77796 22.2945,91.77795 22.2946,91.77794 22.29468,91.77792 22.29502,91.7779 22.29522,91.77789 22.29539,91.77787 22.2956,91.77784 22.29593,91.77782 22.29611,91.77782 22.29617,91.77781 22.29618,91.7778 22.2964,91.77779 22.29644,91.77779 22.29645,91.77777 22.29647,91.77776 22.29649,91.77774 22.29651,91.7777 22.29653,91.77769 22.29653,91.77763 22.29654,91.77742 22.29652,91.7773 22.29651,91.77722 22.29651,91.77677 22.29647,91.77676 22.29677,91.77675 22.29683,91.77513 22.29674,91.7747 22.29672,91.7745 22.29671,91.77431 22.2967,91.77353 22.29665,91.77352 22.29686)"
1U8DNfDObvebqd0XUeR8HPdJhlWkygaa5,1U8DNfDObvebqd0XUeR8HPdJhlWkygaa5-L65,2025.EIS.000102.kmz,"Directions from Latifpur School Rd, Chattogram 4317, Bangladesh to 9Q7H+729, Chattogram 4217, Bangladesh","Directions from Latifpur School Rd, Chattogram 4317, Bangladesh to 9Q7H+729, Chattogram 4217, Bangladesh",302,91.76059,22.37809,91.77814,22.36353,"LINESTRING(91.76059 22.37809,91.76066 22.37783,91.7607 22.37785,91.76077 22.37787,91.76089 22.37789,91.76115 22.37792,91.76122 22.37792,91.76153 22.37794,91.76228 22.37803,91.76234 22.37804,91.76256 22.3781,91.76261 22.37811,91.76272 22.37816,91.76283 22.37819,91.76286 22.3782,91.76289 22.37821,91.76292 22.37821,91.76295 22.3782,91.76302 22.37819,91.76307 22.37818,91.76313 22.37818,91.76321 22.37818,91.76327 22.37819,91.76329 22.3782,91.76331 22.37821,91.76333 22.37823,91.76334 22.37824,91.76336 22.37827,91.76337 22.37828,91.76337 22.3783,91.76338 22.37839,91.76338 22.37842,91.76339 22.37845,91.7634 22.37846,91.76341 22.37848,91.76342 22.37849,91.76344 22.3785,91.76345 22.37851,91.76346 22.37852,91.76349 22.37853,91.76351 22.37854,91.76359 22.37856,91.76362 22.37856,91.76376 22.37859,91.76382 22.37861,91.76383 22.37862,91.76385 22.37863,91.76387 22.37867,91.76388 22.37867,91.76388 22.37868,91.76388 22.3787,91.76388 22.37871,91.76388 22.37875,91.76385 22.37887,91.76384 22.37891,91.7638 22.37902,91.76378 22.37908,91.76375 22.37919,91.76373 22.37925,91.76372 22.37933,91.76372 22.37935,91.76372 22.37937,91.76372 22.37939,91.76372 22.37942,91.76374 22.37943,91.76375 22.37944,91.76377 22.37944,91.7638 22.37946,91.76396 22.37949,91.76429 22.37956,91.76451 22.37961,91.76466 22.37963,91.76475 22.37967,91.76474 22.37979,91.76473 22.37981,91.76473 22.37983,91.76473 22.37984,91.76474 22.37986,91.76474 22.37987,91.76475 22.37989,91.76476 22.37989,91.76477 22.3799,91.76479 22.37991,91.76485 22.37994,91.76538 22.38017,91.76554 22.38023,91.76556 22.38024,91.76573 22.38032,91.76579 22.38035,91.76595 22.38044,91.7658 22.38059,91.76574 22.38065,91.76559 22.38081,91.76554 22.38087,91.76548 22.38094,91.7654 22.38105,91.76536 22.3811,91.76525 22.38126,91.76499 22.3816,91.76491 22.38172,91.76463 22.38216,91.76423 22.38261,91.76411 22.38278,91.76394 22.38297,91.76375 22.38327,91.76373 22.3833,91.7636 22.38348,91.76359 22.38349,91.76337 22.38374,91.76272 22.38466,91.76253 22.38493,91.76244 22.38508,91.76233 22.38526,91.76223 22.38541,91.76177 22.38615,91.76167 22.38638,91.76149 22.38668,91.76119 22.38725,91.76107 22.38748,91.76092 22.38784,91.76091 22.38785,91.76068 22.38835,91.76063 22.38847,91.76044 22.38888,91.76041 22.38895,91.76003 22.38971,91.76 22.38977,91.75981 22.39022,91.75979 22.39027,91.75973 22.39044,91.75966 22.39061,91.75949 22.39111,91.75942 22.3913,91.75936 22.3915,91.75924 22.39182,91.75906 22.39252,91.75898 22.39282,91.75894 22.39298,91.75888 22.39305,91.75879 22.39313,91.75861 22.39322,91.75849 22.39326,91.75836 22.39328,91.75702 22.39285,91.75688 22.39284,91.75699 22.39291,91.7584 22.39335,91.75883 22.39346,91.75893 22.39348,91.75894 22.39341,91.75904 22.39298,91.75905 22.39294,91.75921 22.39235,91.75933 22.39188,91.75941 22.39166,91.75956 22.3913,91.75966 22.39107,91.76016 22.39007,91.76027 22.38983,91.76049 22.38936,91.76058 22.38917,91.7607 22.3889,91.76075 22.3888,91.7608 22.3887,91.76085 22.38857,91.76107 22.38797,91.7611 22.3879,91.76127 22.38748,91.76147 22.38696,91.7616 22.38667,91.76168 22.3865,91.76184 22.38617,91.76231 22.38546,91.76244 22.38528,91.76255 22.38513,91.76255 22.38512,91.76315 22.3843,91.76357 22.38385,91.76394 22.38341,91.7641 22.3832,91.76426 22.38298,91.76445 22.38272,91.76452 22.38262,91.76462 22.38248,91.76467 22.3824,91.76484 22.38211,91.76495 22.38193,91.76515 22.3816,91.76534 22.38131,91.76541 22.38121,91.76546 22.38113,91.76552 22.38105,91.76561 22.38095,91.76572 22.38082,91.76581 22.38072,91.76604 22.38048,91.76637 22.38014,91.76644 22.38008,91.76656 22.37997,91.76667 22.37989,91.76685 22.37977,91.76702 22.37965,91.76744 22.37937,91.76763 22.37924,91.76781 22.37911,91.76794 22.379,91.76824 22.37877,91.76831 22.37871,91.76841 22.37863,91.76853 22.37854,91.76886 22.37825,91.769 22.37815,91.76922 22.37797,91.7693 22.37789,91.7694 22.37779,91.76961 22.37756,91.76978 22.37735,91.77015 22.37683,91.7704 22.37647,91.77068 22.3761,91.77088 22.37587,91.77116 22.37562,91.77194 22.375,91.77288 22.37427,91.77322 22.374,91.77348 22.37378,91.77366 22.37361,91.77371 22.37356,91.77395 22.37331,91.77403 22.37323,91.77416 22.37309,91.77419 22.37305,91.77429 22.37293,91.77446 22.37276,91.77467 22.37252,91.77475 22.37242,91.7749 22.37226,91.77512 22.37199,91.77532 22.3717,91.77565 22.37124,91.7759 22.37092,91.77595 22.37085,91.77624 22.37052,91.77629 22.37047,91.77636 22.37038,91.77645 22.37028,91.77672 22.36996,91.77686 22.36982,91.77695 22.36974,91.77708 22.36962,91.77713 22.36958,91.7773 22.36944,91.7775 22.36929,91.77781 22.3691,91.77789 22.36902,91.77793 22.36898,91.77802 22.36889,91.77812 22.36877,91.77815 22.36873,91.7783 22.36853,91.77836 22.36844,91.77866 22.36797,91.77925 22.36719,91.77927 22.36716,91.77928 22.36715,91.77964 22.36665,91.77965 22.36664,91.78 22.36617,91.78011 22.36603,91.78002 22.36597,91.77988 22.36592,91.7799 22.36587,91.77981 22.36584,91.77977 22.36583,91.7794 22.36574,91.77928 22.36571,91.77919 22.36569,91.77909 22.36569,91.77848 22.36562,91.77832 22.3656,91.77812 22.36557,91.77778 22.36552,91.77775 22.36551,91.77774 22.3655,91.77773 22.36549,91.77772 22.36547,91.7777 22.36544,91.77769 22.36542,91.77769 22.36538,91.77771 22.36522,91.77772 22.36519,91.77772 22.36516,91.77785 22.36445,91.77795 22.36392,91.77798 22.36374,91.778 22.36366,91.77801 22.36358,91.77803 22.36357,91.77805 22.36355,91.77808 22.36353,91.77812 22.36353,91.77814 22.36353)"
1U__gW5E6p2LWYfWgztAXf-rKIHx4-K1c,1U__gW5E6p2LWYfWgztAXf-rKIHx4-K1c-L66,EIS.2025.SP.000036.kmz,"Directions from Orient Allure Lingerie Ltd, Orient Allure Lingerie Ltd, কোনাবাড়ী কলেজ রোড, Konabari to 2877+8QP, Jailkhana Road, Konabari, Bangladesh","Directions from Orient Allure Lingerie Ltd, Orient Allure Lingerie Ltd, কোনাবাড়ী কলেজ রোড, Konabari to 2877+8QP, Jailkhana Road, Konabari, Bangladesh",185,90.30849,24.01237,90.31433,24.01325,"LINESTRING(90.30849 24.01237,90.30849 24.01245,90.30849 24.0125,90.30849 24.01251,90.3085 24.01253,90.30851 24.01254,90.30861 24.01264,90.30871 24.01272,90.30883 24.01284,90.30888 24.0129,90.30892 24.01296,90.30897 24.01306,90.309 24.01314,90.30903 24.01323,90.30906 24.01327,90.30913 24.01336,90.30926 24.01349,90.30932 24.01358,90.30872 24.01395,90.30857 24.01404,90.30824 24.01426,90.30801 24.01439,90.30796 24.01443,90.30768 24.0146,90.30739 24.01476,90.30731 24.01481,90.30688 24.01506,90.30667 24.01517,90.30663 24.0152,90.30649 24.01528,90.30619 24.01545,90.30588 24.01563,90.30573 24.01572,90.30551 24.01584,90.30537 24.01591,90.30506 24.0161,90.30462 24.01637,90.30448 24.01645,90.30431 24.01655,90.30354 24.01701,90.30269 24.01751,90.30219 24.01782,90.30192 24.01798,90.3018 24.01806,90.30157 24.0182,90.30015 24.01906,90.29974 24.0193,90.29957 24.0194,90.29953 24.01942,90.29894 24.01978,90.29868 24.01996,90.29843 24.02013,90.29841 24.02014,90.29818 24.0203,90.29825 24.02036,90.29828 24.02073,90.29826 24.02094,90.29824 24.02107,90.29823 24.02115,90.29819 24.02157,90.29818 24.02166,90.29817 24.02171,90.29817 24.02172,90.29816 24.02175,90.29815 24.02178,90.29804 24.02196,90.29799 24.02204,90.29798 24.02209,90.29796 24.02213,90.29795 24.02216,90.29791 24.0223,90.29786 24.02243,90.29776 24.02266,90.29769 24.02283,90.29762 24.02294,90.2975 24.02312,90.29744 24.0232,90.29727 24.02336,90.29716 24.02342,90.29698 24.02353,90.29671 24.02368,90.29666 24.02369,90.29647 24.02373,90.2961 24.02384,90.29605 24.02385,90.29582 24.02388,90.29571 24.02386,90.29554 24.02384,90.29552 24.02383,90.29529 24.0238,90.29516 24.02389,90.29507 24.02389,90.29495 24.02388,90.29475 24.02386,90.29459 24.02385,90.29457 24.02384,90.29455 24.02384,90.29437 24.02382,90.29416 24.02379,90.29409 24.02379,90.29397 24.02377,90.29384 24.02374,90.29374 24.02373,90.29364 24.02371,90.29343 24.02367,90.29329 24.02359,90.29327 24.02357,90.29325 24.02354,90.29318 24.02347,90.29336 24.02342,90.29355 24.02336,90.29374 24.02328,90.2939 24.02321,90.29409 24.02311,90.29427 24.023,90.29447 24.02287,90.29456 24.02281,90.29475 24.02269,90.29534 24.0223,90.29553 24.02216,90.29644 24.02156,90.29662 24.02144,90.29755 24.02084,90.29809 24.02047,90.29825 24.02036,90.29847 24.02021,90.29866 24.02007,90.29892 24.01991,90.29943 24.01957,90.29952 24.01951,90.29969 24.01942,90.29995 24.01926,90.30009 24.01918,90.30166 24.01825,90.30238 24.01781,90.30279 24.01757,90.30306 24.0174,90.30391 24.01689,90.30441 24.01658,90.30578 24.01579,90.30593 24.01571,90.30624 24.01553,90.30654 24.01535,90.30668 24.01527,90.30672 24.01525,90.30693 24.01514,90.30736 24.01489,90.30744 24.01484,90.30773 24.01468,90.30801 24.0145,90.30807 24.01447,90.30829 24.01433,90.30863 24.01412,90.30877 24.01403,90.30938 24.01365,90.30972 24.01346,90.30987 24.01337,90.30991 24.01334,90.30996 24.01331,90.31011 24.01322,90.31018 24.01317,90.31027 24.01312,90.31033 24.01309,90.31055 24.01296,90.3108 24.01282,90.31101 24.0127,90.31117 24.01261,90.31126 24.01257,90.31133 24.01253,90.31142 24.01249,90.3117 24.01237,90.31177 24.01237,90.31181 24.01237,90.31183 24.01237,90.31185 24.01237,90.3119 24.01235,90.31266 24.01216,90.31279 24.01214,90.31292 24.01212,90.31338 24.01205,90.31401 24.01195,90.31404 24.01227,90.31411 24.01303,90.31418 24.01334,90.31433 24.01325)"
1VLoIUmpm6onWe-fmCX-ZkJ4aLntkjyX5,1VLoIUmpm6onWe-fmCX-ZkJ4aLntkjyX5-L67,2026.EIS.000143.kmz,"Directions from Chorka Textile Ltd. to VHGH+2VR, Kurial Rd, Bholabo Union, Bangladesh","Directions from Chorka Textile Ltd. to VHGH+2VR, Kurial Rd, Bholabo Union, Bangladesh",380,90.57404,23.89732,90.57956,23.87498,"LINESTRING(90.57404 23.89732,90.57423 23.89784,90.57376 23.89804,90.57369 23.89807,90.57384 23.89842,90.57391 23.89859,90.57413 23.89909,90.57421 23.89905,90.57454 23.89893,90.57486 23.89881,90.57496 23.8988,90.57535 23.89875,90.57539 23.89874,90.57558 23.89869,90.57563 23.89891,90.57565 23.89909,90.57566 23.89923,90.5757 23.89928,90.57572 23.8993,90.57581 23.89931,90.57584 23.89931,90.57594 23.89932,90.57599 23.89933,90.576 23.89935,90.57601 23.89937,90.57602 23.89953,90.57603 23.89972,90.57604 23.89978,90.57608 23.89985,90.5761 23.89985,90.57615 23.89985,90.57628 23.89987,90.57639 23.89989,90.57641 23.89992,90.57642 23.89998,90.57644 23.90026,90.57644 23.9005,90.57644 23.90053,90.57644 23.90082,90.57646 23.90104,90.57648 23.90141,90.57651 23.90161,90.57652 23.90164,90.57654 23.90179,90.57656 23.90193,90.57657 23.9022,90.57656 23.90235,90.57655 23.90246,90.57654 23.90251,90.57653 23.90266,90.57655 23.90322,90.57701 23.90315,90.57743 23.90311,90.57753 23.9031,90.57775 23.90307,90.57821 23.90304,90.57832 23.90304,90.57841 23.90303,90.5785 23.90301,90.5786 23.903,90.57947 23.90288,90.57996 23.90287,90.58005 23.90286,90.58012 23.9029,90.58004 23.90295,90.57995 23.90301,90.57959 23.9032,90.57933 23.90335,90.57884 23.90367,90.57828 23.90405,90.57762 23.90452,90.57768 23.90459,90.57836 23.90411,90.57891 23.90372,90.57937 23.90343,90.57999 23.90305,90.58009 23.90299,90.58017 23.90295,90.58028 23.9029,90.58034 23.90286,90.58043 23.90282,90.58087 23.90262,90.58123 23.90245,90.58148 23.90234,90.58168 23.90226,90.58222 23.90207,90.58292 23.90183,90.58323 23.90172,90.58405 23.90145,90.58487 23.90113,90.58542 23.90092,90.5856 23.90085,90.58598 23.90067,90.58643 23.90045,90.58653 23.9004,90.58684 23.90023,90.5875 23.89986,90.58773 23.89972,90.58786 23.89964,90.588 23.89955,90.58861 23.89912,90.58908 23.89878,90.58919 23.89869,90.58958 23.89838,90.58982 23.89815,90.5899 23.89807,90.59 23.89796,90.59001 23.89792,90.59018 23.89773,90.59037 23.89755,90.59042 23.89751,90.59052 23.89743,90.59048 23.89735,90.59047 23.89729,90.59045 23.89722,90.59045 23.89712,90.59048 23.89701,90.59071 23.89663,90.59103 23.89615,90.59117 23.89592,90.59127 23.89579,90.5915 23.89539,90.592 23.89453,90.59201 23.89452,90.5924 23.89389,90.5926 23.89362,90.59272 23.89346,90.59305 23.89305,90.59327 23.89282,90.59351 23.89255,90.59371 23.89235,90.59383 23.89224,90.59396 23.89212,90.59412 23.892,90.59423 23.89191,90.59459 23.89166,90.59471 23.8916,90.59482 23.89154,90.59499 23.89144,90.59526 23.89129,90.59543 23.89119,90.59564 23.89104,90.59583 23.89087,90.59584 23.89086,90.59605 23.89065,90.59625 23.89044,90.59644 23.89023,90.59673 23.88993,90.59698 23.88965,90.59712 23.88951,90.59704 23.88945,90.597 23.88948,90.59667 23.88985,90.59623 23.89034,90.59614 23.8903,90.59583 23.89063,90.59567 23.89078,90.5956 23.89085,90.59551 23.89092,90.59505 23.89119,90.59473 23.89138,90.59468 23.89135,90.5946 23.89132,90.59452 23.8913,90.59444 23.89127,90.59439 23.89121,90.59435 23.89105,90.5943 23.89088,90.59429 23.89085,90.59424 23.8906,90.59416 23.89018,90.59414 23.89008,90.5941 23.88993,90.5941 23.88991,90.59409 23.88984,90.59406 23.88975,90.59402 23.88957,90.59401 23.88954,90.59398 23.8894,90.59394 23.88924,90.59393 23.88915,90.59394 23.88896,90.59392 23.8888,90.59388 23.8885,90.59382 23.88829,90.59372 23.88804,90.59371 23.88799,90.59369 23.88791,90.59366 23.88783,90.59364 23.88771,90.59363 23.88756,90.59362 23.88739,90.59365 23.88726,90.59364 23.88717,90.59363 23.88713,90.59361 23.88708,90.59357 23.88702,90.59352 23.88698,90.59344 23.88691,90.59337 23.88685,90.59329 23.88675,90.59327 23.88672,90.59324 23.88666,90.59321 23.8866,90.59319 23.88651,90.59317 23.88643,90.59317 23.88628,90.59316 23.88623,90.59314 23.88617,90.59312 23.88614,90.59308 23.88609,90.59296 23.88593,90.59284 23.8858,90.59271 23.88564,90.59262 23.88553,90.59255 23.88543,90.59249 23.88534,90.59244 23.88527,90.59242 23.8852,90.59242 23.88515,90.5924 23.88502,90.59238 23.88474,90.59219 23.8841,90.59216 23.88401,90.59215 23.88391,90.59214 23.88382,90.59214 23.88369,90.59214 23.88356,90.59214 23.88348,90.59213 23.88341,90.59211 23.88327,90.5921 23.88325,90.59202 23.88316,90.59197 23.88303,90.59186 23.88289,90.59181 23.88282,90.59178 23.88279,90.59172 23.88275,90.59167 23.88272,90.59161 23.8827,90.59156 23.88267,90.59152 23.88265,90.59148 23.88263,90.59147 23.88262,90.59141 23.88259,90.59135 23.88257,90.59123 23.88256,90.59115 23.88253,90.59107 23.8825,90.59102 23.88248,90.59088 23.88242,90.59087 23.88242,90.59081 23.88241,90.59052 23.88232,90.5904 23.88227,90.59018 23.88218,90.58992 23.8821,90.58986 23.88207,90.58984 23.88203,90.58982 23.88199,90.58982 23.88196,90.58982 23.88192,90.58982 23.88185,90.58982 23.88177,90.58981 23.88172,90.58981 23.88167,90.58977 23.88165,90.58971 23.88162,90.58956 23.88156,90.58929 23.88148,90.58912 23.88143,90.58871 23.88129,90.58846 23.8812,90.58832 23.88111,90.58828 23.88106,90.58821 23.88097,90.5882 23.88085,90.58817 23.88061,90.58815 23.88048,90.58814 23.88045,90.58813 23.88036,90.58812 23.88033,90.5881 23.8803,90.58805 23.88028,90.58798 23.88027,90.58785 23.88026,90.58755 23.88023,90.58753 23.88022,90.5875 23.88021,90.58748 23.8802,90.58747 23.88019,90.58745 23.88017,90.58744 23.88014,90.58743 23.8801,90.58742 23.88007,90.58734 23.87996,90.58732 23.87994,90.58731 23.87993,90.58728 23.8799,90.58724 23.87988,90.5872 23.87986,90.58715 23.87984,90.58705 23.87981,90.58702 23.87981,90.58698 23.87981,90.58685 23.87982,90.58677 23.87983,90.58673 23.87984,90.5867 23.87984,90.58669 23.87984,90.58667 23.87983,90.58656 23.8798,90.58635 23.87966,90.58623 23.87958,90.5861 23.87949,90.58602 23.87939,90.58587 23.87919,90.58584 23.87912,90.58562 23.87854,90.58562 23.87852,90.5856 23.87846,90.58558 23.87837,90.58554 23.87825,90.58545 23.87815,90.58533 23.87809,90.58507 23.87799,90.58498 23.87796,90.58478 23.87794,90.58473 23.87792,90.58466 23.87787,90.58463 23.87783,90.58452 23.87762,90.5845 23.87758,90.5844 23.87737,90.58439 23.87736,90.58438 23.8773,90.58429 23.87697,90.58427 23.87691,90.58421 23.87675,90.58414 23.87658,90.58406 23.8764,90.58403 23.87626,90.58401 23.87593,90.58345 23.87584,90.58325 23.87577,90.58319 23.87575,90.58312 23.87571,90.58306 23.87567,90.58303 23.87561,90.58302 23.87559,90.583 23.87556,90.58299 23.87548,90.58297 23.87544,90.58295 23.87539,90.58289 23.87536,90.58285 23.87535,90.58279 23.87535,90.58217 23.87539,90.58188 23.87535,90.58169 23.87535,90.58157 23.87536,90.58138 23.87538,90.58136 23.87538,90.58119 23.87542,90.58101 23.87545,90.5809 23.87546,90.58087 23.87546,90.58084 23.87546,90.58082 23.87546,90.58081 23.87545,90.5808 23.87544,90.58079 23.87543,90.58073 23.87534,90.58044 23.87533,90.58032 23.87535,90.58019 23.87536,90.57998 23.87536,90.57976 23.87534,90.57955 23.87531,90.57956 23.87498)"
1X7-mO2w1mIGGUEOTf_9T6GjAkja-w2jk,1X7-mO2w1mIGGUEOTf_9T6GjAkja-w2jk-L68,2024.EIS.000044.kmz,"Directions from Nambihin Rasta, Bangladesh to Tarasima Apparels Limited, N5, Manikganj","Directions from Nambihin Rasta, Bangladesh to Tarasima Apparels Limited, N5, Manikganj",965,89.77883,23.85004,90.05172,23.90566,"LINESTRING(89.77883 23.85004,89.77925 23.85001,89.77922 23.84991,89.77909 23.84952,89.77908 23.84949,89.77897 23.84906,89.77887 23.84862,89.77886 23.84844,89.77885 23.84831,89.77884 23.84787,89.77887 23.84747,89.779 23.84713,89.77917 23.84693,89.77926 23.84659,89.77916 23.84579,89.77914 23.84574,89.77902 23.8454,89.77887 23.84495,89.77882 23.8448,89.77878 23.8447,89.77872 23.84453,89.77866 23.84435,89.77841 23.84387,89.77844 23.8437,89.7785 23.84329,89.77858 23.84272,89.77859 23.84245,89.7786 23.84235,89.7786 23.84214,89.77863 23.84191,89.77864 23.8418,89.77892 23.84107,89.77971 23.84095,89.77989 23.84092,89.78071 23.84077,89.7817 23.84056,89.78158 23.83989,89.78157 23.8398,89.78146 23.83913,89.78137 23.83877,89.78135 23.83871,89.78132 23.83866,89.78122 23.83854,89.78119 23.8385,89.78115 23.83842,89.78108 23.83813,89.78102 23.83788,89.78079 23.83712,89.78097 23.83711,89.78132 23.83708,89.78155 23.83706,89.78164 23.83706,89.78173 23.83705,89.78185 23.83704,89.78192 23.83702,89.78202 23.83699,89.78212 23.83694,89.78222 23.83686,89.78234 23.83674,89.78244 23.83664,89.78264 23.83644,89.78514 23.83703,89.78558 23.83713,89.78672 23.83743,89.78775 23.83767,89.78839 23.83781,89.78857 23.83786,89.78908 23.83798,89.78914 23.838,89.78939 23.83806,89.79009 23.83822,89.79123 23.83849,89.79152 23.83855,89.79271 23.8388,89.79336 23.83895,89.79353 23.83899,89.79409 23.83911,89.79449 23.83919,89.79451 23.8392,89.79457 23.83921,89.79487 23.83929,89.795 23.83932,89.79549 23.83942,89.79593 23.83953,89.79601 23.83955,89.79611 23.83957,89.7962 23.83957,89.79688 23.83973,89.79708 23.83977,89.79732 23.83983,89.79749 23.83987,89.79798 23.83997,89.79873 23.84013,89.79962 23.84032,89.80025 23.84045,89.80089 23.84059,89.80115 23.84065,89.8014 23.8407,89.80196 23.84083,89.80229 23.84092,89.80233 23.84093,89.80275 23.84104,89.80322 23.84119,89.80361 23.8413,89.80366 23.84132,89.80406 23.84144,89.80433 23.8415,89.80469 23.84162,89.80493 23.8417,89.80514 23.84175,89.80547 23.84183,89.80548 23.84184,89.80567 23.84189,89.80613 23.84201,89.80658 23.84211,89.80695 23.8422,89.807 23.84221,89.80725 23.84227,89.80756 23.84235,89.80795 23.84244,89.80829 23.84251,89.80833 23.84253,89.80857 23.84259,89.80892 23.84268,89.80947 23.84281,89.80976 23.84289,89.80985 23.84291,89.80997 23.84295,89.81017 23.84302,89.8104 23.84313,89.81056 23.84322,89.81066 23.84327,89.81085 23.84337,89.81109 23.84348,89.81137 23.84362,89.81189 23.84386,89.81205 23.84392,89.81216 23.84399,89.81243 23.84409,89.81278 23.84419,89.81292 23.84423,89.81329 23.84434,89.81405 23.84454,89.8141 23.84455,89.81424 23.84459,89.815 23.8448,89.81519 23.84485,89.81538 23.8449,89.81565 23.84497,89.81577 23.84499,89.8158 23.845,89.81617 23.84507,89.81674 23.84517,89.81694 23.8452,89.81713 23.84523,89.81766 23.84531,89.81805 23.84537,89.81823 23.84538,89.81869 23.84546,89.81922 23.84549,89.81949 23.84551,89.82011 23.84553,89.82024 23.84555,89.82056 23.84558,89.82076 23.84559,89.82085 23.8456,89.82108 23.84561,89.82115 23.84561,89.8213 23.84562,89.82154 23.84562,89.82169 23.84563,89.82188 23.84562,89.82189 23.84562,89.82194 23.84561,89.8225 23.84558,89.82309 23.84555,89.82322 23.84554,89.8233 23.84554,89.82369 23.84552,89.82373 23.84552,89.82427 23.84552,89.82444 23.84552,89.82451 23.84552,89.82455 23.84552,89.82485 23.84554,89.82547 23.84557,89.82607 23.8456,89.82675 23.84564,89.8268 23.84566,89.82687 23.84567,89.82712 23.84569,89.82955 23.84589,89.82997 23.84589,89.83065 23.84592,89.83074 23.84589,89.83124 23.84593,89.83131 23.84593,89.83156 23.84595,89.83171 23.84596,89.8319 23.84596,89.83192 23.84597,89.83194 23.84597,89.83208 23.84597,89.83209 23.84597,89.83211 23.84597,89.83231 23.84597,89.83255 23.84598,89.83279 23.84597,89.83307 23.84596,89.83365 23.84592,89.83444 23.84586,89.83472 23.84584,89.83502 23.84582,89.83531 23.8458,89.83562 23.84577,89.83586 23.84574,89.83658 23.84564,89.83686 23.8456,89.83722 23.84556,89.83773 23.8455,89.83797 23.84547,89.8382 23.84547,89.83841 23.84546,89.8386 23.84542,89.83873 23.8454,89.83888 23.8454,89.83913 23.84545,89.83929 23.84549,89.8395 23.8455,89.83979 23.84551,89.83999 23.84551,89.84002 23.84552,89.84035 23.84555,89.84113 23.84563,89.84157 23.84568,89.8418 23.84572,89.84226 23.84578,89.84274 23.84584,89.84316 23.8459,89.84321 23.8459,89.84361 23.84593,89.84392 23.84594,89.84427 23.84599,89.84465 23.84607,89.84543 23.84628,89.84566 23.84634,89.84648 23.84657,89.84664 23.84662,89.84684 23.84668,89.84707 23.84675,89.8475 23.84688,89.84777 23.84696,89.84789 23.84702,89.84793 23.84704,89.84814 23.8471,89.84854 23.84722,89.84927 23.84745,89.84982 23.84764,89.85004 23.84772,89.85124 23.84814,89.85184 23.84834,89.85203 23.84839,89.85218 23.84842,89.85238 23.84843,89.85285 23.84849,89.85345 23.84858,89.85362 23.8486,89.85377 23.84862,89.85382 23.84862,89.85498 23.84876,89.85541 23.84882,89.85572 23.84888,89.85598 23.84894,89.85629 23.849,89.85717 23.84912,89.85779 23.84924,89.85856 23.84938,89.86019 23.84968,89.86041 23.84973,89.86199 23.85004,89.86245 23.85013,89.86284 23.85021,89.86371 23.85039,89.86386 23.85042,89.86394 23.85041,89.86403 23.85039,89.86413 23.8504,89.86421 23.85042,89.86432 23.85045,89.86443 23.85048,89.86455 23.85053,89.86471 23.85058,89.8649 23.85064,89.86509 23.85066,89.86521 23.85067,89.86537 23.85072,89.86546 23.85074,89.86588 23.85084,89.86633 23.85091,89.86689 23.85101,89.8674 23.85111,89.86807 23.85124,89.86841 23.8513,89.86895 23.85137,89.86921 23.85139,89.86987 23.85147,89.87059 23.85153,89.87117 23.85161,89.8714 23.85162,89.87162 23.85164,89.87183 23.85164,89.87208 23.85163,89.87236 23.85159,89.87262 23.85153,89.87287 23.85148,89.87311 23.85141,89.87332 23.85136,89.87396 23.85119,89.87506 23.85093,89.87614 23.85066,89.87623 23.85064,89.87691 23.85047,89.87725 23.85039,89.87748 23.85034,89.87795 23.85021,89.87806 23.85017,89.87811 23.85016,89.87862 23.85001,89.87924 23.84983,89.87963 23.84973,89.8811 23.84934,89.88129 23.84929,89.88145 23.84926,89.88169 23.84922,89.88181 23.84921,89.88217 23.84914,89.88276 23.84905,89.88294 23.84903,89.88317 23.84901,89.88332 23.84899,89.88395 23.84889,89.8843 23.84886,89.88451 23.84883,89.88471 23.84877,89.88476 23.84876,89.88501 23.84872,89.88516 23.8487,89.88553 23.84866,89.88556 23.84866,89.88575 23.84865,89.88595 23.84864,89.88596 23.84864,89.88612 23.84863,89.88627 23.84863,89.88647 23.84864,89.88666 23.84865,89.88704 23.84867,89.88712 23.84868,89.88769 23.84874,89.8877 23.84874,89.88779 23.84875,89.88828 23.84881,89.88886 23.84887,89.88944 23.84896,89.88972 23.849,89.89089 23.84915,89.89179 23.84927,89.89182 23.84929,89.89184 23.8493,89.89186 23.84931,89.89205 23.84934,89.89239 23.8494,89.89287 23.84948,89.89338 23.84959,89.89343 23.84959,89.89349 23.84958,89.89466 23.8498,89.89647 23.85001,89.89752 23.8501,89.89794 23.85013,89.89814 23.85015,89.89855 23.8502,89.89886 23.85025,89.89956 23.85036,89.89983 23.85041,89.90052 23.85056,89.90095 23.85065,89.9016 23.8508,89.90252 23.85096,89.90285 23.85102,89.90305 23.85106,89.90316 23.85108,89.90381 23.85126,89.904 23.8513,89.90438 23.85139,89.90592 23.85171,89.90955 23.8525,89.90966 23.85256,89.90981 23.8526,89.91028 23.85275,89.91051 23.85284,89.91092 23.85299,89.91129 23.85313,89.91157 23.85323,89.91188 23.85334,89.91249 23.85357,89.91297 23.85373,89.91337 23.85387,89.9137 23.85399,89.91409 23.85412,89.91437 23.85421,89.91453 23.85427,89.91478 23.85432,89.91498 23.85439,89.91514 23.85443,89.91559 23.8545,89.91596 23.85455,89.91619 23.85457,89.91716 23.85469,89.91788 23.85477,89.91829 23.85482,89.91858 23.85486,89.91878 23.85488,89.9191 23.85491,89.91956 23.85496,89.91961 23.85496,89.91994 23.85499,89.9203 23.85501,89.92113 23.85502,89.92239 23.855,89.92316 23.85497,89.9232 23.85498,89.92343 23.85498,89.92365 23.85497,89.92379 23.85496,89.92396 23.85494,89.92414 23.8549,89.9243 23.85487,89.92433 23.85486,89.92468 23.85478,89.92497 23.85472,89.92519 23.85467,89.92546 23.85458,89.92558 23.85452,89.92627 23.8542,89.92645 23.85412,89.92715 23.85379,89.92821 23.85331,89.92837 23.85322,89.92867 23.85309,89.92892 23.85298,89.92897 23.85296,89.92913 23.8529,89.92936 23.85284,89.93051 23.85257,89.93141 23.85237,89.93234 23.85216,89.934 23.85176,89.93542 23.85145,89.93618 23.85129,89.93737 23.85103,89.9381 23.85089,89.93823 23.85086,89.93849 23.85082,89.93884 23.85077,89.93928 23.85073,89.93962 23.85073,89.93987 23.85071,89.94004 23.85071,89.94007 23.8507,89.94038 23.85068,89.94056 23.85067,89.94075 23.85063,89.94139 23.85048,89.94149 23.85046,89.94173 23.85041,89.94203 23.85036,89.94232 23.8503,89.94256 23.85023,89.94279 23.85015,89.94298 23.85007,89.94319 23.84996,89.94338 23.84986,89.94353 23.84978,89.9437 23.84969,89.94382 23.84964,89.94399 23.84956,89.94422 23.84948,89.94449 23.84942,89.94475 23.84937,89.94505 23.84932,89.9454 23.84925,89.94551 23.84924,89.94625 23.84916,89.94644 23.84915,89.94648 23.84914,89.94659 23.84913,89.94667 23.84913,89.94668 23.84913,89.94675 23.84912,89.94676 23.84912,89.94713 23.84909,89.94767 23.84904,89.94861 23.84894,89.94866 23.84894,89.94886 23.84892,89.94924 23.84888,89.94929 23.84888,89.94957 23.84885,89.95005 23.84882,89.95042 23.84881,89.95046 23.84881,89.95052 23.84883,89.95093 23.84891,89.95124 23.849,89.95126 23.84901,89.95127 23.84901,89.95144 23.84908,89.95151 23.8491,89.95157 23.84913,89.95158 23.84913,89.95179 23.84923,89.95182 23.84924,89.95187 23.84926,89.95207 23.84936,89.95218 23.84943,89.9523 23.84951,89.95241 23.84959,89.95251 23.84966,89.9526 23.84973,89.95276 23.8499,89.9529 23.85007,89.95308 23.85032,89.95317 23.85043,89.9532 23.85047,89.95323 23.85051,89.95329 23.85063,89.95362 23.8511,89.95388 23.85143,89.95433 23.85202,89.95444 23.85216,89.95451 23.85225,89.9547 23.8525,89.95507 23.85299,89.95532 23.85333,89.95533 23.85335,89.95567 23.85379,89.95578 23.85394,89.9558 23.85397,89.95582 23.854,89.95595 23.85417,89.95625 23.85456,89.95659 23.85501,89.95675 23.85523,89.9568 23.85531,89.95691 23.85546,89.95692 23.85547,89.95694 23.85549,89.95713 23.85577,89.95723 23.85591,89.95735 23.8561,89.95762 23.85654,89.95767 23.85662,89.95772 23.8567,89.95774 23.85672,89.95781 23.85683,89.95783 23.85687,89.9579 23.85699,89.95793 23.85703,89.958 23.85714,89.9581 23.8573,89.95813 23.85734,89.9582 23.85745,89.95822 23.8575,89.95829 23.85761,89.95837 23.85772,89.95842 23.85781,89.95849 23.85792,89.95852 23.85797,89.95862 23.85812,89.95878 23.85839,89.95888 23.85855,89.9589 23.85857,89.95891 23.85859,89.95908 23.85886,89.95911 23.8589,89.95918 23.85901,89.95921 23.85905,89.95941 23.85936,89.95961 23.85967,89.95968 23.85979,89.95971 23.85983,89.95977 23.85992,89.95978 23.85994,89.95981 23.85998,89.95991 23.86014,89.95998 23.86025,89.96007 23.86038,89.96009 23.8604,89.96019 23.86056,89.96028 23.86071,89.96031 23.86076,89.96038 23.86087,89.96041 23.86091,89.96048 23.86102,89.96053 23.86109,89.96059 23.86118,89.96061 23.86122,89.96069 23.86133,89.96072 23.86137,89.96072 23.86138,89.96078 23.86143,89.96088 23.86165,89.96106 23.86196,89.96116 23.86212,89.96132 23.86232,89.96139 23.86245,89.96166 23.86295,89.96174 23.86309,89.96182 23.86325,89.96192 23.86344,89.96202 23.8636,89.96208 23.86371,89.96219 23.86389,89.96224 23.86397,89.96245 23.86434,89.96264 23.86466,89.9627 23.86477,89.96325 23.86572,89.96328 23.86577,89.96355 23.86625,89.96359 23.86632,89.96413 23.86717,89.96433 23.86759,89.96436 23.86764,89.96458 23.86803,89.96495 23.86867,89.96516 23.86904,89.96536 23.86938,89.96546 23.86952,89.9655 23.86964,89.96553 23.86969,89.96557 23.86975,89.96569 23.86992,89.96575 23.86999,89.96579 23.87003,89.96585 23.87009,89.96591 23.87015,89.96598 23.8702,89.96604 23.87024,89.96606 23.87025,89.96621 23.87034,89.96643 23.87043,89.96644 23.87043,89.96662 23.87049,89.96679 23.87055,89.9668 23.87056,89.96708 23.87065,89.96723 23.8707,89.96736 23.87072,89.96866 23.87118,89.96921 23.87132,89.97096 23.87192,89.97106 23.87197,89.97126 23.87204,89.97153 23.87213,89.97184 23.8722,89.97213 23.87223,89.97247 23.87224,89.97272 23.87224,89.97282 23.87224,89.97311 23.87226,89.97322 23.87226,89.97334 23.87227,89.97452 23.87231,89.97472 23.87231,89.97549 23.87234,89.9759 23.87236,89.9761 23.87236,89.97701 23.8724,89.97728 23.87241,89.97826 23.87245,89.97845 23.87245,89.97877 23.87245,89.97987 23.87238,89.98004 23.87235,89.98037 23.8723,89.98173 23.87203,89.98206 23.87198,89.98282 23.87184,89.98319 23.87179,89.98451 23.87154,89.98542 23.87136,89.9863 23.87119,89.98675 23.8711,89.98796 23.87088,89.98905 23.87065,89.98954 23.87056,89.9914 23.87018,89.99174 23.87011,89.99211 23.87002,89.99235 23.86996,89.99279 23.86985,89.99298 23.86983,89.9931 23.86982,89.99314 23.86982,89.99318 23.86982,89.99329 23.86981,89.99332 23.86981,89.99355 23.86983,89.99372 23.86986,89.99405 23.86993,89.99437 23.86998,89.99444 23.86998,89.99488 23.87007,89.99557 23.87018,89.99585 23.87021,89.99622 23.87029,89.99635 23.87037,89.99654 23.87042,89.99795 23.87073,89.99815 23.87077,89.99826 23.8708,89.99869 23.87087,89.99908 23.87093,89.99925 23.87095,89.99938 23.87098,89.99966 23.87102,89.99993 23.87103,89.99997 23.87104,90.00048 23.87112,90.001 23.87119,90.0012 23.87122,90.00173 23.87132,90.00181 23.87133,90.00208 23.87138,90.00266 23.87149,90.00279 23.87151,90.0028 23.87151,90.0032 23.87158,90.00333 23.8716,90.00334 23.8716,90.0034 23.87161,90.00395 23.8717,90.00446 23.8718,90.00526 23.87194,90.00559 23.872,90.00569 23.87202,90.00604 23.87205,90.00644 23.87211,90.00664 23.87215,90.00728 23.87226,90.00744 23.87229,90.00788 23.87237,90.00808 23.87241,90.00851 23.87249,90.00879 23.87254,90.00989 23.87273,90.01039 23.87283,90.01104 23.87293,90.01165 23.87304,90.01174 23.87306,90.01184 23.87308,90.01185 23.87308,90.01194 23.87309,90.01203 23.87311,90.01233 23.87316,90.01258 23.87321,90.01279 23.87325,90.01299 23.87329,90.013 23.87329,90.01308 23.87331,90.01313 23.87333,90.01322 23.87337,90.01331 23.87342,90.01341 23.87348,90.0135 23.87354,90.0136 23.87362,90.01364 23.87365,90.01411 23.87403,90.01458 23.87441,90.01491 23.87473,90.01522 23.87501,90.0153 23.87509,90.01584 23.87557,90.01586 23.87559,90.01626 23.87595,90.01658 23.87622,90.01664 23.87627,90.01706 23.87664,90.0173 23.87686,90.01746 23.87701,90.01765 23.87718,90.01828 23.87774,90.01837 23.87782,90.01891 23.87825,90.01921 23.87848,90.01938 23.87857,90.0198 23.87881,90.01996 23.8789,90.02013 23.879,90.02032 23.87911,90.02041 23.87916,90.02058 23.87926,90.02074 23.87936,90.02078 23.87938,90.02113 23.87958,90.02168 23.87984,90.02198 23.87994,90.02214 23.88,90.02235 23.88006,90.02253 23.8801,90.023 23.88017,90.02322 23.88021,90.02358 23.88026,90.0239 23.88031,90.02397 23.88032,90.02486 23.88044,90.02507 23.88047,90.02526 23.8805,90.02565 23.88056,90.02607 23.88062,90.02623 23.88065,90.02643 23.88068,90.02673 23.88073,90.02681 23.88075,90.02701 23.88078,90.02739 23.88085,90.0274 23.88085,90.02759 23.88088,90.02811 23.88095,90.02817 23.88096,90.02836 23.88099,90.02837 23.88099,90.02874 23.88108,90.02884 23.8811,90.02906 23.88116,90.02921 23.88121,90.02949 23.88129,90.02959 23.88132,90.02985 23.8814,90.02986 23.88141,90.02996 23.88145,90.03003 23.88149,90.03006 23.88151,90.03017 23.88159,90.03029 23.8817,90.03033 23.88174,90.0304 23.88182,90.0305 23.88193,90.03056 23.88202,90.03058 23.88205,90.03067 23.88217,90.03073 23.88227,90.03077 23.88233,90.03083 23.88243,90.03101 23.88276,90.03108 23.88288,90.03109 23.8829,90.03115 23.88295,90.03128 23.88321,90.03153 23.88377,90.03162 23.88396,90.03208 23.88496,90.03213 23.88508,90.03223 23.88533,90.03241 23.88575,90.03263 23.88626,90.03274 23.88651,90.03301 23.88709,90.03304 23.88715,90.03313 23.88736,90.03332 23.8878,90.03337 23.88791,90.03371 23.88873,90.03413 23.88962,90.03415 23.88966,90.03423 23.88984,90.0343 23.89001,90.03436 23.89019,90.03481 23.89119,90.03503 23.89169,90.03527 23.89222,90.03547 23.89267,90.03551 23.89277,90.03555 23.89286,90.03569 23.89317,90.03581 23.89341,90.03592 23.89364,90.03599 23.89383,90.03627 23.89449,90.03655 23.89515,90.03675 23.89564,90.03691 23.89601,90.0372 23.89668,90.03729 23.89688,90.03744 23.89719,90.03752 23.89736,90.03783 23.89799,90.03784 23.89801,90.03791 23.89814,90.03807 23.89851,90.03817 23.89876,90.0382 23.89883,90.03834 23.89918,90.03853 23.89961,90.03876 23.90003,90.03912 23.90068,90.03937 23.90107,90.03947 23.90122,90.03956 23.90135,90.03958 23.90138,90.03965 23.90148,90.03975 23.90162,90.03981 23.90169,90.03997 23.90186,90.04011 23.90199,90.0402 23.90207,90.04084 23.90268,90.04102 23.90285,90.04145 23.90326,90.04245 23.9042,90.04246 23.90422,90.04299 23.90472,90.04302 23.90478,90.04307 23.90485,90.04324 23.90499,90.04347 23.90515,90.04354 23.90521,90.0436 23.90524,90.04379 23.90534,90.04403 23.90545,90.04419 23.90551,90.04421 23.90551,90.0443 23.90553,90.04437 23.90554,90.04445 23.90553,90.0446 23.90557,90.04513 23.90564,90.04518 23.90565,90.04519 23.90565,90.0452 23.90565,90.04521 23.90565,90.04537 23.90568,90.04591 23.90577,90.04632 23.90583,90.04651 23.90585,90.0469 23.90591,90.04731 23.90596,90.04767 23.90601,90.04769 23.90602,90.0477 23.90602,90.04789 23.90604,90.0479 23.90605,90.04828 23.9061,90.04922 23.90624,90.04923 23.90624,90.05022 23.90639,90.05038 23.90641,90.051 23.90649,90.05141 23.90656,90.0515 23.90627,90.05168 23.90576,90.0517 23.90571,90.05172 23.90566)"
1YGGZV1SXwdqiI4-7QaGCdeS1R-kuQrDO,1YGGZV1SXwdqiI4-7QaGCdeS1R-kuQrDO-L69,2026.EIS.000132.kmz,"Directions from Blue Planet Knitwear Limited, Tengra to bhuiya store ভূইয়া স্টোর, Mawna","Directions from Blue Planet Knitwear Limited, Tengra to bhuiya store ভূইয়া স্টোর, Mawna",55,90.4166,24.2307,90.41655,24.22375,"LINESTRING(90.4166 24.2307,90.4166 24.23069,90.41669 24.23032,90.41673 24.23013,90.41664 24.2301,90.41651 24.23007,90.4164 24.23004,90.41634 24.23002,90.41623 24.23,90.41612 24.22997,90.41604 24.22994,90.41573 24.22984,90.41549 24.22975,90.41524 24.22966,90.41517 24.22963,90.41527 24.22936,90.41543 24.22897,90.41548 24.22877,90.41556 24.22843,90.41565 24.22818,90.4159 24.22778,90.41604 24.22782,90.41625 24.22759,90.41628 24.22757,90.4163 24.22753,90.41632 24.22747,90.41631 24.22735,90.41638 24.22725,90.41643 24.22717,90.41648 24.22712,90.41649 24.22709,90.41653 24.22679,90.41645 24.2267,90.41634 24.22657,90.41629 24.22653,90.41623 24.22635,90.41622 24.22632,90.41618 24.2262,90.41616 24.2261,90.41616 24.22607,90.41616 24.22602,90.41617 24.22599,90.4162 24.22584,90.41621 24.22577,90.41634 24.22536,90.41638 24.22518,90.41642 24.22495,90.41647 24.22469,90.41649 24.2246,90.4165 24.2245,90.41651 24.22443,90.41652 24.22433,90.41653 24.22423,90.41654 24.22402,90.41655 24.22375)"
1Z4zJCINJXb8txcYs_J3zgLstsnyiUnNF,1Z4zJCINJXb8txcYs_J3zgLstsnyiUnNF-L70,2026.EIS.000140.kmz,"Directions from B-65/3,Lakuriapara, 1350, Dhamrai 1350 to 23.901720, 90.193149","Directions from B-65/3,Lakuriapara, 1350, Dhamrai 1350 to 23.901720, 90.193149",500,90.21282,23.91496,90.19317,23.90172,"LINESTRING(90.21282 23.91496,90.21275 23.91495,90.21283 23.91536,90.21269 23.91542,90.21266 23.91549,90.21262 23.91549,90.21258 23.91554,90.21247 23.91574,90.21233 23.91597,90.2122 23.91608,90.21216 23.91611,90.21212 23.91613,90.21208 23.91614,90.21205 23.91614,90.212 23.91614,90.21157 23.91608,90.21156 23.91586,90.21156 23.91542,90.21158 23.91519,90.21159 23.91511,90.2116 23.91506,90.2116 23.915,90.2116 23.91486,90.21161 23.91476,90.21163 23.9146,90.21169 23.9143,90.21178 23.91404,90.21181 23.91394,90.2119 23.9136,90.21193 23.91352,90.21201 23.91319,90.21202 23.91315,90.21208 23.91289,90.2121 23.91279,90.21215 23.9126,90.21218 23.91249,90.21222 23.91215,90.21224 23.91184,90.21224 23.91165,90.21224 23.91157,90.21223 23.91136,90.21221 23.9112,90.21218 23.91103,90.21216 23.91097,90.21211 23.91073,90.21207 23.91054,90.21207 23.91053,90.21205 23.91031,90.21202 23.91007,90.212 23.90985,90.21199 23.90956,90.21199 23.90931,90.21199 23.90915,90.212 23.90909,90.212 23.90905,90.21201 23.90892,90.21203 23.90879,90.21206 23.90862,90.21216 23.90816,90.21219 23.90804,90.2122 23.90797,90.2126 23.908,90.21262 23.908,90.21274 23.908,90.21306 23.90802,90.21356 23.90805,90.21373 23.90806,90.21415 23.90807,90.21424 23.90807,90.21459 23.90808,90.21475 23.90808,90.21508 23.90809,90.21528 23.90809,90.21565 23.90809,90.21572 23.90809,90.2164 23.90811,90.21703 23.90812,90.21714 23.90812,90.21718 23.90812,90.21779 23.90813,90.21858 23.90816,90.21863 23.90816,90.21877 23.90816,90.21897 23.90816,90.21911 23.90817,90.2193 23.90818,90.21974 23.90821,90.21975 23.90821,90.21995 23.90822,90.21995 23.90823,90.2209 23.90833,90.22111 23.90835,90.22146 23.9084,90.22157 23.90842,90.2216 23.90843,90.22186 23.90849,90.22229 23.90859,90.22253 23.90865,90.22256 23.90865,90.22291 23.90873,90.2231 23.90877,90.2232 23.90879,90.22351 23.90884,90.22381 23.9089,90.22387 23.90892,90.22401 23.90895,90.22406 23.90897,90.22445 23.90911,90.22492 23.90932,90.22567 23.90971,90.22569 23.90972,90.22616 23.90995,90.22684 23.91031,90.22702 23.9104,90.22729 23.91053,90.2274 23.91056,90.22748 23.91058,90.22765 23.91063,90.22811 23.91075,90.22878 23.91092,90.22904 23.911,90.23008 23.91128,90.23051 23.91141,90.23073 23.91147,90.23083 23.9115,90.23226 23.9119,90.23248 23.91196,90.23255 23.91198,90.23265 23.91201,90.23297 23.91213,90.23318 23.91224,90.23339 23.91236,90.23396 23.91277,90.23429 23.91303,90.2343 23.91304,90.23443 23.91318,90.23457 23.91333,90.23462 23.91339,90.23493 23.91379,90.23509 23.91403,90.23566 23.91488,90.23575 23.91502,90.23576 23.91504,90.23581 23.91513,90.23582 23.91514,90.23588 23.91524,90.23598 23.91537,90.23608 23.91551,90.23609 23.91555,90.23611 23.91557,90.23611 23.91559,90.23624 23.91581,90.23635 23.91594,90.23642 23.91603,90.23644 23.91605,90.23653 23.91615,90.23666 23.91629,90.23678 23.91644,90.23705 23.91665,90.2373 23.91676,90.23743 23.9168,90.23755 23.9168,90.23772 23.91687,90.23786 23.91692,90.23795 23.91695,90.23814 23.91701,90.23832 23.91705,90.23845 23.91707,90.23864 23.9171,90.23919 23.91718,90.23945 23.91721,90.24068 23.91736,90.24073 23.91737,90.24115 23.91742,90.24157 23.91748,90.24194 23.91752,90.24283 23.91765,90.24315 23.91769,90.24329 23.91771,90.2433 23.91769,90.24331 23.91768,90.24331 23.91766,90.24331 23.91763,90.24331 23.91761,90.2433 23.91759,90.24329 23.91757,90.24327 23.91755,90.24325 23.91753,90.24319 23.9175,90.24316 23.91748,90.24251 23.91748,90.24198 23.91744,90.24159 23.91739,90.23946 23.91712,90.23921 23.91709,90.23867 23.91702,90.23847 23.91699,90.23831 23.91695,90.23814 23.91691,90.23793 23.91684,90.23775 23.91677,90.23762 23.91671,90.23752 23.91667,90.23737 23.91661,90.23725 23.91654,90.23717 23.9165,90.23704 23.91643,90.23686 23.91626,90.23666 23.91604,90.2366 23.91596,90.23656 23.91591,90.23655 23.9159,90.23635 23.91566,90.23634 23.91564,90.23626 23.91554,90.23617 23.91542,90.23601 23.91521,90.23579 23.91492,90.23569 23.91477,90.23562 23.91468,90.23531 23.91418,90.23517 23.91398,90.23502 23.91377,90.23484 23.91353,90.23467 23.91332,90.23465 23.91331,90.23441 23.91302,90.23426 23.91287,90.234 23.91267,90.23377 23.91248,90.23359 23.91236,90.2335 23.9123,90.2332 23.91212,90.23293 23.912,90.23274 23.91194,90.23255 23.91188,90.23228 23.91182,90.23221 23.91179,90.23188 23.9117,90.23158 23.91162,90.23127 23.91151,90.23115 23.91147,90.23088 23.91138,90.23046 23.91127,90.23031 23.91123,90.23019 23.9112,90.23005 23.91116,90.22993 23.91113,90.22991 23.91113,90.22983 23.9111,90.22974 23.91108,90.22949 23.91101,90.22937 23.91097,90.22933 23.91096,90.22905 23.91088,90.22863 23.91076,90.22806 23.91059,90.2279 23.91054,90.22788 23.91053,90.22775 23.91049,90.22771 23.91048,90.22756 23.91043,90.22747 23.9104,90.22737 23.91037,90.2273 23.91035,90.22727 23.91034,90.22714 23.91029,90.22707 23.91026,90.22696 23.91022,90.22678 23.91014,90.2266 23.91006,90.22654 23.91003,90.22623 23.90988,90.22606 23.90979,90.22603 23.90978,90.22598 23.90975,90.2259 23.90972,90.22585 23.9097,90.22583 23.90969,90.22577 23.90965,90.2249 23.90922,90.22452 23.90904,90.22393 23.90884,90.22382 23.90881,90.2237 23.90878,90.22361 23.90877,90.22336 23.90873,90.22318 23.9087,90.22307 23.90868,90.22305 23.90868,90.22302 23.90868,90.22302 23.90867,90.22297 23.90867,90.22284 23.90864,90.2227 23.90861,90.22256 23.90858,90.22198 23.90844,90.22171 23.90837,90.2213 23.9083,90.2209 23.90824,90.2205 23.9082,90.22023 23.90817,90.21996 23.90816,90.21978 23.90814,90.21974 23.90814,90.21941 23.9081,90.21914 23.90809,90.21864 23.90807,90.21782 23.90805,90.21746 23.90805,90.21718 23.90804,90.21699 23.90804,90.2164 23.90803,90.21593 23.90801,90.21554 23.90801,90.21526 23.908,90.21508 23.90801,90.21489 23.90801,90.21481 23.90801,90.21465 23.908,90.21458 23.908,90.21456 23.908,90.21449 23.908,90.21424 23.908,90.21398 23.90799,90.21374 23.90798,90.21337 23.90797,90.21299 23.90795,90.21276 23.90792,90.21268 23.90792,90.21237 23.9079,90.21222 23.90789,90.21212 23.90789,90.21166 23.90786,90.21159 23.90786,90.21124 23.90784,90.21118 23.90783,90.21114 23.90783,90.21104 23.90783,90.21055 23.90782,90.21035 23.90782,90.20993 23.90783,90.2098 23.90784,90.20971 23.90784,90.20962 23.90784,90.20937 23.90785,90.20914 23.90785,90.20894 23.90785,90.20881 23.90785,90.20872 23.90784,90.20868 23.90784,90.20866 23.90784,90.20843 23.90783,90.20828 23.90781,90.20825 23.90781,90.2077 23.90775,90.20741 23.9077,90.20695 23.90763,90.20679 23.9076,90.2067 23.90759,90.20657 23.90757,90.20636 23.90755,90.20612 23.90753,90.20573 23.9075,90.20543 23.90748,90.2054 23.90747,90.20528 23.90747,90.20508 23.90745,90.20465 23.90744,90.20453 23.90742,90.20442 23.90739,90.2043 23.90738,90.20418 23.90738,90.20374 23.90739,90.20344 23.90739,90.20311 23.90741,90.2028 23.90746,90.20259 23.90749,90.20233 23.9076,90.202 23.9077,90.20159 23.90784,90.20146 23.90789,90.2014 23.90791,90.20053 23.90823,90.20009 23.90841,90.19977 23.90854,90.1995 23.90866,90.19906 23.90884,90.19888 23.90891,90.19856 23.90903,90.19828 23.90912,90.19798 23.9092,90.19782 23.90923,90.19755 23.90929,90.19702 23.9094,90.19648 23.9095,90.19645 23.90951,90.19626 23.90955,90.19617 23.90956,90.19606 23.90958,90.19568 23.90966,90.19537 23.90973,90.19497 23.90981,90.19434 23.90994,90.19382 23.91004,90.19376 23.91005,90.19367 23.91007,90.19308 23.91019,90.19299 23.91021,90.1925 23.91031,90.19206 23.91039,90.19192 23.91042,90.19186 23.91043,90.19173 23.91046,90.19148 23.91051,90.19093 23.91063,90.1909 23.91051,90.19086 23.91036,90.19083 23.91017,90.19083 23.9101,90.19083 23.91003,90.19084 23.91,90.19085 23.90993,90.19086 23.90992,90.19089 23.90981,90.19093 23.90969,90.19101 23.90956,90.19105 23.9095,90.1911 23.90943,90.19121 23.90928,90.19124 23.90924,90.19161 23.90878,90.19168 23.9087,90.19179 23.90855,90.19189 23.9084,90.1919 23.9084,90.1922 23.90801,90.19221 23.90798,90.19232 23.9078,90.19234 23.90775,90.19236 23.90767,90.19236 23.90764,90.19236 23.90762,90.19233 23.90737,90.19232 23.9073,90.19231 23.90725,90.19231 23.90717,90.19231 23.9071,90.19232 23.90701,90.19236 23.90686,90.19237 23.90684,90.19244 23.90662,90.19264 23.90621,90.19282 23.90589,90.19287 23.90586,90.19301 23.90582,90.1931 23.90582,90.19313 23.90582,90.19316 23.90581,90.19319 23.9058,90.1932 23.9058,90.19321 23.90579,90.19321 23.90578,90.19321 23.90577,90.1932 23.90569,90.19323 23.90542,90.19325 23.90527,90.19332 23.90485,90.19338 23.90449,90.19343 23.90426,90.19345 23.90422,90.19347 23.90416,90.19348 23.90414,90.1935 23.90413,90.19353 23.90411,90.19354 23.90409,90.19356 23.90407,90.19358 23.904,90.19359 23.90398,90.19359 23.90396,90.19358 23.90379,90.19356 23.90344,90.19356 23.90332,90.19349 23.90305,90.19341 23.90279,90.19333 23.90259,90.19328 23.90246,90.19327 23.90235,90.1933 23.90219,90.19331 23.90216,90.19331 23.9021,90.19331 23.90207,90.1933 23.90205,90.19328 23.90202,90.19322 23.90194,90.19319 23.90188,90.19317 23.90184,90.19317 23.90179,90.19317 23.90174,90.19317 23.90172)"
1aCGQAuPKMLjws8DEbBjkhVp1G-FVRj_5,1aCGQAuPKMLjws8DEbBjkhVp1G-FVRj_5-L71,2025.EIS.000061.kmz,"Directions from Colotex Apparel Limited- কলোটেক্স এ্যাপারেল লিমিটেড, Gazipur to Telipara, Gazipur","Directions from Colotex Apparel Limited- কলোটেক্স এ্যাপারেল লিমিটেড, Gazipur to Telipara, Gazipur",667,90.38451,24.0183,90.38542,23.99632,"LINESTRING(90.38451 24.0183,90.38456 24.01879,90.38458 24.01895,90.38472 24.02033,90.38476 24.02086,90.3848 24.0214,90.38484 24.02171,90.38485 24.02188,90.3849 24.0223,90.38495 24.02283,90.38499 24.02321,90.38505 24.02376,90.38514 24.02473,90.38516 24.02491,90.38516 24.025,90.3852 24.02545,90.38525 24.02589,90.38528 24.02608,90.38532 24.02633,90.38536 24.02653,90.38538 24.02665,90.38542 24.02687,90.38545 24.02698,90.38545 24.02701,90.38547 24.02709,90.3855 24.0272,90.38553 24.02732,90.3856 24.02752,90.38567 24.0277,90.38567 24.02771,90.38574 24.02787,90.38581 24.02804,90.38588 24.02821,90.38609 24.02871,90.38616 24.02888,90.38622 24.02902,90.38628 24.02917,90.38661 24.03,90.38671 24.03025,90.38683 24.03053,90.38698 24.03089,90.38699 24.03092,90.38718 24.03142,90.38727 24.03169,90.38736 24.03199,90.38739 24.03211,90.38743 24.03225,90.38747 24.03238,90.3875 24.0325,90.38753 24.03263,90.3876 24.03304,90.38766 24.03348,90.38769 24.03363,90.38769 24.03364,90.3877 24.03373,90.38771 24.03381,90.38772 24.03382,90.38779 24.03434,90.38781 24.0345,90.3879 24.03508,90.38794 24.03541,90.38807 24.03629,90.38808 24.03642,90.38824 24.03767,90.38826 24.03776,90.38833 24.03837,90.3884 24.03887,90.38863 24.0405,90.38867 24.04076,90.38871 24.04103,90.38893 24.04254,90.389 24.043,90.38905 24.04335,90.3891 24.04365,90.38926 24.04468,90.3893 24.04496,90.38932 24.04509,90.38933 24.04529,90.38934 24.04541,90.38934 24.04554,90.38934 24.04567,90.38933 24.0457,90.38933 24.04584,90.38933 24.04585,90.38932 24.046,90.38931 24.04603,90.3893 24.04616,90.38925 24.04644,90.38917 24.04677,90.38909 24.04709,90.389 24.04748,90.38891 24.04797,90.38888 24.04812,90.38877 24.04876,90.38867 24.0494,90.38866 24.0495,90.38856 24.05011,90.38838 24.05119,90.3883 24.05175,90.38823 24.0523,90.38817 24.0532,90.38829 24.05318,90.38836 24.05237,90.38838 24.05213,90.38839 24.05202,90.3884 24.05188,90.38846 24.05153,90.3886 24.05068,90.38861 24.0506,90.38868 24.05018,90.38881 24.04929,90.38886 24.04894,90.38891 24.04863,90.38903 24.04793,90.38921 24.04704,90.38938 24.04634,90.3894 24.04623,90.38942 24.04612,90.38945 24.04587,90.38946 24.04562,90.38945 24.04534,90.38944 24.04506,90.38943 24.04492,90.3894 24.04476,90.38936 24.0445,90.38924 24.04371,90.38919 24.04334,90.38914 24.04298,90.38893 24.04155,90.3889 24.04138,90.38875 24.04041,90.38867 24.03991,90.38863 24.0397,90.38852 24.03882,90.38852 24.03881,90.38845 24.03827,90.38839 24.03777,90.38831 24.03723,90.38822 24.03652,90.38807 24.03546,90.38804 24.0352,90.38798 24.0348,90.38796 24.0347,90.38793 24.03447,90.38788 24.03408,90.38784 24.03381,90.38782 24.03365,90.38773 24.03304,90.3877 24.03283,90.38766 24.03263,90.38761 24.03244,90.38756 24.03226,90.3875 24.03209,90.38747 24.03197,90.38706 24.0309,90.38705 24.03088,90.38672 24.03004,90.38654 24.02961,90.38635 24.02915,90.3863 24.02903,90.38625 24.02891,90.38622 24.02885,90.38616 24.02868,90.38611 24.02856,90.38597 24.02822,90.38595 24.02818,90.38574 24.02767,90.38574 24.02766,90.3857 24.02755,90.38566 24.02745,90.38559 24.02722,90.38558 24.02718,90.38556 24.02709,90.38554 24.027,90.38551 24.02685,90.38547 24.02652,90.38536 24.02567,90.38532 24.02536,90.38516 24.0236,90.3851 24.02309,90.38504 24.02253,90.38494 24.02142,90.38492 24.02127,90.38492 24.02117,90.38486 24.0206,90.38485 24.02047,90.38483 24.02028,90.3848 24.01995,90.38467 24.01867,90.38461 24.01799,90.38441 24.01595,90.38433 24.01541,90.38426 24.0146,90.38422 24.01418,90.38403 24.01228,90.38398 24.01172,90.38397 24.01158,90.38391 24.01099,90.38388 24.01072,90.38388 24.01067,90.3838 24.00991,90.3837 24.00879,90.38367 24.00853,90.38367 24.00846,90.38361 24.00793,90.38358 24.00762,90.38356 24.00736,90.38352 24.00694,90.38349 24.00662,90.3834 24.00563,90.38338 24.0055,90.38336 24.00532,90.38326 24.00417,90.38317 24.00327,90.38309 24.00254,90.38306 24.0022,90.38293 24.00076,90.38282 23.99962,90.38281 23.99954,90.3828 23.99929,90.3828 23.99911,90.38279 23.99884,90.3828 23.99806,90.38279 23.99798,90.38277 23.99781,90.38275 23.99764,90.38271 23.99725,90.38269 23.99708,90.38264 23.99661,90.38263 23.99654,90.38257 23.99587,90.38257 23.99553,90.38255 23.99518,90.38253 23.99493,90.38249 23.99463,90.38246 23.99434,90.38242 23.99386,90.38237 23.9934,90.38233 23.99268,90.38227 23.99177,90.38221 23.99108,90.38218 23.99064,90.38213 23.99028,90.38209 23.99009,90.38207 23.98993,90.38202 23.98963,90.382 23.98948,90.38194 23.98927,90.38194 23.98912,90.38193 23.98871,90.38192 23.98855,90.3819 23.98824,90.38185 23.98774,90.38175 23.98682,90.38174 23.98674,90.38172 23.98656,90.38166 23.98591,90.38165 23.98585,90.38154 23.98473,90.38149 23.98422,90.38147 23.98406,90.38143 23.98388,90.38143 23.98377,90.38134 23.98316,90.38125 23.98255,90.3812 23.98193,90.38112 23.9812,90.38108 23.98086,90.38108 23.98084,90.38105 23.98047,90.38101 23.9801,90.38093 23.97929,90.38091 23.979,90.38089 23.97881,90.38089 23.97863,90.38086 23.97823,90.3808 23.97755,90.38078 23.9774,90.38072 23.9774,90.38052 23.97741,90.38056 23.97755,90.38063 23.97832,90.38068 23.97869,90.38076 23.97963,90.38079 23.97991,90.38084 23.98036,90.38087 23.98064,90.38092 23.98099,90.38097 23.98151,90.38097 23.98153,90.38102 23.98197,90.38107 23.98247,90.38107 23.98251,90.38109 23.98269,90.38109 23.9827,90.38111 23.98287,90.38116 23.98319,90.38116 23.98322,90.3812 23.98353,90.38121 23.98364,90.38125 23.98379,90.38126 23.98395,90.38127 23.98405,90.38127 23.98408,90.38126 23.98423,90.38133 23.98491,90.38137 23.98533,90.38137 23.98534,90.38139 23.98551,90.38144 23.98587,90.38152 23.98677,90.38154 23.98694,90.38158 23.9873,90.38161 23.98762,90.38166 23.9882,90.38167 23.98829,90.38168 23.98879,90.38169 23.98884,90.3817 23.98902,90.38173 23.98921,90.38174 23.9894,90.38175 23.98947,90.38175 23.98964,90.38176 23.98969,90.38182 23.98989,90.38183 23.98994,90.38185 23.99001,90.38188 23.99017,90.3819 23.99029,90.38192 23.99038,90.38198 23.99106,90.38202 23.9916,90.38208 23.99225,90.38213 23.99285,90.38221 23.99356,90.3823 23.99438,90.38234 23.99492,90.38234 23.995,90.38239 23.99565,90.38245 23.99611,90.3825 23.99645,90.38264 23.99767,90.38264 23.9977,90.38265 23.9977,90.38265 23.99773,90.38266 23.99781,90.38266 23.99784,90.38266 23.99788,90.38266 23.99791,90.38267 23.99799,90.38267 23.99801,90.38268 23.9982,90.38268 23.99843,90.38267 23.9986,90.38267 23.99875,90.38266 23.99883,90.38266 23.99902,90.38267 23.99944,90.38268 23.99967,90.38269 23.99977,90.38273 24.00021,90.38278 24.00066,90.38278 24.00068,90.38285 24.00137,90.38296 24.00246,90.38297 24.00253,90.38313 24.00424,90.3832 24.00493,90.38325 24.00549,90.38327 24.00571,90.38336 24.00661,90.38347 24.00779,90.38349 24.00797,90.38355 24.00851,90.38367 24.00987,90.38368 24.00992,90.38376 24.01078,90.38386 24.01173,90.38392 24.01224,90.38404 24.01351,90.38408 24.01406,90.38415 24.01472,90.3842 24.01523,90.38426 24.01584,90.38448 24.01796,90.38449 24.01808,90.38456 24.01879,90.38458 24.01895,90.38472 24.02033,90.38476 24.02086,90.3848 24.0214,90.38484 24.02171,90.38485 24.02188,90.3849 24.0223,90.38495 24.02283,90.38499 24.02321,90.38505 24.02376,90.38514 24.02473,90.38516 24.02491,90.38516 24.025,90.3852 24.02545,90.38525 24.02589,90.38528 24.02608,90.38532 24.02633,90.38536 24.02653,90.38538 24.02665,90.38542 24.02687,90.38545 24.02698,90.38545 24.02701,90.38547 24.02709,90.3855 24.0272,90.38553 24.02732,90.3856 24.02752,90.38567 24.0277,90.38567 24.02771,90.38574 24.02787,90.38581 24.02804,90.38588 24.02821,90.38609 24.02871,90.38616 24.02888,90.38622 24.02902,90.38628 24.02917,90.38661 24.03,90.38671 24.03025,90.38683 24.03053,90.38698 24.03089,90.38699 24.03092,90.38718 24.03142,90.38727 24.03169,90.38736 24.03199,90.38739 24.03211,90.38743 24.03225,90.38747 24.03238,90.3875 24.0325,90.38753 24.03263,90.3876 24.03304,90.38766 24.03348,90.38769 24.03363,90.38769 24.03364,90.3877 24.03373,90.38771 24.03381,90.38772 24.03382,90.38779 24.03434,90.38781 24.0345,90.3879 24.03508,90.38794 24.03541,90.38807 24.03629,90.38808 24.03642,90.38824 24.03767,90.38826 24.03776,90.38833 24.03837,90.3884 24.03887,90.38863 24.0405,90.38867 24.04076,90.38871 24.04103,90.38893 24.04254,90.389 24.043,90.38905 24.04335,90.3891 24.04365,90.38926 24.04468,90.3893 24.04496,90.38932 24.04509,90.38933 24.04529,90.38934 24.04541,90.38934 24.04554,90.38934 24.04567,90.38933 24.0457,90.38933 24.04584,90.38933 24.04585,90.38932 24.046,90.38931 24.04603,90.3893 24.04616,90.38925 24.04644,90.38917 24.04677,90.38909 24.04709,90.389 24.04748,90.38891 24.04797,90.38888 24.04812,90.38877 24.04876,90.38867 24.0494,90.38866 24.0495,90.38856 24.05011,90.38838 24.05119,90.3883 24.05175,90.38823 24.0523,90.38817 24.0532,90.38829 24.05318,90.38836 24.05237,90.38838 24.05213,90.38839 24.05202,90.3884 24.05188,90.38846 24.05153,90.3886 24.05068,90.38861 24.0506,90.38868 24.05018,90.38881 24.04929,90.38886 24.04894,90.38891 24.04863,90.38903 24.04793,90.38921 24.04704,90.38938 24.04634,90.3894 24.04623,90.38942 24.04612,90.38945 24.04587,90.38946 24.04562,90.38945 24.04534,90.38944 24.04506,90.38943 24.04492,90.3894 24.04476,90.38936 24.0445,90.38924 24.04371,90.38919 24.04334,90.38914 24.04298,90.38893 24.04155,90.3889 24.04138,90.38875 24.04041,90.38867 24.03991,90.38863 24.0397,90.38852 24.03882,90.38852 24.03881,90.38845 24.03827,90.38839 24.03777,90.38831 24.03723,90.38822 24.03652,90.38807 24.03546,90.38804 24.0352,90.38798 24.0348,90.38796 24.0347,90.38793 24.03447,90.38788 24.03408,90.38784 24.03381,90.38782 24.03365,90.38773 24.03304,90.3877 24.03283,90.38766 24.03263,90.38761 24.03244,90.38756 24.03226,90.3875 24.03209,90.38747 24.03197,90.38706 24.0309,90.38705 24.03088,90.38672 24.03004,90.38654 24.02961,90.38635 24.02915,90.3863 24.02903,90.38625 24.02891,90.38622 24.02885,90.38616 24.02868,90.38611 24.02856,90.38597 24.02822,90.38595 24.02818,90.38574 24.02767,90.38574 24.02766,90.3857 24.02755,90.38566 24.02745,90.38559 24.02722,90.38558 24.02718,90.38556 24.02709,90.38554 24.027,90.38551 24.02685,90.38547 24.02652,90.38536 24.02567,90.38532 24.02536,90.38516 24.0236,90.3851 24.02309,90.38504 24.02253,90.38494 24.02142,90.38492 24.02127,90.38492 24.02117,90.38486 24.0206,90.38485 24.02047,90.38483 24.02028,90.3848 24.01995,90.38467 24.01867,90.38461 24.01799,90.38441 24.01595,90.38433 24.01541,90.38426 24.0146,90.38422 24.01418,90.38403 24.01228,90.38398 24.01172,90.38397 24.01158,90.38391 24.01099,90.38388 24.01072,90.38388 24.01067,90.3838 24.00991,90.3837 24.00879,90.38367 24.00853,90.38367 24.00846,90.38361 24.00793,90.38358 24.00762,90.38356 24.00736,90.38352 24.00694,90.38349 24.00662,90.3834 24.00563,90.38338 24.0055,90.38336 24.00532,90.38326 24.00417,90.38317 24.00327,90.38309 24.00254,90.38306 24.0022,90.38293 24.00076,90.38282 23.99962,90.38281 23.99954,90.3828 23.99929,90.3828 23.99911,90.38279 23.99884,90.3828 23.99806,90.38279 23.99798,90.38277 23.99781,90.38275 23.99764,90.38271 23.99725,90.38269 23.99708,90.38264 23.99661,90.38263 23.99654,90.38257 23.99587,90.38257 23.99553,90.38255 23.99518,90.38268 23.99518,90.3828 23.99519,90.38287 23.9952,90.38311 23.99525,90.38315 23.99527,90.38326 23.99531,90.38333 23.99535,90.3834 23.99537,90.38346 23.99539,90.38355 23.99542,90.38361 23.99543,90.38365 23.99544,90.38369 23.99546,90.3837 23.99546,90.38373 23.99547,90.38379 23.99551,90.38381 23.99553,90.38382 23.99554,90.38382 23.99555,90.38382 23.99556,90.38381 23.99558,90.38378 23.99568,90.38378 23.9957,90.38378 23.99572,90.38378 23.99573,90.38379 23.99576,90.3839 23.9959,90.38407 23.9961,90.38408 23.99612,90.38409 23.99613,90.3841 23.99613,90.38411 23.99614,90.38412 23.99614,90.38415 23.99615,90.38425 23.99614,90.38436 23.99613,90.38444 23.99611,90.38452 23.99609,90.3846 23.99607,90.38465 23.99605,90.38469 23.99604,90.38476 23.9961,90.38482 23.99617,90.38483 23.99619,90.3849 23.99623,90.38501 23.99624,90.38524 23.99628,90.38536 23.9963,90.38542 23.99632)"
1arQJKkJbM3U5rOEwbBPZ7FK_q69oE1uo,1arQJKkJbM3U5rOEwbBPZ7FK_q69oE1uo-L72,2026.EIS.000156.kmz,"Directions from Seedstore Bazar, Dhaka - Mymensingh Road, ঢাকা to Sultana Sweaters Limited (Labib Group)","Directions from Seedstore Bazar, Dhaka - Mymensingh Road, ঢাকা to Sultana Sweaters Limited (Labib Group)",37,90.37699,24.33198,90.37385,24.35159,"LINESTRING(90.37699 24.33198,90.37631 24.33393,90.37602 24.33476,90.37579 24.33542,90.37547 24.33632,90.37541 24.3365,90.37535 24.33667,90.37511 24.33735,90.37457 24.3389,90.3744 24.33938,90.37429 24.33972,90.37426 24.3398,90.37422 24.3398,90.37426 24.3398,90.37422 24.33991,90.37408 24.34037,90.37397 24.3408,90.37388 24.34121,90.37383 24.34161,90.37382 24.34186,90.37382 24.34205,90.37382 24.34208,90.37382 24.34226,90.37382 24.34251,90.37383 24.34273,90.37384 24.34304,90.37389 24.34348,90.37398 24.34423,90.37401 24.34456,90.37411 24.34563,90.37415 24.34612,90.37423 24.34702,90.37434 24.34827,90.37447 24.34971,90.37463 24.3515,90.37434 24.35155,90.37385 24.35159)"
1boVZ3nc1NEqxQAODMQTptYe7gvshW3P2,1boVZ3nc1NEqxQAODMQTptYe7gvshW3P2-L73,2025.EIS.000114.kmz,"Directions from JHXP+V44, Sonargaon, Bangladesh to JHXQ+2QP, Sonargaon, Bangladesh","Directions from JHXP+V44, Sonargaon, Bangladesh to JHXQ+2QP, Sonargaon, Bangladesh",26,90.58508,23.6495,90.58973,23.64749,"LINESTRING(90.58508 23.6495,90.58554 23.64922,90.58559 23.64919,90.5858 23.64906,90.58652 23.64862,90.58678 23.64846,90.58716 23.64823,90.58729 23.64814,90.58746 23.64804,90.58762 23.64794,90.58767 23.64791,90.58791 23.64777,90.58797 23.64772,90.58802 23.64769,90.58823 23.64754,90.58835 23.64744,90.58845 23.64735,90.58851 23.64729,90.58859 23.64722,90.5888 23.64727,90.58926 23.64741,90.58938 23.64745,90.58954 23.64752,90.58955 23.64753,90.58967 23.64759,90.58973 23.64749)"
1eeaapX4S0W2eq_p9qhfFthhDnTamnxX0,1eeaapX4S0W2eq_p9qhfFthhDnTamnxX0-L74,2026.EIS.000126.kmz,Directions from Delowar Company Jame Masjid to Chattogram Asian Apparels Ltd,Directions from Delowar Company Jame Masjid to Chattogram Asian Apparels Ltd,142,91.82727,22.39373,91.81252,22.38331,"LINESTRING(91.82727 22.39373,91.82728 22.39355,91.82721 22.39354,91.82712 22.39353,91.82703 22.39354,91.82696 22.39354,91.82677 22.39355,91.82628 22.39355,91.8261 22.39354,91.82609 22.39353,91.82609 22.39352,91.82609 22.3935,91.82609 22.39349,91.82608 22.39347,91.82609 22.39345,91.82612 22.39316,91.82603 22.39316,91.82577 22.39316,91.8257 22.39316,91.82566 22.39315,91.82564 22.39313,91.82558 22.3931,91.82541 22.39299,91.82531 22.39297,91.82519 22.39295,91.82507 22.39295,91.82493 22.39294,91.82463 22.39291,91.82377 22.39282,91.82354 22.3928,91.82336 22.39278,91.82318 22.39276,91.8231 22.39274,91.82305 22.39272,91.82287 22.39266,91.8228 22.3926,91.82278 22.39262,91.82265 22.39272,91.82241 22.39288,91.82212 22.39307,91.82201 22.39316,91.82194 22.3932,91.82189 22.39323,91.82174 22.39333,91.8216 22.39342,91.82159 22.39342,91.82159 22.39341,91.82158 22.39341,91.82157 22.39341,91.82157 22.3934,91.82156 22.3934,91.82155 22.3934,91.82154 22.3934,91.82153 22.3934,91.82152 22.3934,91.82151 22.3934,91.8215 22.3934,91.82149 22.3934,91.82133 22.39334,91.82125 22.39332,91.82099 22.39327,91.82073 22.39323,91.82057 22.39321,91.8202 22.39316,91.82016 22.39315,91.82009 22.39314,91.82002 22.39312,91.81972 22.39309,91.81958 22.39307,91.81939 22.39304,91.81919 22.39301,91.81905 22.39299,91.819 22.39298,91.81881 22.39295,91.81862 22.39292,91.81843 22.39289,91.8184 22.39288,91.8182 22.39286,91.81801 22.39284,91.81771 22.39281,91.81748 22.3928,91.81734 22.39279,91.81725 22.39279,91.81666 22.39277,91.81624 22.39277,91.81622 22.39277,91.81564 22.39275,91.81563 22.39275,91.81505 22.39274,91.81477 22.39273,91.81452 22.39272,91.814 22.39271,91.81257 22.39269,91.81252 22.39269,91.81247 22.39269,91.81242 22.39268,91.81237 22.39266,91.81234 22.39265,91.81228 22.39261,91.81222 22.39257,91.81214 22.3925,91.81194 22.39226,91.8118 22.39205,91.81177 22.392,91.81113 22.39096,91.81093 22.39061,91.81087 22.39051,91.81081 22.39039,91.81075 22.39028,91.8107 22.39017,91.81068 22.39009,91.81067 22.39,91.81066 22.38993,91.81065 22.38976,91.81065 22.38966,91.81066 22.3894,91.81066 22.38918,91.81069 22.38869,91.81072 22.38814,91.81074 22.38787,91.81074 22.3875,91.81077 22.38706,91.81078 22.38692,91.81078 22.38691,91.81078 22.3869,91.81079 22.3869,91.81079 22.38689,91.81098 22.3869,91.81157 22.38694,91.81219 22.38698,91.81228 22.38699,91.81231 22.38681,91.81234 22.3864,91.81235 22.38579,91.81238 22.38542,91.81241 22.38466,91.81243 22.38432,91.81243 22.38426,91.81245 22.38402,91.81248 22.38368,91.81251 22.38339,91.81252 22.38331)"
1glCWjUkunb53ol4WZeo9BNhP_qehaVfg,1glCWjUkunb53ol4WZeo9BNhP_qehaVfg-L75,2025.EIS.000066.kmz,"Directions from 5C4H+FPH, Mahona Bhabanipur, Bangladesh to 5C5J+3H4, Bangladesh","Directions from 5C4H+FPH, Mahona Bhabanipur, Bangladesh to 5C5J+3H4, Bangladesh",80,90.42901,24.15639,90.43127,24.15712,"LINESTRING(90.42901 24.15639,90.42861 24.15645,90.42865 24.15658,90.42873 24.15683,90.42878 24.15693,90.42881 24.15699,90.42888 24.15713,90.42888 24.15714,90.42895 24.15729,90.42899 24.15739,90.42909 24.15758,90.42915 24.15771,90.4292 24.15784,90.42923 24.1579,90.42925 24.15796,90.42925 24.15797,90.42927 24.15809,90.4293 24.15826,90.42931 24.15834,90.42933 24.15843,90.42935 24.15852,90.42938 24.15861,90.42941 24.15867,90.42944 24.15876,90.42947 24.15883,90.42948 24.15892,90.42949 24.15901,90.4286 24.15904,90.42858 24.15904,90.42852 24.15895,90.42845 24.15893,90.42814 24.15894,90.42806 24.15894,90.42814 24.15894,90.42845 24.15893,90.42852 24.15895,90.42858 24.15904,90.4286 24.15904,90.42949 24.15901,90.42948 24.15892,90.42947 24.15883,90.42944 24.15876,90.42941 24.15867,90.42938 24.15861,90.42935 24.15852,90.42933 24.15843,90.42931 24.15834,90.4293 24.15826,90.42927 24.15809,90.42925 24.15797,90.42925 24.15796,90.42923 24.1579,90.4292 24.15784,90.42915 24.15771,90.42909 24.15758,90.42899 24.15739,90.42895 24.15729,90.42888 24.15714,90.42888 24.15713,90.42881 24.15699,90.42878 24.15693,90.42873 24.15683,90.42865 24.15658,90.42861 24.15645,90.43011 24.15622,90.43051 24.15623,90.43054 24.15623,90.43083 24.15629,90.43089 24.15629,90.43093 24.15629,90.43104 24.1563,90.43115 24.15629,90.43125 24.15627,90.43127 24.15637,90.43128 24.15645,90.43128 24.15656,90.43127 24.1568,90.43127 24.15705,90.43127 24.15708,90.43127 24.15712)"
1gnNgAjhUwQsi06BqgqcLCSmZgFKcTy5o,1gnNgAjhUwQsi06BqgqcLCSmZgFKcTy5o-L76,2025.EIS.000103.kmz,"Directions from চৌধুরী নগর আবাসিক এলাকা to Image garments,chittagong","Directions from চৌধুরী নগর আবাসিক এলাকা to Image garments,chittagong",210,91.80228,22.37382,91.81825,22.36906,"LINESTRING(91.80228 22.37382,91.80222 22.37361,91.80241 22.37356,91.8026 22.37352,91.80261 22.37351,91.80266 22.3735,91.80267 22.3735,91.80268 22.3735,91.80268 22.37351,91.80269 22.37351,91.80269 22.37353,91.8027 22.37357,91.80285 22.37413,91.80308 22.37405,91.80346 22.37392,91.80406 22.3737,91.80412 22.37368,91.80425 22.37363,91.80445 22.37356,91.80461 22.37351,91.8047 22.37349,91.80472 22.37349,91.80475 22.37349,91.80476 22.3735,91.80477 22.37351,91.80479 22.37352,91.8048 22.37354,91.80482 22.37356,91.80485 22.37363,91.80493 22.37372,91.80497 22.37376,91.80502 22.37382,91.80508 22.37387,91.80511 22.37392,91.80514 22.37413,91.80514 22.3742,91.80516 22.37449,91.80518 22.3746,91.80518 22.37461,91.8052 22.37469,91.80526 22.37486,91.80529 22.37497,91.80536 22.37518,91.80541 22.37532,91.80545 22.3754,91.80548 22.37545,91.80554 22.37551,91.80557 22.37558,91.8056 22.37567,91.80565 22.37576,91.80567 22.3758,91.80573 22.37587,91.80576 22.37589,91.8059 22.37599,91.8059 22.376,91.80621 22.37621,91.80649 22.3764,91.80647 22.37649,91.80645 22.37657,91.80644 22.3766,91.80643 22.37663,91.80655 22.37669,91.80692 22.37687,91.80696 22.37688,91.80705 22.37692,91.80731 22.37702,91.80744 22.37707,91.80756 22.3771,91.80767 22.37712,91.80781 22.37713,91.8079 22.37713,91.80798 22.37712,91.80823 22.37709,91.80833 22.37708,91.80863 22.37704,91.80864 22.37704,91.80896 22.377,91.80912 22.37698,91.80926 22.37698,91.8094 22.37698,91.8095 22.37698,91.80957 22.37698,91.80963 22.37698,91.80972 22.37696,91.80979 22.37693,91.80984 22.37691,91.80987 22.37691,91.80988 22.37691,91.80994 22.37692,91.81001 22.37694,91.81016 22.377,91.81041 22.3771,91.81044 22.37711,91.81045 22.37712,91.81046 22.37712,91.81064 22.3772,91.81054 22.37735,91.81053 22.37737,91.81046 22.37752,91.81042 22.3776,91.81039 22.37768,91.81037 22.37773,91.81034 22.3778,91.81033 22.37785,91.81031 22.37792,91.81027 22.37803,91.81026 22.37808,91.81022 22.37825,91.81019 22.37831,91.81024 22.37832,91.81042 22.37835,91.81043 22.37835,91.8106 22.37839,91.81062 22.37839,91.81078 22.37842,91.81096 22.37846,91.81114 22.37849,91.81132 22.37853,91.81151 22.37856,91.8116 22.37858,91.8116 22.37859,91.8116 22.3786,91.8116 22.37861,91.81159 22.37861,91.81159 22.37862,91.8116 22.37862,91.8116 22.37863,91.8116 22.37864,91.8116 22.37865,91.81161 22.37865,91.81161 22.37866,91.81162 22.37867,91.81163 22.37867,91.81163 22.37868,91.81164 22.37868,91.81164 22.37869,91.81165 22.37869,91.81166 22.37869,91.81167 22.37869,91.81168 22.37869,91.81169 22.37869,91.8117 22.37869,91.81171 22.37869,91.81172 22.37869,91.81172 22.37868,91.81173 22.37868,91.81174 22.37868,91.81174 22.37867,91.81175 22.37867,91.81175 22.37866,91.81176 22.37866,91.81176 22.37865,91.81177 22.37864,91.81177 22.37863,91.81177 22.37862,91.81177 22.37861,91.81177 22.3786,91.81177 22.37859,91.81177 22.37858,91.81176 22.37858,91.81176 22.37857,91.81175 22.37856,91.81175 22.37855,91.81174 22.37855,91.81181 22.37845,91.81185 22.37838,91.81189 22.37832,91.8119 22.37831,91.812 22.37817,91.8121 22.37801,91.81221 22.37786,91.81223 22.37783,91.81232 22.37771,91.81239 22.37758,91.81312 22.37629,91.81369 22.37534,91.81395 22.37494,91.8141 22.37471,91.81456 22.37399,91.81489 22.37346,91.815 22.37328,91.81506 22.37317,91.81539 22.37261,91.8155 22.37241,91.81553 22.37236,91.81575 22.37202,91.8158 22.37195,91.81617 22.37137,91.81651 22.37086,91.81671 22.37056,91.8169 22.37029,91.81696 22.37022,91.81705 22.37013,91.81715 22.37004,91.81729 22.36993,91.81749 22.36977,91.81779 22.36954,91.81784 22.3695,91.81797 22.36941,91.81815 22.36928,91.81822 22.36923,91.8186 22.36894,91.81867 22.36889,91.81905 22.36861,91.81912 22.36855,91.81902 22.36844,91.8186 22.36878,91.81858 22.3688,91.81831 22.36901,91.81825 22.36906)"
1h9aGIP85uQpQZ8tTtNZqh_6Cux0_shEV,1h9aGIP85uQpQZ8tTtNZqh_6Cux0_shEV-L77,2025.EIS.000050.kmz,"Directions from Fin-Bangla Apparels Ltd, Deger Chla Road, Gazipur to 2CJH+QHR, Bangladesh","Directions from Fin-Bangla Apparels Ltd, Deger Chla Road, Gazipur to 2CJH+QHR, Bangladesh",523,90.38472,23.96393,90.42919,24.03224,"LINESTRING(90.38472 23.96393,90.38473 23.96391,90.38477 23.96332,90.38487 23.96332,90.38498 23.96333,90.38511 23.96335,90.38526 23.96333,90.38536 23.96331,90.38537 23.96331,90.3855 23.96326,90.38564 23.96318,90.3858 23.96312,90.38585 23.9631,90.38608 23.96301,90.38636 23.9629,90.38644 23.96289,90.38662 23.96285,90.38694 23.9628,90.38703 23.96278,90.38741 23.96272,90.38744 23.96272,90.38751 23.96271,90.38775 23.96266,90.38785 23.96264,90.38795 23.96263,90.38799 23.96263,90.38806 23.96262,90.38811 23.96263,90.38814 23.96263,90.38826 23.96268,90.38833 23.9627,90.38841 23.96272,90.38848 23.96273,90.3886 23.96274,90.38885 23.96277,90.38892 23.96278,90.38908 23.96282,90.38923 23.96287,90.38944 23.96299,90.38964 23.9631,90.38977 23.96319,90.38985 23.96322,90.38991 23.96323,90.38999 23.96323,90.39008 23.96323,90.3904 23.96316,90.39077 23.96307,90.3909 23.96304,90.39134 23.96292,90.39198 23.96297,90.3921 23.96298,90.39225 23.96299,90.39249 23.96303,90.39264 23.96304,90.39284 23.96302,90.39294 23.963,90.39299 23.96299,90.39302 23.96296,90.39304 23.96295,90.39307 23.96295,90.3931 23.96294,90.39321 23.96296,90.39325 23.96296,90.39326 23.96296,90.3935 23.963,90.39385 23.96303,90.39397 23.96304,90.39407 23.96305,90.39421 23.96306,90.39435 23.96306,90.39444 23.96308,90.3946 23.96314,90.39468 23.96316,90.39475 23.96318,90.39494 23.9632,90.39507 23.9632,90.3953 23.96319,90.39537 23.96319,90.39557 23.96318,90.3957 23.96316,90.39583 23.96312,90.39578 23.96295,90.39578 23.96268,90.39583 23.96242,90.39583 23.96239,90.39592 23.96226,90.39592 23.96218,90.39586 23.96216,90.39591 23.96203,90.39591 23.96195,90.39591 23.96192,90.39589 23.96182,90.39585 23.96168,90.39588 23.96164,90.39776 23.96169,90.39921 23.96155,90.39938 23.96182,90.39947 23.96198,90.39955 23.9621,90.39987 23.96271,90.39989 23.96273,90.39991 23.96275,90.39994 23.96276,90.39998 23.9626,90.40003 23.96259,90.40006 23.96258,90.40008 23.96257,90.4001 23.96256,90.40012 23.96254,90.40015 23.9625,90.40017 23.96248,90.4002 23.96246,90.40022 23.96245,90.40026 23.96244,90.4003 23.96244,90.40032 23.96244,90.40039 23.96245,90.40058 23.96249,90.40069 23.96251,90.4008 23.96252,90.40085 23.96252,90.40091 23.96252,90.40095 23.96252,90.40099 23.96251,90.40102 23.96251,90.40106 23.96249,90.40108 23.96248,90.40111 23.96247,90.40113 23.96246,90.40115 23.96245,90.40118 23.96244,90.4012 23.96244,90.40122 23.96244,90.40123 23.96244,90.40131 23.96243,90.40154 23.96243,90.40204 23.96241,90.4023 23.9624,90.40244 23.96239,90.40261 23.96244,90.40276 23.96238,90.40294 23.9623,90.40308 23.96223,90.40323 23.96218,90.40356 23.96208,90.40376 23.96202,90.40391 23.96199,90.40402 23.96199,90.4041 23.96199,90.40421 23.96202,90.40431 23.96207,90.40434 23.96208,90.40442 23.96211,90.40445 23.96212,90.4046 23.96216,90.40478 23.96219,90.40489 23.96222,90.40499 23.96224,90.40501 23.96225,90.40511 23.96229,90.40518 23.96233,90.40528 23.96235,90.40544 23.96235,90.40557 23.96235,90.40568 23.96236,90.40593 23.9624,90.4061 23.96243,90.40636 23.96248,90.40639 23.96248,90.40668 23.96255,90.40669 23.96255,90.40675 23.96255,90.40684 23.96257,90.40687 23.96259,90.4069 23.96261,90.40693 23.96263,90.407 23.96265,90.40706 23.96266,90.4071 23.96265,90.40714 23.96264,90.40718 23.96263,90.40721 23.9626,90.40726 23.96259,90.40731 23.96258,90.40746 23.96259,90.40752 23.96259,90.40762 23.96259,90.40771 23.96259,90.4078 23.96258,90.40804 23.96257,90.40847 23.96255,90.40885 23.96254,90.40902 23.96253,90.40904 23.9626,90.4094 23.9626,90.40973 23.9626,90.40977 23.9626,90.40984 23.96259,90.40997 23.96257,90.41013 23.96253,90.41023 23.96251,90.41039 23.96247,90.41051 23.96245,90.41058 23.96244,90.41066 23.96243,90.41077 23.96242,90.41082 23.96242,90.41096 23.96242,90.41132 23.96244,90.41133 23.96244,90.41151 23.96244,90.41162 23.96243,90.4117 23.96242,90.41178 23.96239,90.41183 23.96236,90.41185 23.96235,90.41188 23.96234,90.41193 23.96232,90.41205 23.96233,90.41211 23.96234,90.41213 23.96234,90.41283 23.96239,90.413 23.9624,90.41322 23.96246,90.41359 23.96248,90.41425 23.96254,90.41472 23.96255,90.41481 23.96255,90.41581 23.96264,90.41609 23.96266,90.4162 23.96267,90.41625 23.96314,90.41631 23.96448,90.41633 23.96459,90.41647 23.96594,90.41648 23.96606,90.4166 23.96715,90.4166 23.96723,90.41667 23.96776,90.41671 23.96813,90.41675 23.96849,90.41679 23.96875,90.41683 23.96907,90.41688 23.96947,90.4169 23.96968,90.41703 23.97074,90.41703 23.97093,90.41714 23.97164,90.41719 23.97217,90.41722 23.97235,90.41732 23.97317,90.41736 23.97359,90.41739 23.97391,90.4174 23.974,90.41746 23.9745,90.41749 23.97469,90.4175 23.97499,90.41757 23.97547,90.41759 23.97571,90.41763 23.97592,90.41771 23.97643,90.41775 23.97693,90.41776 23.977,90.41792 23.978,90.418 23.97857,90.41799 23.97878,90.418 23.97881,90.4181 23.97974,90.41811 23.97984,90.41813 23.97999,90.41816 23.98042,90.41825 23.98112,90.41826 23.98138,90.41827 23.98159,90.41835 23.98203,90.41837 23.98229,90.4184 23.98282,90.41842 23.98296,90.41856 23.98383,90.41859 23.9841,90.41862 23.98438,90.41864 23.98451,90.4187 23.98491,90.41872 23.98527,90.41873 23.98535,90.41873 23.9854,90.41877 23.98582,90.4188 23.98613,90.41883 23.98624,90.41886 23.98632,90.41891 23.98639,90.41896 23.98648,90.41897 23.98648,90.41907 23.98661,90.41915 23.98669,90.41919 23.98676,90.41929 23.98689,90.41936 23.98699,90.41944 23.98712,90.41952 23.98732,90.41957 23.98755,90.41963 23.98778,90.41962 23.98781,90.41966 23.9879,90.41969 23.98802,90.41973 23.98821,90.41974 23.98835,90.41976 23.98851,90.41977 23.98857,90.41979 23.9888,90.4198 23.98893,90.41981 23.98918,90.41981 23.98936,90.41981 23.98939,90.41981 23.9894,90.41981 23.98941,90.41983 23.98946,90.41986 23.98953,90.4199 23.98967,90.41994 23.98977,90.41997 23.98986,90.41998 23.98995,90.42 23.99014,90.42 23.99025,90.42001 23.99031,90.42001 23.99034,90.42003 23.99056,90.42004 23.99064,90.42006 23.99076,90.42008 23.99088,90.42017 23.99117,90.42023 23.99147,90.42023 23.99148,90.42027 23.99158,90.42032 23.99168,90.42035 23.99173,90.42038 23.99179,90.42046 23.9919,90.42049 23.99194,90.4206 23.99207,90.42069 23.99218,90.42074 23.99224,90.42079 23.9923,90.42088 23.99239,90.42098 23.99247,90.421 23.99255,90.42102 23.99269,90.42102 23.99271,90.42103 23.99282,90.42103 23.99292,90.42106 23.99302,90.42112 23.99314,90.42135 23.99354,90.42137 23.99357,90.42153 23.9939,90.4216 23.99403,90.42168 23.99418,90.42176 23.99442,90.42184 23.99461,90.42186 23.99467,90.42187 23.99468,90.42191 23.9948,90.42197 23.99504,90.42199 23.99517,90.42201 23.99529,90.42203 23.99563,90.42204 23.99585,90.42204 23.99592,90.42202 23.99627,90.422 23.99669,90.42156 23.99729,90.42153 23.99732,90.42147 23.9974,90.4212 23.99772,90.42112 23.99781,90.42108 23.99784,90.42084 23.99798,90.42076 23.998,90.42073 23.99801,90.42066 23.99804,90.4206 23.99806,90.42068 23.9986,90.42073 23.99897,90.42074 23.99898,90.42077 23.99922,90.42085 23.99986,90.42043 23.99991,90.42045 24.00008,90.42048 24.00026,90.42052 24.00046,90.42053 24.00052,90.42056 24.00078,90.42057 24.00092,90.42058 24.00098,90.42059 24.0011,90.42064 24.00139,90.42067 24.00159,90.4207 24.00181,90.4207 24.00188,90.42071 24.00198,90.42077 24.00262,90.42085 24.0031,90.42092 24.00338,90.42095 24.00346,90.42103 24.00372,90.42107 24.00386,90.42115 24.00412,90.42116 24.00413,90.42129 24.00451,90.42142 24.0049,90.42144 24.00497,90.42147 24.00504,90.42156 24.00532,90.42159 24.00541,90.42162 24.0055,90.42179 24.00601,90.42189 24.00644,90.42192 24.0066,90.42195 24.00675,90.42196 24.0068,90.42202 24.00708,90.42203 24.00713,90.42208 24.00727,90.42216 24.00752,90.42224 24.00776,90.42226 24.00782,90.42234 24.00806,90.4224 24.00828,90.42241 24.00833,90.42247 24.00855,90.42254 24.00882,90.42254 24.00883,90.42262 24.0091,90.42264 24.00918,90.42267 24.00928,90.42272 24.00945,90.42281 24.00973,90.42288 24.00995,90.4229 24.01003,90.42292 24.01011,90.42303 24.01053,90.42304 24.01058,90.42314 24.01088,90.42315 24.01089,90.42332 24.01139,90.42349 24.01207,90.42355 24.01233,90.42363 24.01261,90.42372 24.01287,90.42374 24.01294,90.42377 24.01304,90.42379 24.01311,90.4238 24.01312,90.42392 24.01349,90.42396 24.01362,90.42399 24.01374,90.42407 24.01401,90.42413 24.01418,90.42421 24.0144,90.42424 24.01453,90.42438 24.01504,90.42439 24.01513,90.4245 24.01544,90.42456 24.01559,90.42463 24.01578,90.42471 24.01612,90.42488 24.01663,90.42493 24.01686,90.42504 24.01727,90.42515 24.01756,90.42525 24.01792,90.42529 24.01805,90.42536 24.01825,90.42542 24.01844,90.42545 24.01851,90.42556 24.01889,90.42556 24.0189,90.4257 24.01941,90.42571 24.01949,90.4259 24.02017,90.42599 24.02051,90.4261 24.02089,90.42624 24.02125,90.42628 24.02137,90.42633 24.02154,90.42636 24.02162,90.42639 24.02171,90.42644 24.02188,90.42648 24.02201,90.42658 24.02241,90.42669 24.02275,90.42686 24.02327,90.42692 24.02344,90.42698 24.02361,90.42701 24.02371,90.42723 24.02438,90.42743 24.02491,90.42748 24.02507,90.42769 24.02581,90.42805 24.02708,90.42806 24.02711,90.42808 24.02717,90.42811 24.02728,90.42821 24.02759,90.42835 24.02804,90.42843 24.02832,90.42845 24.0284,90.42861 24.02902,90.42879 24.02972,90.42892 24.03015,90.42898 24.0303,90.429 24.03038,90.42901 24.03041,90.42903 24.03048,90.42889 24.03045,90.42861 24.03044,90.42878 24.03098,90.42896 24.03155,90.42898 24.0316,90.42903 24.03176,90.42911 24.03199,90.42914 24.03208,90.42919 24.03224)"
1hCTEUSnqYXLNSS5H6c6W3ZnEbUh8ZORB,1hCTEUSnqYXLNSS5H6c6W3ZnEbUh8ZORB-L78,2025.EIS.000051.kmz,"Directions from Jagir Magshimul Jame Masjid to Tarasima Apparels Limited, N5, Manikganj","Directions from Jagir Magshimul Jame Masjid to Tarasima Apparels Limited, N5, Manikganj",163,90.03004,23.89288,90.05172,23.90566,"LINESTRING(90.03004 23.89288,90.03013 23.89277,90.03021 23.89268,90.03044 23.89232,90.03055 23.89209,90.03061 23.89192,90.03062 23.89191,90.03074 23.89162,90.03084 23.89145,90.03107 23.89107,90.03121 23.89086,90.03125 23.8908,90.03134 23.89074,90.03137 23.89072,90.0318 23.89054,90.03188 23.89053,90.03195 23.89026,90.03194 23.8902,90.03193 23.8901,90.03193 23.89002,90.03192 23.88998,90.03189 23.88988,90.03189 23.88985,90.03188 23.88976,90.03188 23.88967,90.03188 23.88961,90.03192 23.88931,90.03189 23.88913,90.03185 23.88878,90.0318 23.88839,90.03174 23.88812,90.03171 23.88807,90.03165 23.8879,90.03156 23.88767,90.03141 23.8874,90.03118 23.88715,90.03101 23.88684,90.03093 23.88664,90.0309 23.88659,90.03087 23.88641,90.03087 23.88633,90.03082 23.88615,90.03076 23.88603,90.03068 23.88593,90.03065 23.88589,90.03068 23.88568,90.03069 23.88554,90.03072 23.88532,90.03079 23.88512,90.03089 23.88496,90.03094 23.88491,90.0311 23.8847,90.03135 23.88424,90.03143 23.8841,90.03145 23.88405,90.03146 23.88403,90.03148 23.88402,90.03149 23.88401,90.03151 23.884,90.03162 23.88396,90.03208 23.88496,90.03213 23.88508,90.03223 23.88533,90.03241 23.88575,90.03263 23.88626,90.03274 23.88651,90.03301 23.88709,90.03304 23.88715,90.03313 23.88736,90.03332 23.8878,90.03337 23.88791,90.03371 23.88873,90.03413 23.88962,90.03415 23.88966,90.03423 23.88984,90.0343 23.89001,90.03436 23.89019,90.03481 23.89119,90.03503 23.89169,90.03527 23.89222,90.03547 23.89267,90.03551 23.89277,90.03555 23.89286,90.03569 23.89317,90.03581 23.89341,90.03592 23.89364,90.03599 23.89383,90.03627 23.89449,90.03655 23.89515,90.03675 23.89564,90.03691 23.89601,90.03724 23.89669,90.03731 23.89688,90.03738 23.89725,90.03748 23.89758,90.03754 23.89777,90.0376 23.89794,90.03781 23.89833,90.03797 23.8986,90.03813 23.89892,90.03824 23.89912,90.03831 23.89919,90.0385 23.89961,90.03872 23.90005,90.0391 23.90071,90.03933 23.90109,90.03943 23.90123,90.03954 23.90139,90.03963 23.90153,90.03973 23.90163,90.03979 23.9017,90.03997 23.90186,90.04011 23.90199,90.0402 23.90207,90.04044 23.9023,90.04084 23.90268,90.04102 23.90285,90.04145 23.90326,90.04245 23.9042,90.04246 23.90422,90.04299 23.90472,90.04302 23.90478,90.04307 23.90485,90.04324 23.90499,90.04347 23.90515,90.04354 23.90521,90.0436 23.90524,90.04379 23.90534,90.04403 23.90545,90.04419 23.90551,90.04421 23.90551,90.0443 23.90553,90.04437 23.90554,90.04445 23.90553,90.04461 23.90557,90.04517 23.90565,90.04521 23.90565,90.04522 23.90565,90.04523 23.90565,90.04525 23.90566,90.04543 23.90569,90.04599 23.90578,90.04632 23.90583,90.04637 23.90584,90.04651 23.90585,90.0469 23.90591,90.04731 23.90596,90.04767 23.90601,90.04769 23.90602,90.0477 23.90602,90.04789 23.90605,90.04828 23.9061,90.04922 23.90624,90.04923 23.90624,90.04929 23.90625,90.05022 23.90639,90.05038 23.90641,90.051 23.90649,90.05141 23.90656,90.0515 23.90627,90.05168 23.90576,90.0517 23.90571,90.05172 23.90566)"
1iHoVcByiGGpYp5hhaPSd0PfXRywcSvDV,1iHoVcByiGGpYp5hhaPSd0PfXRywcSvDV-L79,2025.EIS.000042.kmz,"Directions from Niaz Murshed Apon High School to EPYLLION Knitwears Limited, Bandar","Directions from Niaz Murshed Apon High School to EPYLLION Knitwears Limited, Bandar",387,90.53732,23.72041,90.54448,23.69128,"LINESTRING(90.53732 23.72041,90.53736 23.72028,90.53745 23.72025,90.53762 23.72027,90.53785 23.72004,90.53764 23.71983,90.53757 23.71974,90.53743 23.71957,90.53739 23.71948,90.53735 23.71939,90.53727 23.71919,90.5372 23.71907,90.537 23.71885,90.53687 23.71876,90.53677 23.71873,90.53673 23.71873,90.53667 23.71873,90.53633 23.71879,90.53623 23.71881,90.53612 23.71882,90.53607 23.71883,90.53599 23.71881,90.53595 23.71874,90.53589 23.7185,90.53584 23.71824,90.53575 23.71799,90.53575 23.71797,90.53572 23.71782,90.53571 23.71777,90.5357 23.71762,90.53569 23.71742,90.53568 23.71729,90.53563 23.71721,90.5356 23.71718,90.53556 23.71711,90.53544 23.71687,90.53531 23.71656,90.5353 23.71652,90.53528 23.71642,90.53529 23.71629,90.5353 23.7162,90.53531 23.71616,90.5353 23.71613,90.53527 23.71602,90.53525 23.71597,90.53525 23.71593,90.5352 23.71575,90.53516 23.71563,90.53514 23.71553,90.53513 23.71543,90.53512 23.71537,90.53513 23.7153,90.53515 23.71511,90.53518 23.71492,90.53518 23.71483,90.53518 23.71478,90.53517 23.71474,90.53515 23.71447,90.53514 23.71422,90.53512 23.71402,90.53511 23.71399,90.5351 23.71392,90.5351 23.71385,90.5351 23.71379,90.53509 23.71368,90.5351 23.71359,90.5351 23.71349,90.53509 23.71337,90.53508 23.71326,90.53507 23.71316,90.53507 23.71312,90.53507 23.71309,90.53508 23.71306,90.53514 23.71298,90.53519 23.71292,90.53523 23.71286,90.53527 23.7128,90.53529 23.71274,90.53531 23.71269,90.53531 23.71265,90.53531 23.71261,90.5353 23.71258,90.53528 23.71254,90.5352 23.71249,90.53516 23.71247,90.53514 23.71245,90.53514 23.71244,90.53513 23.71243,90.53513 23.71242,90.53514 23.71239,90.53516 23.7123,90.53519 23.71222,90.53523 23.7121,90.53533 23.71186,90.5354 23.71171,90.53547 23.71157,90.53551 23.71141,90.53558 23.71117,90.53561 23.71104,90.53562 23.71102,90.53562 23.711,90.53562 23.71098,90.53561 23.71098,90.53561 23.71097,90.53559 23.71096,90.53558 23.71095,90.53557 23.71095,90.53551 23.71094,90.53529 23.71087,90.53528 23.71087,90.53527 23.71087,90.53525 23.71084,90.53524 23.71083,90.53523 23.71081,90.53524 23.71079,90.53524 23.71075,90.53528 23.71062,90.53529 23.71055,90.5353 23.71045,90.5353 23.71036,90.5353 23.71029,90.53529 23.71017,90.53528 23.7101,90.53526 23.71,90.53526 23.70999,90.53523 23.70987,90.53523 23.70976,90.53519 23.70957,90.53516 23.7093,90.53515 23.70912,90.53514 23.70898,90.53514 23.70884,90.53514 23.70873,90.53515 23.70861,90.53516 23.70855,90.5352 23.70853,90.53524 23.70851,90.53526 23.7085,90.53527 23.70849,90.53528 23.70848,90.53528 23.70846,90.53529 23.70843,90.53531 23.70825,90.5353 23.70803,90.5353 23.70788,90.53528 23.70774,90.53527 23.70757,90.53527 23.70754,90.53526 23.70748,90.53526 23.70744,90.53526 23.70741,90.53528 23.70737,90.53531 23.70732,90.53532 23.70728,90.53533 23.70724,90.53534 23.70704,90.53533 23.70685,90.53533 23.70675,90.53533 23.70666,90.53534 23.70656,90.53534 23.70644,90.53534 23.7063,90.53535 23.70623,90.53535 23.70612,90.53535 23.70611,90.53535 23.70603,90.53537 23.70587,90.5354 23.70564,90.53543 23.70542,90.53547 23.70527,90.53548 23.70523,90.53549 23.70518,90.53562 23.7052,90.53566 23.70521,90.53591 23.70528,90.53606 23.7053,90.53618 23.70532,90.53637 23.70538,90.53654 23.70547,90.53678 23.70549,90.53731 23.70555,90.5377 23.70557,90.53801 23.70552,90.53827 23.70544,90.53843 23.70538,90.53878 23.70538,90.53894 23.70536,90.53906 23.70536,90.5392 23.70535,90.53938 23.70537,90.53952 23.70541,90.53977 23.70544,90.5399 23.70544,90.53999 23.70546,90.54 23.7055,90.54004 23.70556,90.54008 23.70559,90.54016 23.7056,90.54084 23.70558,90.5409 23.70558,90.54108 23.70561,90.54138 23.70559,90.54165 23.70561,90.54167 23.70561,90.54196 23.70562,90.54209 23.70561,90.54249 23.7056,90.54257 23.7056,90.54287 23.70567,90.54332 23.70576,90.54356 23.70579,90.54359 23.7057,90.54363 23.70553,90.54364 23.70545,90.54364 23.7054,90.54365 23.70536,90.54376 23.70516,90.54377 23.70514,90.54378 23.70513,90.54379 23.70512,90.5438 23.70512,90.54388 23.70511,90.5442 23.70504,90.54433 23.70502,90.54436 23.70501,90.54438 23.70497,90.54436 23.7047,90.54444 23.70426,90.54444 23.70423,90.54447 23.70417,90.54448 23.70415,90.54449 23.70411,90.5445 23.70406,90.5445 23.704,90.5445 23.70395,90.54451 23.70388,90.54452 23.70384,90.54452 23.70374,90.54451 23.70373,90.54445 23.70371,90.54442 23.7037,90.54438 23.70369,90.54434 23.70368,90.54429 23.70366,90.5442 23.70362,90.5442 23.7036,90.5442 23.70358,90.54429 23.70329,90.54431 23.70324,90.54435 23.70316,90.54435 23.70312,90.54436 23.70308,90.54439 23.70306,90.54448 23.70304,90.54458 23.70304,90.54465 23.70304,90.54469 23.70305,90.54477 23.70305,90.54479 23.70302,90.5448 23.70298,90.54483 23.70298,90.54489 23.70298,90.545 23.70298,90.54508 23.70298,90.54513 23.70298,90.54519 23.70297,90.54524 23.70294,90.54525 23.70289,90.54525 23.70286,90.54525 23.70283,90.54525 23.70281,90.54525 23.70261,90.54526 23.70257,90.54528 23.70253,90.54538 23.70236,90.5454 23.70233,90.54543 23.7022,90.54543 23.70212,90.54543 23.70209,90.54542 23.70205,90.54542 23.702,90.54542 23.70196,90.54543 23.70192,90.54545 23.70177,90.54544 23.70163,90.54545 23.70158,90.54545 23.70152,90.54546 23.7014,90.54546 23.70137,90.5455 23.7008,90.5455 23.7007,90.5455 23.70033,90.5455 23.70027,90.54553 23.70008,90.54561 23.69933,90.54567 23.69901,90.54567 23.69898,90.54569 23.69895,90.54555 23.69894,90.54542 23.69892,90.54535 23.6989,90.54527 23.69886,90.54519 23.69884,90.5451 23.6988,90.54498 23.69879,90.54492 23.69879,90.54492 23.69876,90.54492 23.69872,90.54493 23.69865,90.54496 23.69855,90.54497 23.69851,90.54497 23.69847,90.54491 23.69817,90.5449 23.69808,90.54488 23.69796,90.54487 23.6979,90.54485 23.69771,90.54482 23.6977,90.54474 23.69771,90.54458 23.69773,90.54451 23.69773,90.54431 23.69771,90.54409 23.69759,90.54403 23.69753,90.54404 23.69733,90.54402 23.69701,90.54402 23.69693,90.544 23.69659,90.54399 23.69637,90.54379 23.6964,90.54365 23.69643,90.54349 23.69646,90.5431 23.69644,90.54296 23.69644,90.54294 23.69611,90.54292 23.69576,90.54294 23.69553,90.54305 23.69523,90.54305 23.69519,90.54307 23.69513,90.54305 23.695,90.54305 23.69493,90.54306 23.69471,90.54286 23.6947,90.54285 23.69454,90.54281 23.69451,90.54272 23.69407,90.54268 23.69407,90.54258 23.69406,90.5425 23.69405,90.5424 23.69403,90.54233 23.69402,90.54224 23.69402,90.54216 23.69402,90.5421 23.69401,90.54204 23.69401,90.54197 23.694,90.54193 23.69398,90.54192 23.69396,90.54175 23.69396,90.54159 23.69397,90.54138 23.69404,90.54132 23.69391,90.54124 23.69372,90.54123 23.69362,90.54119 23.69335,90.54118 23.69332,90.54116 23.69321,90.54115 23.69318,90.54111 23.69292,90.54111 23.69288,90.54111 23.69287,90.5411 23.69285,90.5411 23.69282,90.54109 23.6927,90.54108 23.69261,90.54105 23.69254,90.54103 23.69248,90.54095 23.69234,90.54116 23.69228,90.54122 23.69226,90.54185 23.69207,90.54227 23.69196,90.54306 23.69171,90.54328 23.69164,90.54358 23.69154,90.54448 23.69128)"
1j4e1QcA3NR9JJNO13N0B_4ClObmXxj6f,1j4e1QcA3NR9JJNO13N0B_4ClObmXxj6f-L80,2024.EIS.000039.kmz,"Directions from Bashaid, V8H3+CJF, Bangladesh to Shangu Tex Unit2, N511, আশুলিয়া","Directions from Bashaid, V8H3+CJF, Bangladesh to Shangu Tex Unit2, N511, আশুলিয়া",57,90.30471,23.87854,90.30382,23.88475,"LINESTRING(90.30471 23.87854,90.30468 23.87897,90.30468 23.87903,90.30468 23.87913,90.30467 23.87954,90.30467 23.87956,90.30506 23.87956,90.30557 23.87956,90.30557 23.87983,90.30555 23.88027,90.30553 23.88072,90.30553 23.88092,90.30553 23.88096,90.30554 23.88098,90.30557 23.88117,90.30561 23.88136,90.30562 23.88141,90.30564 23.88181,90.30564 23.88188,90.30563 23.88209,90.3056 23.88227,90.30554 23.88227,90.30552 23.88242,90.3055 23.88259,90.3055 23.88263,90.30548 23.8828,90.30548 23.88281,90.30547 23.88294,90.30545 23.88314,90.30545 23.88317,90.30544 23.88318,90.30543 23.88319,90.30542 23.88319,90.30531 23.8832,90.30528 23.8832,90.30526 23.88322,90.30525 23.88325,90.30525 23.8833,90.30525 23.88338,90.30525 23.8834,90.30525 23.88358,90.30525 23.88368,90.30525 23.8839,90.30524 23.88397,90.30523 23.8841,90.30518 23.88429,90.30515 23.88428,90.30496 23.88485,90.30493 23.88497,90.30482 23.88534,90.30482 23.88536,90.30472 23.88559,90.30465 23.88584,90.30363 23.88557,90.30369 23.8853,90.30381 23.88477,90.30382 23.88475)"
1mC4h-W-iogQ3AwDLdq1zKxnc8IsTAYNW,1mC4h-W-iogQ3AwDLdq1zKxnc8IsTAYNW-L81,2026.EIS.000128.kmz,"Directions from Energypac Fashions Limited to 49HF+JR6, Pirozali, Bangladesh","Directions from Energypac Fashions Limited to 49HF+JR6, Pirozali, Bangladesh",49,90.38598,24.12674,90.37451,24.12896,"LINESTRING(90.38598 24.12674,90.38601 24.12647,90.38538 24.12648,90.38538 24.12637,90.38537 24.12625,90.38535 24.12614,90.38521 24.12553,90.38443 24.12564,90.38322 24.1258,90.38311 24.12582,90.38244 24.12592,90.38217 24.12596,90.38212 24.12597,90.38206 24.12598,90.38195 24.12601,90.38179 24.12604,90.38161 24.12607,90.38142 24.12611,90.38127 24.12613,90.38122 24.12614,90.38083 24.12621,90.38077 24.12621,90.38066 24.12623,90.38011 24.1263,90.37986 24.12631,90.37985 24.12632,90.37965 24.12632,90.37929 24.12636,90.37899 24.12642,90.37876 24.12648,90.3786 24.12652,90.37853 24.12654,90.37815 24.12667,90.37753 24.12688,90.3768 24.12712,90.37675 24.12714,90.37641 24.12725,90.37621 24.12735,90.37589 24.12756,90.37577 24.12764,90.37538 24.12805,90.37526 24.12819,90.37522 24.12823,90.37503 24.12843,90.37482 24.12867,90.37462 24.12894,90.37454 24.12895,90.37453 24.12895,90.37451 24.12896)"
1mIsYFbldja13QdwYsv1fejdkJyKuvgub,1mIsYFbldja13QdwYsv1fejdkJyKuvgub-L82,2025.EIS.000094.kmz,"Directions from Anupam Hosiery Industries Pvt(Ltd). Al-Muslim Group,, ঢাকা - সিলেট মহাসড়ক to QG3G+VCR, Bangladesh","Directions from Anupam Hosiery Industries Pvt(Ltd). Al-Muslim Group,, ঢাকা - সিলেট মহাসড়ক to QG3G+VCR, Bangladesh",321,90.56011,23.77465,90.52542,23.75306,"LINESTRING(90.56011 23.77465,90.56036 23.7746,90.56043 23.77458,90.56003 23.77396,90.55997 23.77388,90.55976 23.77355,90.55952 23.77317,90.55932 23.77288,90.55924 23.77276,90.55904 23.77246,90.55885 23.77216,90.55869 23.77192,90.55843 23.77153,90.5582 23.77118,90.55805 23.77097,90.55791 23.7708,90.5577 23.77056,90.55747 23.77032,90.55729 23.77015,90.55714 23.77,90.55682 23.76969,90.55639 23.76924,90.55612 23.769,90.5559 23.76876,90.55576 23.76862,90.55529 23.76817,90.5551 23.76795,90.55478 23.76762,90.55472 23.76756,90.5541 23.76689,90.55383 23.76659,90.55338 23.76612,90.55293 23.76563,90.55259 23.7653,90.55245 23.76516,90.552 23.76468,90.55176 23.76438,90.55162 23.76423,90.55152 23.76412,90.5515 23.7641,90.55142 23.76401,90.55121 23.76379,90.55099 23.76355,90.55088 23.76343,90.55084 23.76339,90.55067 23.76321,90.5504 23.76291,90.55009 23.76261,90.54995 23.76243,90.54972 23.76211,90.54945 23.76167,90.5494 23.7616,90.54924 23.76138,90.549 23.76105,90.54884 23.7608,90.5487 23.76057,90.54868 23.76053,90.54862 23.76044,90.54859 23.76038,90.54852 23.76026,90.5484 23.76005,90.54828 23.75985,90.54813 23.75957,90.54801 23.75937,90.54792 23.75921,90.54784 23.75905,90.54761 23.75865,90.54746 23.75839,90.54735 23.75821,90.54715 23.75784,90.54697 23.75754,90.5468 23.75729,90.54671 23.75714,90.54661 23.75701,90.54641 23.75667,90.54629 23.75647,90.54619 23.75631,90.54592 23.7558,90.54573 23.75551,90.54556 23.75524,90.54541 23.755,90.54523 23.75472,90.54511 23.75453,90.54504 23.7544,90.54491 23.75417,90.54489 23.75414,90.54477 23.75391,90.54467 23.75369,90.5445 23.75325,90.54436 23.75285,90.54415 23.75224,90.54402 23.75186,90.54387 23.75144,90.54377 23.75116,90.54372 23.75105,90.54363 23.75083,90.5435 23.75053,90.54346 23.75044,90.54324 23.75009,90.54283 23.74928,90.54252 23.74864,90.54245 23.7485,90.54242 23.74842,90.54235 23.74829,90.54216 23.74797,90.5421 23.74789,90.54199 23.74777,90.54183 23.74762,90.54171 23.74751,90.54157 23.74739,90.5414 23.74727,90.54134 23.74723,90.54111 23.74707,90.5407 23.74684,90.5403 23.7466,90.54007 23.74647,90.53929 23.74602,90.53884 23.74578,90.5386 23.74566,90.53836 23.74555,90.53806 23.74542,90.53777 23.74529,90.53748 23.74518,90.53733 23.74547,90.53732 23.74549,90.53724 23.74565,90.53717 23.74578,90.53715 23.74582,90.53712 23.74589,90.5371 23.74591,90.53706 23.74595,90.53697 23.746,90.53688 23.74602,90.53686 23.74603,90.53678 23.74604,90.53653 23.74607,90.53632 23.74607,90.53581 23.74603,90.53555 23.74601,90.53553 23.74602,90.53552 23.74602,90.53551 23.74602,90.5355 23.74603,90.53526 23.74598,90.53505 23.74596,90.53491 23.74595,90.53485 23.74594,90.53465 23.7459,90.53454 23.74585,90.53423 23.7457,90.53357 23.74546,90.53328 23.74536,90.53309 23.7453,90.53304 23.74528,90.53272 23.7452,90.53263 23.74518,90.53218 23.74506,90.53215 23.74505,90.53177 23.74495,90.53153 23.74488,90.53097 23.74469,90.53056 23.74457,90.53028 23.74451,90.5301 23.74447,90.53009 23.74447,90.52993 23.74442,90.5299 23.74441,90.52981 23.74439,90.52974 23.74436,90.52965 23.74434,90.52958 23.74433,90.52946 23.74432,90.52914 23.74432,90.52875 23.74433,90.52863 23.74433,90.52848 23.74432,90.52843 23.74432,90.5284 23.74432,90.52834 23.74433,90.52811 23.74435,90.52795 23.74436,90.52793 23.74437,90.52787 23.7444,90.5275 23.74454,90.52712 23.74471,90.5268 23.74484,90.52635 23.74503,90.52632 23.74504,90.52583 23.74523,90.52578 23.74524,90.52572 23.74524,90.52567 23.74524,90.52559 23.74523,90.5255 23.74523,90.52536 23.74525,90.52536 23.74536,90.52538 23.74544,90.52541 23.74556,90.52543 23.74566,90.52544 23.74576,90.52546 23.74587,90.52548 23.74599,90.52553 23.74621,90.52554 23.74624,90.52556 23.74635,90.52558 23.74646,90.52561 23.74652,90.52563 23.74657,90.52566 23.74664,90.52568 23.74671,90.52569 23.74682,90.52566 23.74689,90.52564 23.74698,90.52564 23.74705,90.52563 23.74714,90.52562 23.74725,90.52561 23.74733,90.52561 23.74742,90.52561 23.74754,90.5256 23.74757,90.52558 23.74768,90.52555 23.74786,90.52547 23.748,90.52543 23.74811,90.52536 23.74819,90.52531 23.74826,90.52531 23.74827,90.52531 23.74828,90.5253 23.7483,90.52527 23.7483,90.52524 23.7483,90.52519 23.74828,90.52514 23.74825,90.52508 23.74823,90.52504 23.74822,90.52496 23.74819,90.52478 23.74816,90.52472 23.74815,90.52466 23.74813,90.52461 23.74812,90.52453 23.74811,90.52446 23.74811,90.52438 23.74809,90.52432 23.74808,90.52423 23.74807,90.52416 23.74806,90.52408 23.74807,90.52401 23.74808,90.52392 23.7481,90.5239 23.74811,90.52385 23.74812,90.52377 23.74815,90.52373 23.74816,90.52365 23.74819,90.52357 23.74821,90.5235 23.74822,90.52343 23.74821,90.52335 23.7482,90.52328 23.74819,90.52325 23.74818,90.52321 23.74814,90.52315 23.74815,90.52299 23.74817,90.52265 23.74822,90.52259 23.74821,90.52245 23.74821,90.52239 23.74821,90.52197 23.74816,90.52189 23.74853,90.52173 23.74921,90.52168 23.74939,90.52146 23.75035,90.52133 23.75112,90.5213 23.75145,90.52129 23.75161,90.52125 23.75186,90.52117 23.7524,90.52133 23.75237,90.52145 23.75234,90.52161 23.75232,90.52173 23.7523,90.52182 23.75229,90.52187 23.75231,90.5219 23.75235,90.52191 23.75241,90.52193 23.75249,90.52193 23.75258,90.52193 23.75264,90.52194 23.7527,90.52198 23.75271,90.52206 23.75272,90.52219 23.75273,90.52248 23.75271,90.52279 23.75271,90.52303 23.75272,90.5231 23.75272,90.52314 23.75271,90.52316 23.75267,90.52319 23.7526,90.52321 23.75256,90.52323 23.75255,90.52325 23.75254,90.5233 23.75255,90.52335 23.75257,90.52342 23.75258,90.52349 23.7526,90.52364 23.75263,90.5238 23.75268,90.52381 23.75268,90.52397 23.75273,90.52406 23.75278,90.52416 23.75281,90.5243 23.75286,90.52449 23.75292,90.52464 23.75295,90.5247 23.75296,90.52477 23.75297,90.52506 23.75302,90.52518 23.75303,90.52536 23.75306,90.52542 23.75306)"
1nEyNoH6Tv4gnhuCXztiMqLs8Kka-J0-A,1nEyNoH6Tv4gnhuCXztiMqLs8Kka-J0-A-L83,EIS.2025.SP.000030.kmz,"Directions from R723+G3P, Hemayetpur, Bangladesh to R734+765, Bangladesh","Directions from R723+G3P, Hemayetpur, Bangladesh to R734+765, Bangladesh",58,90.25285,23.80117,90.25534,23.80335,"LINESTRING(90.25285 23.80117,90.25283 23.80123,90.25279 23.80131,90.25273 23.80145,90.25254 23.80191,90.25281 23.80196,90.25288 23.80198,90.25311 23.80206,90.25318 23.8021,90.2532 23.80211,90.25321 23.80212,90.25321 23.80213,90.25322 23.80214,90.25322 23.80215,90.25322 23.80216,90.25321 23.80217,90.2532 23.80219,90.25318 23.80226,90.25317 23.80227,90.25317 23.80228,90.25318 23.8023,90.2532 23.80233,90.25323 23.80234,90.25325 23.80236,90.25329 23.80237,90.25336 23.80239,90.25347 23.80242,90.2535 23.80243,90.25354 23.80243,90.25359 23.80242,90.25363 23.80241,90.25366 23.8024,90.25371 23.80237,90.25377 23.80235,90.25382 23.80232,90.25387 23.80229,90.25392 23.80228,90.25398 23.80226,90.25404 23.80225,90.25415 23.80224,90.25421 23.80256,90.25418 23.80264,90.25422 23.80284,90.2542 23.80294,90.25418 23.80304,90.25425 23.80314,90.25425 23.80345,90.25432 23.80344,90.25445 23.80344,90.25451 23.80344,90.25473 23.80344,90.25477 23.80344,90.25481 23.80344,90.25498 23.80343,90.25511 23.80341,90.25522 23.80339,90.25529 23.80337,90.25534 23.80335)"
1nniF5ncWYhcYO_0bYrVDT7WWirE60fVU,1nniF5ncWYhcYO_0bYrVDT7WWirE60fVU-L84,2026.EIS.000141.kmz,"Directions from Body Fashion Ltd, Gazipur to 23.994416, 90.346546","Directions from Body Fashion Ltd, Gazipur to 23.994416, 90.346546",82,90.3561,23.9912,90.34654,23.99441,"LINESTRING(90.3561 23.9912,90.35608 23.99121,90.35595 23.99126,90.35557 23.99142,90.35548 23.99131,90.35545 23.99126,90.35542 23.99121,90.35541 23.99113,90.35541 23.99093,90.35541 23.99079,90.35541 23.99043,90.35615 23.99022,90.35617 23.99021,90.35676 23.99005,90.35723 23.98993,90.35768 23.98982,90.35847 23.98943,90.35844 23.98939,90.35841 23.98932,90.35839 23.98925,90.35839 23.98919,90.3579 23.98941,90.35751 23.98955,90.35709 23.98971,90.35608 23.98998,90.35604 23.98999,90.35553 23.99014,90.35491 23.99031,90.35478 23.99039,90.35474 23.99042,90.35467 23.99045,90.35456 23.99049,90.35444 23.99055,90.35431 23.99062,90.35403 23.99077,90.35387 23.99087,90.35374 23.99095,90.35365 23.991,90.35351 23.99111,90.35324 23.99132,90.35309 23.99143,90.35264 23.99184,90.35261 23.99187,90.35243 23.99203,90.35227 23.99216,90.3521 23.99231,90.35198 23.99244,90.35144 23.99296,90.35131 23.99308,90.35109 23.99329,90.35093 23.99344,90.35061 23.99371,90.35046 23.99383,90.35039 23.99389,90.35035 23.99392,90.35025 23.994,90.35014 23.99408,90.34985 23.99427,90.34958 23.99445,90.34937 23.9946,90.34919 23.99472,90.349 23.99486,90.3488 23.99502,90.34864 23.99516,90.34862 23.99512,90.34861 23.99511,90.34859 23.99509,90.3484 23.99489,90.34831 23.9948,90.34816 23.99467,90.34797 23.99452,90.34789 23.99447,90.34778 23.99439,90.34746 23.99415,90.34722 23.99408,90.34709 23.99407,90.34701 23.99407,90.34697 23.99407,90.34681 23.99409,90.34668 23.99411,90.3466 23.99428,90.34654 23.99441)"
1pk5FsrW6R22yhoJNDn0Y3bqIR31HlqaS,1pk5FsrW6R22yhoJNDn0Y3bqIR31HlqaS-L85,2026.EIS.BEPZA.000024.kmz,Directions from Uttara Sweater Manufacturing Company Ltd to Paschim Arazi Charaikhola,Directions from Uttara Sweater Manufacturing Company Ltd to Paschim Arazi Charaikhola,387,88.86237,25.85879,88.84613,25.86975,"LINESTRING(88.86237 25.85879,88.86226 25.85877,88.86217 25.85872,88.86204 25.85869,88.86204 25.85872,88.86194 25.85925,88.86192 25.85941,88.86253 25.8595,88.86421 25.85973,88.86481 25.85982,88.86509 25.85986,88.8659 25.85995,88.867 25.86012,88.86705 25.86012,88.86711 25.86012,88.86716 25.86012,88.86723 25.86012,88.86734 25.86011,88.86745 25.8601,88.86759 25.86008,88.8676 25.86008,88.86776 25.86004,88.86794 25.85999,88.868 25.85996,88.86816 25.85992,88.86827 25.85988,88.86881 25.85968,88.86886 25.85966,88.86913 25.85957,88.86964 25.85938,88.86972 25.85935,88.86975 25.85934,88.8699 25.85929,88.87008 25.85923,88.87038 25.85913,88.87045 25.85911,88.8705 25.85909,88.87063 25.85905,88.87105 25.85893,88.8712 25.85888,88.87142 25.85884,88.87151 25.85882,88.8714 25.85964,88.87137 25.85981,88.87136 25.85989,88.87136 25.85991,88.87138 25.86,88.87126 25.8608,88.87115 25.86155,88.87113 25.86169,88.87092 25.863,88.87077 25.86403,88.87063 25.86495,88.87046 25.8661,88.87041 25.86645,88.87036 25.86683,88.87029 25.8673,88.87016 25.86826,88.87009 25.86869,88.86966 25.86865,88.86881 25.86853,88.86877 25.86852,88.86873 25.8685,88.86871 25.86847,88.8687 25.86845,88.86868 25.86841,88.86868 25.8684,88.86868 25.86836,88.86868 25.8683,88.86867 25.86813,88.86866 25.86797,88.86862 25.86784,88.86859 25.86777,88.86855 25.86772,88.86849 25.86767,88.86838 25.8676,88.86824 25.86752,88.86803 25.86743,88.86785 25.86734,88.86762 25.86724,88.86738 25.86711,88.86701 25.86694,88.86684 25.86688,88.86678 25.86687,88.86665 25.86684,88.86644 25.86679,88.86635 25.86677,88.86628 25.86673,88.86624 25.8666,88.8662 25.86635,88.86615 25.86621,88.86609 25.86604,88.86588 25.86558,88.86569 25.86521,88.86563 25.86508,88.86551 25.8649,88.86541 25.86481,88.8652 25.86467,88.86465 25.86432,88.86383 25.86378,88.86357 25.86361,88.86324 25.86342,88.86315 25.86342,88.86309 25.86345,88.86274 25.86357,88.8626 25.86361,88.86249 25.86363,88.8623 25.86369,88.86219 25.86373,88.86202 25.86377,88.86191 25.8638,88.86177 25.86362,88.86168 25.8635,88.86155 25.86339,88.86143 25.86329,88.86128 25.86319,88.8611 25.86308,88.86072 25.86287,88.86056 25.86279,88.86037 25.86271,88.86024 25.86262,88.86015 25.86255,88.86008 25.86257,88.85991 25.86261,88.85983 25.86263,88.85969 25.86267,88.85955 25.86268,88.85938 25.86269,88.85901 25.86271,88.85881 25.86272,88.85854 25.86273,88.85821 25.86277,88.85819 25.86277,88.85794 25.86281,88.85764 25.86286,88.85745 25.8629,88.8574 25.86291,88.8571 25.86299,88.85696 25.86302,88.85668 25.86307,88.85667 25.86307,88.85653 25.86309,88.85637 25.86309,88.85616 25.86311,88.85595 25.86313,88.85582 25.86315,88.8556 25.86317,88.85529 25.86323,88.85529 25.86328,88.85529 25.86344,88.85529 25.86358,88.85528 25.86364,88.85527 25.86367,88.85526 25.86369,88.85525 25.8637,88.85523 25.86372,88.85518 25.86374,88.85512 25.86377,88.85508 25.8638,88.85507 25.86381,88.85505 25.86383,88.85505 25.86385,88.85504 25.86388,88.85501 25.86403,88.85498 25.86419,88.85496 25.86429,88.85495 25.86438,88.85494 25.8644,88.85497 25.86466,88.85497 25.8649,88.85497 25.86492,88.85497 25.86498,88.85496 25.86503,88.85495 25.86506,88.85492 25.86509,88.85489 25.86511,88.85488 25.86512,88.85485 25.86513,88.85477 25.86515,88.85443 25.86522,88.85426 25.86525,88.85414 25.86528,88.85408 25.8653,88.85405 25.86531,88.85404 25.86534,88.85402 25.86537,88.854 25.86542,88.85396 25.86551,88.85393 25.86555,88.85391 25.86557,88.85384 25.86565,88.85378 25.86575,88.85374 25.86581,88.85373 25.86584,88.85371 25.86586,88.85369 25.86587,88.85368 25.86588,88.85365 25.86589,88.85361 25.86589,88.85351 25.86588,88.85341 25.86586,88.85333 25.86586,88.85329 25.86586,88.85318 25.86588,88.85314 25.86589,88.853 25.86593,88.85279 25.86598,88.85259 25.86604,88.85246 25.86609,88.85242 25.86611,88.8524 25.86613,88.85238 25.86615,88.85235 25.86626,88.85231 25.86648,88.85231 25.86649,88.85229 25.86684,88.85227 25.867,88.85226 25.86707,88.85223 25.86716,88.85215 25.86732,88.85212 25.86736,88.85202 25.86755,88.85198 25.86765,88.85195 25.86776,88.85195 25.86787,88.85193 25.86821,88.85193 25.86823,88.85191 25.86834,88.85189 25.86841,88.85186 25.86853,88.85181 25.86875,88.85175 25.86898,88.85173 25.86904,88.85172 25.86908,88.85172 25.86909,88.85171 25.8691,88.85169 25.86912,88.85164 25.86915,88.85157 25.86918,88.85155 25.86919,88.85153 25.86921,88.85152 25.86922,88.8515 25.86926,88.85147 25.86932,88.85144 25.86947,88.85136 25.86971,88.85128 25.86993,88.85123 25.87005,88.85122 25.87008,88.85117 25.87023,88.85113 25.87031,88.8511 25.87035,88.85106 25.87037,88.85102 25.8704,88.85098 25.87043,88.85095 25.87045,88.85092 25.8705,88.85086 25.87062,88.85074 25.87088,88.85068 25.87099,88.85062 25.87112,88.85049 25.87134,88.85032 25.87165,88.85032 25.87166,88.85032 25.87167,88.85032 25.87168,88.85033 25.87169,88.85034 25.8717,88.85049 25.87176,88.85051 25.87177,88.85051 25.87178,88.85052 25.87178,88.85052 25.8718,88.85051 25.87189,88.85049 25.87196,88.85044 25.87213,88.85036 25.8723,88.85029 25.87239,88.85027 25.87241,88.85025 25.87241,88.85024 25.87242,88.85021 25.87242,88.85014 25.87242,88.85001 25.87241,88.84963 25.87234,88.84953 25.87232,88.84902 25.8722,88.84899 25.87219,88.8488 25.87216,88.84866 25.87213,88.84844 25.87208,88.84818 25.87202,88.848 25.87198,88.84796 25.87198,88.84794 25.87198,88.84793 25.87198,88.84792 25.87199,88.84792 25.872,88.84791 25.87203,88.84789 25.87208,88.84786 25.87215,88.84783 25.87219,88.84781 25.87221,88.84779 25.87222,88.84777 25.87223,88.84772 25.87223,88.84759 25.87223,88.84736 25.87221,88.84696 25.87218,88.84668 25.87218,88.84659 25.87218,88.84641 25.87217,88.84639 25.87217,88.84625 25.87215,88.84609 25.87212,88.846 25.87211,88.84592 25.87209,88.84574 25.87207,88.84543 25.87207,88.84538 25.87207,88.84534 25.87207,88.84529 25.87207,88.84521 25.87205,88.84519 25.87205,88.84518 25.87204,88.84517 25.87204,88.84517 25.87203,88.84516 25.87202,88.84515 25.87201,88.84515 25.87199,88.84515 25.87196,88.84516 25.87191,88.84517 25.87178,88.84517 25.87172,88.8452 25.87168,88.84522 25.87165,88.84522 25.8716,88.84523 25.87152,88.84524 25.87143,88.84525 25.87127,88.84526 25.8712,88.84527 25.87113,88.84528 25.87113,88.84528 25.87112,88.84529 25.87112,88.84537 25.87112,88.8454 25.87113,88.84541 25.87113,88.84542 25.87113,88.84543 25.87113,88.84543 25.87112,88.84544 25.87112,88.84544 25.87111,88.84545 25.87111,88.84546 25.87105,88.84547 25.87098,88.84548 25.87084,88.84551 25.8706,88.84553 25.87045,88.84554 25.87042,88.84556 25.8704,88.84557 25.87038,88.84559 25.87036,88.84559 25.87034,88.8456 25.87031,88.8456 25.87029,88.84559 25.87021,88.8456 25.87013,88.8456 25.87009,88.84561 25.87008,88.84561 25.87007,88.84562 25.87007,88.84563 25.87006,88.84566 25.87006,88.84569 25.87006,88.84575 25.87006,88.84581 25.87006,88.84587 25.87006,88.84593 25.87005,88.84597 25.87004,88.84601 25.87003,88.84604 25.87001,88.84606 25.86998,88.84608 25.86995,88.8461 25.86989,88.84612 25.86983,88.84613 25.86975)"
1rTJx0icVwhzVZtgbvkfADYWGR6e8UySG,1rTJx0icVwhzVZtgbvkfADYWGR6e8UySG-L86,2024.EIS.000043.kmz,"Directions from RQVH+PH7, Bangladesh to Tarasima Apparels Limited, N5, Manikganj","Directions from RQVH+PH7, Bangladesh to Tarasima Apparels Limited, N5, Manikganj",948,89.77886,23.84491,90.05172,23.90566,"LINESTRING(89.77886 23.84491,89.77882 23.8448,89.77878 23.8447,89.77872 23.84453,89.77866 23.84435,89.77841 23.84387,89.77844 23.8437,89.7785 23.84329,89.77858 23.84272,89.77859 23.84245,89.7786 23.84235,89.7786 23.84214,89.77863 23.84191,89.77864 23.8418,89.77892 23.84107,89.77971 23.84095,89.77989 23.84092,89.78071 23.84077,89.7817 23.84056,89.78158 23.83989,89.78157 23.8398,89.78146 23.83913,89.78137 23.83877,89.78135 23.83871,89.78132 23.83866,89.78122 23.83854,89.78119 23.8385,89.78115 23.83842,89.78108 23.83813,89.78102 23.83788,89.78079 23.83712,89.78097 23.83711,89.78132 23.83708,89.78155 23.83706,89.78164 23.83706,89.78173 23.83705,89.78185 23.83704,89.78192 23.83702,89.78202 23.83699,89.78212 23.83694,89.78222 23.83686,89.78234 23.83674,89.78244 23.83664,89.78264 23.83644,89.78514 23.83703,89.78558 23.83713,89.78672 23.83743,89.78775 23.83767,89.78839 23.83781,89.78857 23.83786,89.78908 23.83798,89.78914 23.838,89.78939 23.83806,89.79009 23.83822,89.79123 23.83849,89.79152 23.83855,89.79271 23.8388,89.79336 23.83895,89.79353 23.83899,89.79409 23.83911,89.79449 23.83919,89.79451 23.8392,89.79457 23.83921,89.79487 23.83929,89.795 23.83932,89.79549 23.83942,89.79593 23.83953,89.79601 23.83955,89.79611 23.83957,89.7962 23.83957,89.79688 23.83973,89.79708 23.83977,89.79732 23.83983,89.79749 23.83987,89.79798 23.83997,89.79873 23.84013,89.79962 23.84032,89.80025 23.84045,89.80089 23.84059,89.80115 23.84065,89.8014 23.8407,89.80196 23.84083,89.80229 23.84092,89.80233 23.84093,89.80275 23.84104,89.80322 23.84119,89.80361 23.8413,89.80366 23.84132,89.80406 23.84144,89.80433 23.8415,89.80469 23.84162,89.80493 23.8417,89.80514 23.84175,89.80547 23.84183,89.80548 23.84184,89.80567 23.84189,89.80613 23.84201,89.80658 23.84211,89.80695 23.8422,89.807 23.84221,89.80725 23.84227,89.80756 23.84235,89.80795 23.84244,89.80829 23.84251,89.80833 23.84253,89.80857 23.84259,89.80892 23.84268,89.80947 23.84281,89.80976 23.84289,89.80985 23.84291,89.80997 23.84295,89.81017 23.84302,89.8104 23.84313,89.81056 23.84322,89.81066 23.84327,89.81085 23.84337,89.81109 23.84348,89.81137 23.84362,89.81189 23.84386,89.81205 23.84392,89.81216 23.84399,89.81243 23.84409,89.81278 23.84419,89.81292 23.84423,89.81329 23.84434,89.81405 23.84454,89.8141 23.84455,89.81424 23.84459,89.815 23.8448,89.81519 23.84485,89.81538 23.8449,89.81565 23.84497,89.81577 23.84499,89.8158 23.845,89.81617 23.84507,89.81674 23.84517,89.81694 23.8452,89.81713 23.84523,89.81766 23.84531,89.81805 23.84537,89.81823 23.84538,89.81869 23.84546,89.81922 23.84549,89.81949 23.84551,89.82011 23.84553,89.82024 23.84555,89.82056 23.84558,89.82076 23.84559,89.82085 23.8456,89.82108 23.84561,89.82115 23.84561,89.8213 23.84562,89.82154 23.84562,89.82169 23.84563,89.82188 23.84562,89.82189 23.84562,89.82194 23.84561,89.8225 23.84558,89.82309 23.84555,89.82322 23.84554,89.8233 23.84554,89.82369 23.84552,89.82373 23.84552,89.82427 23.84552,89.82444 23.84552,89.82451 23.84552,89.82455 23.84552,89.82485 23.84554,89.82547 23.84557,89.82607 23.8456,89.82675 23.84564,89.8268 23.84566,89.82687 23.84567,89.82712 23.84569,89.82955 23.84589,89.82997 23.84589,89.83065 23.84592,89.83074 23.84589,89.83124 23.84593,89.83131 23.84593,89.83156 23.84595,89.83171 23.84596,89.8319 23.84596,89.83192 23.84597,89.83194 23.84597,89.83208 23.84597,89.83209 23.84597,89.83211 23.84597,89.83231 23.84597,89.83255 23.84598,89.83279 23.84597,89.83307 23.84596,89.83365 23.84592,89.83444 23.84586,89.83472 23.84584,89.83502 23.84582,89.83531 23.8458,89.83562 23.84577,89.83586 23.84574,89.83658 23.84564,89.83686 23.8456,89.83722 23.84556,89.83773 23.8455,89.83797 23.84547,89.8382 23.84547,89.83841 23.84546,89.8386 23.84542,89.83873 23.8454,89.83888 23.8454,89.83913 23.84545,89.83929 23.84549,89.8395 23.8455,89.83979 23.84551,89.83999 23.84551,89.84002 23.84552,89.84035 23.84555,89.84113 23.84563,89.84157 23.84568,89.8418 23.84572,89.84226 23.84578,89.84274 23.84584,89.84316 23.8459,89.84321 23.8459,89.84361 23.84593,89.84392 23.84594,89.84427 23.84599,89.84465 23.84607,89.84543 23.84628,89.84566 23.84634,89.84648 23.84657,89.84664 23.84662,89.84684 23.84668,89.84707 23.84675,89.8475 23.84688,89.84777 23.84696,89.84789 23.84702,89.84793 23.84704,89.84814 23.8471,89.84854 23.84722,89.84927 23.84745,89.84982 23.84764,89.85004 23.84772,89.85124 23.84814,89.85184 23.84834,89.85203 23.84839,89.85218 23.84842,89.85238 23.84843,89.85285 23.84849,89.85345 23.84858,89.85362 23.8486,89.85377 23.84862,89.85382 23.84862,89.85498 23.84876,89.85541 23.84882,89.85572 23.84888,89.85598 23.84894,89.85629 23.849,89.85717 23.84912,89.85779 23.84924,89.85856 23.84938,89.86019 23.84968,89.86041 23.84973,89.86199 23.85004,89.86245 23.85013,89.86284 23.85021,89.86371 23.85039,89.86386 23.85042,89.86394 23.85041,89.86403 23.85039,89.86413 23.8504,89.86421 23.85042,89.86432 23.85045,89.86443 23.85048,89.86455 23.85053,89.86471 23.85058,89.8649 23.85064,89.86509 23.85066,89.86521 23.85067,89.86537 23.85072,89.86546 23.85074,89.86588 23.85084,89.86633 23.85091,89.86689 23.85101,89.8674 23.85111,89.86807 23.85124,89.86841 23.8513,89.86895 23.85137,89.86921 23.85139,89.86987 23.85147,89.87059 23.85153,89.87117 23.85161,89.8714 23.85162,89.87162 23.85164,89.87183 23.85164,89.87208 23.85163,89.87236 23.85159,89.87262 23.85153,89.87287 23.85148,89.87311 23.85141,89.87332 23.85136,89.87396 23.85119,89.87506 23.85093,89.87614 23.85066,89.87623 23.85064,89.87691 23.85047,89.87725 23.85039,89.87748 23.85034,89.87795 23.85021,89.87806 23.85017,89.87811 23.85016,89.87862 23.85001,89.87924 23.84983,89.87963 23.84973,89.8811 23.84934,89.88129 23.84929,89.88145 23.84926,89.88169 23.84922,89.88181 23.84921,89.88217 23.84914,89.88276 23.84905,89.88294 23.84903,89.88317 23.84901,89.88332 23.84899,89.88395 23.84889,89.8843 23.84886,89.88451 23.84883,89.88471 23.84877,89.88476 23.84876,89.88501 23.84872,89.88516 23.8487,89.88553 23.84866,89.88556 23.84866,89.88575 23.84865,89.88595 23.84864,89.88596 23.84864,89.88612 23.84863,89.88627 23.84863,89.88647 23.84864,89.88666 23.84865,89.88704 23.84867,89.88712 23.84868,89.88769 23.84874,89.8877 23.84874,89.88779 23.84875,89.88828 23.84881,89.88886 23.84887,89.88944 23.84896,89.88972 23.849,89.89089 23.84915,89.89179 23.84927,89.89182 23.84929,89.89184 23.8493,89.89186 23.84931,89.89205 23.84934,89.89239 23.8494,89.89287 23.84948,89.89338 23.84959,89.89343 23.84959,89.89349 23.84958,89.89466 23.8498,89.89647 23.85001,89.89752 23.8501,89.89794 23.85013,89.89814 23.85015,89.89855 23.8502,89.89886 23.85025,89.89956 23.85036,89.89983 23.85041,89.90052 23.85056,89.90095 23.85065,89.9016 23.8508,89.90252 23.85096,89.90285 23.85102,89.90305 23.85106,89.90316 23.85108,89.90381 23.85126,89.904 23.8513,89.90438 23.85139,89.90592 23.85171,89.90955 23.8525,89.90966 23.85256,89.90981 23.8526,89.91028 23.85275,89.91051 23.85284,89.91092 23.85299,89.91129 23.85313,89.91157 23.85323,89.91188 23.85334,89.91249 23.85357,89.91297 23.85373,89.91337 23.85387,89.9137 23.85399,89.91409 23.85412,89.91437 23.85421,89.91453 23.85427,89.91478 23.85432,89.91498 23.85439,89.91514 23.85443,89.91559 23.8545,89.91596 23.85455,89.91619 23.85457,89.91716 23.85469,89.91788 23.85477,89.91829 23.85482,89.91858 23.85486,89.91878 23.85488,89.9191 23.85491,89.91956 23.85496,89.91961 23.85496,89.91994 23.85499,89.9203 23.85501,89.92113 23.85502,89.92239 23.855,89.92316 23.85497,89.9232 23.85498,89.92343 23.85498,89.92365 23.85497,89.92379 23.85496,89.92396 23.85494,89.92414 23.8549,89.9243 23.85487,89.92433 23.85486,89.92468 23.85478,89.92497 23.85472,89.92519 23.85467,89.92546 23.85458,89.92558 23.85452,89.92627 23.8542,89.92645 23.85412,89.92715 23.85379,89.92821 23.85331,89.92837 23.85322,89.92867 23.85309,89.92892 23.85298,89.92897 23.85296,89.92913 23.8529,89.92936 23.85284,89.93051 23.85257,89.93141 23.85237,89.93234 23.85216,89.934 23.85176,89.93542 23.85145,89.93618 23.85129,89.93737 23.85103,89.9381 23.85089,89.93823 23.85086,89.93849 23.85082,89.93884 23.85077,89.93928 23.85073,89.93962 23.85073,89.93987 23.85071,89.94004 23.85071,89.94007 23.8507,89.94038 23.85068,89.94056 23.85067,89.94075 23.85063,89.94139 23.85048,89.94149 23.85046,89.94173 23.85041,89.94203 23.85036,89.94232 23.8503,89.94256 23.85023,89.94279 23.85015,89.94298 23.85007,89.94319 23.84996,89.94338 23.84986,89.94353 23.84978,89.9437 23.84969,89.94382 23.84964,89.94399 23.84956,89.94422 23.84948,89.94449 23.84942,89.94475 23.84937,89.94505 23.84932,89.9454 23.84925,89.94551 23.84924,89.94625 23.84916,89.94644 23.84915,89.94648 23.84914,89.94659 23.84913,89.94667 23.84913,89.94668 23.84913,89.94675 23.84912,89.94676 23.84912,89.94713 23.84909,89.94767 23.84904,89.94861 23.84894,89.94866 23.84894,89.94886 23.84892,89.94924 23.84888,89.94929 23.84888,89.94957 23.84885,89.95005 23.84882,89.95042 23.84881,89.95046 23.84881,89.95052 23.84883,89.95093 23.84891,89.95124 23.849,89.95126 23.84901,89.95127 23.84901,89.95144 23.84908,89.95151 23.8491,89.95157 23.84913,89.95158 23.84913,89.95179 23.84923,89.95182 23.84924,89.95187 23.84926,89.95207 23.84936,89.95218 23.84943,89.9523 23.84951,89.95241 23.84959,89.95251 23.84966,89.9526 23.84973,89.95276 23.8499,89.9529 23.85007,89.95308 23.85032,89.95317 23.85043,89.9532 23.85047,89.95323 23.85051,89.95329 23.85063,89.95362 23.8511,89.95388 23.85143,89.95433 23.85202,89.95444 23.85216,89.95451 23.85225,89.9547 23.8525,89.95507 23.85299,89.95532 23.85333,89.95533 23.85335,89.95567 23.85379,89.95578 23.85394,89.9558 23.85397,89.95582 23.854,89.95595 23.85417,89.95625 23.85456,89.95659 23.85501,89.95675 23.85523,89.9568 23.85531,89.95691 23.85546,89.95692 23.85547,89.95694 23.85549,89.95713 23.85577,89.95723 23.85591,89.95735 23.8561,89.95762 23.85654,89.95767 23.85662,89.95772 23.8567,89.95774 23.85672,89.95781 23.85683,89.95783 23.85687,89.9579 23.85699,89.95793 23.85703,89.958 23.85714,89.9581 23.8573,89.95813 23.85734,89.9582 23.85745,89.95822 23.8575,89.95829 23.85761,89.95837 23.85772,89.95842 23.85781,89.95849 23.85792,89.95852 23.85797,89.95862 23.85812,89.95878 23.85839,89.95888 23.85855,89.9589 23.85857,89.95891 23.85859,89.95908 23.85886,89.95911 23.8589,89.95918 23.85901,89.95921 23.85905,89.95941 23.85936,89.95961 23.85967,89.95968 23.85979,89.95971 23.85983,89.95977 23.85992,89.95978 23.85994,89.95981 23.85998,89.95991 23.86014,89.95998 23.86025,89.96007 23.86038,89.96009 23.8604,89.96019 23.86056,89.96028 23.86071,89.96031 23.86076,89.96038 23.86087,89.96041 23.86091,89.96048 23.86102,89.96053 23.86109,89.96059 23.86118,89.96061 23.86122,89.96069 23.86133,89.96072 23.86137,89.96072 23.86138,89.96078 23.86143,89.96088 23.86165,89.96106 23.86196,89.96116 23.86212,89.96132 23.86232,89.96139 23.86245,89.96166 23.86295,89.96174 23.86309,89.96182 23.86325,89.96192 23.86344,89.96202 23.8636,89.96208 23.86371,89.96219 23.86389,89.96224 23.86397,89.96245 23.86434,89.96264 23.86466,89.9627 23.86477,89.96325 23.86572,89.96328 23.86577,89.96355 23.86625,89.96359 23.86632,89.96413 23.86717,89.96433 23.86759,89.96436 23.86764,89.96458 23.86803,89.96495 23.86867,89.96516 23.86904,89.96536 23.86938,89.96546 23.86952,89.9655 23.86964,89.96553 23.86969,89.96557 23.86975,89.96569 23.86992,89.96575 23.86999,89.96579 23.87003,89.96585 23.87009,89.96591 23.87015,89.96598 23.8702,89.96604 23.87024,89.96606 23.87025,89.96621 23.87034,89.96643 23.87043,89.96644 23.87043,89.96662 23.87049,89.96679 23.87055,89.9668 23.87056,89.96708 23.87065,89.96723 23.8707,89.96736 23.87072,89.96866 23.87118,89.96921 23.87132,89.97096 23.87192,89.97106 23.87197,89.97126 23.87204,89.97153 23.87213,89.97184 23.8722,89.97213 23.87223,89.97247 23.87224,89.97272 23.87224,89.97282 23.87224,89.97311 23.87226,89.97322 23.87226,89.97334 23.87227,89.97452 23.87231,89.97472 23.87231,89.97549 23.87234,89.9759 23.87236,89.9761 23.87236,89.97701 23.8724,89.97728 23.87241,89.97826 23.87245,89.97845 23.87245,89.97877 23.87245,89.97987 23.87238,89.98004 23.87235,89.98037 23.8723,89.98173 23.87203,89.98206 23.87198,89.98282 23.87184,89.98319 23.87179,89.98451 23.87154,89.98542 23.87136,89.9863 23.87119,89.98675 23.8711,89.98796 23.87088,89.98905 23.87065,89.98954 23.87056,89.9914 23.87018,89.99174 23.87011,89.99211 23.87002,89.99235 23.86996,89.99279 23.86985,89.99298 23.86983,89.9931 23.86982,89.99314 23.86982,89.99318 23.86982,89.99329 23.86981,89.99332 23.86981,89.99355 23.86983,89.99372 23.86986,89.99405 23.86993,89.99437 23.86998,89.99444 23.86998,89.99488 23.87007,89.99557 23.87018,89.99585 23.87021,89.99622 23.87029,89.99635 23.87037,89.99654 23.87042,89.99795 23.87073,89.99815 23.87077,89.99826 23.8708,89.99869 23.87087,89.99908 23.87093,89.99925 23.87095,89.99938 23.87098,89.99966 23.87102,89.99993 23.87103,89.99997 23.87104,90.00048 23.87112,90.001 23.87119,90.0012 23.87122,90.00173 23.87132,90.00181 23.87133,90.00208 23.87138,90.00266 23.87149,90.00279 23.87151,90.0028 23.87151,90.0032 23.87158,90.00333 23.8716,90.00334 23.8716,90.0034 23.87161,90.00395 23.8717,90.00446 23.8718,90.00526 23.87194,90.00559 23.872,90.00569 23.87202,90.00604 23.87205,90.00644 23.87211,90.00664 23.87215,90.00728 23.87226,90.00744 23.87229,90.00788 23.87237,90.00808 23.87241,90.00851 23.87249,90.00879 23.87254,90.00989 23.87273,90.01039 23.87283,90.01104 23.87293,90.01165 23.87304,90.01174 23.87306,90.01184 23.87308,90.01185 23.87308,90.01194 23.87309,90.01203 23.87311,90.01233 23.87316,90.01258 23.87321,90.01279 23.87325,90.01299 23.87329,90.013 23.87329,90.01308 23.87331,90.01313 23.87333,90.01322 23.87337,90.01331 23.87342,90.01341 23.87348,90.0135 23.87354,90.0136 23.87362,90.01364 23.87365,90.01411 23.87403,90.01458 23.87441,90.01491 23.87473,90.01522 23.87501,90.0153 23.87509,90.01584 23.87557,90.01586 23.87559,90.01626 23.87595,90.01658 23.87622,90.01664 23.87627,90.01706 23.87664,90.0173 23.87686,90.01746 23.87701,90.01765 23.87718,90.01828 23.87774,90.01837 23.87782,90.01891 23.87825,90.01921 23.87848,90.01938 23.87857,90.0198 23.87881,90.01996 23.8789,90.02013 23.879,90.02032 23.87911,90.02041 23.87916,90.02058 23.87926,90.02074 23.87936,90.02078 23.87938,90.02113 23.87958,90.02168 23.87984,90.02198 23.87994,90.02214 23.88,90.02235 23.88006,90.02253 23.8801,90.023 23.88017,90.02322 23.88021,90.02358 23.88026,90.0239 23.88031,90.02397 23.88032,90.02486 23.88044,90.02507 23.88047,90.02526 23.8805,90.02565 23.88056,90.02607 23.88062,90.02623 23.88065,90.02643 23.88068,90.02673 23.88073,90.02681 23.88075,90.02701 23.88078,90.02739 23.88085,90.0274 23.88085,90.02759 23.88088,90.02811 23.88095,90.02817 23.88096,90.02836 23.88099,90.02837 23.88099,90.02874 23.88108,90.02884 23.8811,90.02906 23.88116,90.02921 23.88121,90.02949 23.88129,90.02959 23.88132,90.02985 23.8814,90.02986 23.88141,90.02996 23.88145,90.03003 23.88149,90.03006 23.88151,90.03017 23.88159,90.03029 23.8817,90.03033 23.88174,90.0304 23.88182,90.0305 23.88193,90.03056 23.88202,90.03058 23.88205,90.03067 23.88217,90.03073 23.88227,90.03077 23.88233,90.03083 23.88243,90.03101 23.88276,90.03108 23.88288,90.03109 23.8829,90.03115 23.88295,90.03128 23.88321,90.03153 23.88377,90.03162 23.88396,90.03208 23.88496,90.03213 23.88508,90.03223 23.88533,90.03241 23.88575,90.03263 23.88626,90.03274 23.88651,90.03301 23.88709,90.03304 23.88715,90.03313 23.88736,90.03332 23.8878,90.03337 23.88791,90.03371 23.88873,90.03413 23.88962,90.03415 23.88966,90.03423 23.88984,90.0343 23.89001,90.03436 23.89019,90.03481 23.89119,90.03503 23.89169,90.03527 23.89222,90.03547 23.89267,90.03551 23.89277,90.03555 23.89286,90.03569 23.89317,90.03581 23.89341,90.03592 23.89364,90.03599 23.89383,90.03627 23.89449,90.03655 23.89515,90.03675 23.89564,90.03691 23.89601,90.0372 23.89668,90.03729 23.89688,90.03744 23.89719,90.03752 23.89736,90.03783 23.89799,90.03784 23.89801,90.03791 23.89814,90.03807 23.89851,90.03817 23.89876,90.0382 23.89883,90.03834 23.89918,90.03853 23.89961,90.03876 23.90003,90.03912 23.90068,90.03937 23.90107,90.03947 23.90122,90.03956 23.90135,90.03958 23.90138,90.03965 23.90148,90.03975 23.90162,90.03981 23.90169,90.03997 23.90186,90.04011 23.90199,90.0402 23.90207,90.04084 23.90268,90.04102 23.90285,90.04145 23.90326,90.04245 23.9042,90.04246 23.90422,90.04299 23.90472,90.04302 23.90478,90.04307 23.90485,90.04324 23.90499,90.04347 23.90515,90.04354 23.90521,90.0436 23.90524,90.04379 23.90534,90.04403 23.90545,90.04419 23.90551,90.04421 23.90551,90.0443 23.90553,90.04437 23.90554,90.04445 23.90553,90.0446 23.90557,90.04513 23.90564,90.04518 23.90565,90.04519 23.90565,90.0452 23.90565,90.04521 23.90565,90.04537 23.90568,90.04591 23.90577,90.04632 23.90583,90.04651 23.90585,90.0469 23.90591,90.04731 23.90596,90.04767 23.90601,90.04769 23.90602,90.0477 23.90602,90.04789 23.90604,90.0479 23.90605,90.04828 23.9061,90.04922 23.90624,90.04923 23.90624,90.05022 23.90639,90.05038 23.90641,90.051 23.90649,90.05141 23.90656,90.0515 23.90627,90.05168 23.90576,90.0517 23.90571,90.05172 23.90566)"
1rTWHRsBhAP1DdqIbLCmihuiP-C7cp88a,1rTWHRsBhAP1DdqIbLCmihuiP-C7cp88a-L87,2025.EIS.000060.kmz,"Directions from Colotex Apparel Limited- কলোটেক্স এ্যাপারেল লিমিটেড, Gazipur to Telipara, Gazipur","Directions from Colotex Apparel Limited- কলোটেক্স এ্যাপারেল লিমিটেড, Gazipur to Telipara, Gazipur",667,90.38451,24.0183,90.38542,23.99632,"LINESTRING(90.38451 24.0183,90.38456 24.01879,90.38458 24.01895,90.38472 24.02033,90.38476 24.02086,90.3848 24.0214,90.38484 24.02171,90.38485 24.02188,90.3849 24.0223,90.38495 24.02283,90.38499 24.02321,90.38505 24.02376,90.38514 24.02473,90.38516 24.02491,90.38516 24.025,90.3852 24.02545,90.38525 24.02589,90.38528 24.02608,90.38532 24.02633,90.38536 24.02653,90.38538 24.02665,90.38542 24.02687,90.38545 24.02698,90.38545 24.02701,90.38547 24.02709,90.3855 24.0272,90.38553 24.02732,90.3856 24.02752,90.38567 24.0277,90.38567 24.02771,90.38574 24.02787,90.38581 24.02804,90.38588 24.02821,90.38609 24.02871,90.38616 24.02888,90.38622 24.02902,90.38628 24.02917,90.38661 24.03,90.38671 24.03025,90.38683 24.03053,90.38698 24.03089,90.38699 24.03092,90.38718 24.03142,90.38727 24.03169,90.38736 24.03199,90.38739 24.03211,90.38743 24.03225,90.38747 24.03238,90.3875 24.0325,90.38753 24.03263,90.3876 24.03304,90.38766 24.03348,90.38769 24.03363,90.38769 24.03364,90.3877 24.03373,90.38771 24.03381,90.38772 24.03382,90.38779 24.03434,90.38781 24.0345,90.3879 24.03508,90.38794 24.03541,90.38807 24.03629,90.38808 24.03642,90.38824 24.03767,90.38826 24.03776,90.38833 24.03837,90.3884 24.03887,90.38863 24.0405,90.38867 24.04076,90.38871 24.04103,90.38893 24.04254,90.389 24.043,90.38905 24.04335,90.3891 24.04365,90.38926 24.04468,90.3893 24.04496,90.38932 24.04509,90.38933 24.04529,90.38934 24.04541,90.38934 24.04554,90.38934 24.04567,90.38933 24.0457,90.38933 24.04584,90.38933 24.04585,90.38932 24.046,90.38931 24.04603,90.3893 24.04616,90.38925 24.04644,90.38917 24.04677,90.38909 24.04709,90.389 24.04748,90.38891 24.04797,90.38888 24.04812,90.38877 24.04876,90.38867 24.0494,90.38866 24.0495,90.38856 24.05011,90.38838 24.05119,90.3883 24.05175,90.38823 24.0523,90.38817 24.0532,90.38829 24.05318,90.38836 24.05237,90.38838 24.05213,90.38839 24.05202,90.3884 24.05188,90.38846 24.05153,90.3886 24.05068,90.38861 24.0506,90.38868 24.05018,90.38881 24.04929,90.38886 24.04894,90.38891 24.04863,90.38903 24.04793,90.38921 24.04704,90.38938 24.04634,90.3894 24.04623,90.38942 24.04612,90.38945 24.04587,90.38946 24.04562,90.38945 24.04534,90.38944 24.04506,90.38943 24.04492,90.3894 24.04476,90.38936 24.0445,90.38924 24.04371,90.38919 24.04334,90.38914 24.04298,90.38893 24.04155,90.3889 24.04138,90.38875 24.04041,90.38867 24.03991,90.38863 24.0397,90.38852 24.03882,90.38852 24.03881,90.38845 24.03827,90.38839 24.03777,90.38831 24.03723,90.38822 24.03652,90.38807 24.03546,90.38804 24.0352,90.38798 24.0348,90.38796 24.0347,90.38793 24.03447,90.38788 24.03408,90.38784 24.03381,90.38782 24.03365,90.38773 24.03304,90.3877 24.03283,90.38766 24.03263,90.38761 24.03244,90.38756 24.03226,90.3875 24.03209,90.38747 24.03197,90.38706 24.0309,90.38705 24.03088,90.38672 24.03004,90.38654 24.02961,90.38635 24.02915,90.3863 24.02903,90.38625 24.02891,90.38622 24.02885,90.38616 24.02868,90.38611 24.02856,90.38597 24.02822,90.38595 24.02818,90.38574 24.02767,90.38574 24.02766,90.3857 24.02755,90.38566 24.02745,90.38559 24.02722,90.38558 24.02718,90.38556 24.02709,90.38554 24.027,90.38551 24.02685,90.38547 24.02652,90.38536 24.02567,90.38532 24.02536,90.38516 24.0236,90.3851 24.02309,90.38504 24.02253,90.38494 24.02142,90.38492 24.02127,90.38492 24.02117,90.38486 24.0206,90.38485 24.02047,90.38483 24.02028,90.3848 24.01995,90.38467 24.01867,90.38461 24.01799,90.38441 24.01595,90.38433 24.01541,90.38426 24.0146,90.38422 24.01418,90.38403 24.01228,90.38398 24.01172,90.38397 24.01158,90.38391 24.01099,90.38388 24.01072,90.38388 24.01067,90.3838 24.00991,90.3837 24.00879,90.38367 24.00853,90.38367 24.00846,90.38361 24.00793,90.38358 24.00762,90.38356 24.00736,90.38352 24.00694,90.38349 24.00662,90.3834 24.00563,90.38338 24.0055,90.38336 24.00532,90.38326 24.00417,90.38317 24.00327,90.38309 24.00254,90.38306 24.0022,90.38293 24.00076,90.38282 23.99962,90.38281 23.99954,90.3828 23.99929,90.3828 23.99911,90.38279 23.99884,90.3828 23.99806,90.38279 23.99798,90.38277 23.99781,90.38275 23.99764,90.38271 23.99725,90.38269 23.99708,90.38264 23.99661,90.38263 23.99654,90.38257 23.99587,90.38257 23.99553,90.38255 23.99518,90.38253 23.99493,90.38249 23.99463,90.38246 23.99434,90.38242 23.99386,90.38237 23.9934,90.38233 23.99268,90.38227 23.99177,90.38221 23.99108,90.38218 23.99064,90.38213 23.99028,90.38209 23.99009,90.38207 23.98993,90.38202 23.98963,90.382 23.98948,90.38194 23.98927,90.38194 23.98912,90.38193 23.98871,90.38192 23.98855,90.3819 23.98824,90.38185 23.98774,90.38175 23.98682,90.38174 23.98674,90.38172 23.98656,90.38166 23.98591,90.38165 23.98585,90.38154 23.98473,90.38149 23.98422,90.38147 23.98406,90.38143 23.98388,90.38143 23.98377,90.38134 23.98316,90.38125 23.98255,90.3812 23.98193,90.38112 23.9812,90.38108 23.98086,90.38108 23.98084,90.38105 23.98047,90.38101 23.9801,90.38093 23.97929,90.38091 23.979,90.38089 23.97881,90.38089 23.97863,90.38086 23.97823,90.3808 23.97755,90.38078 23.9774,90.38072 23.9774,90.38052 23.97741,90.38056 23.97755,90.38063 23.97832,90.38068 23.97869,90.38076 23.97963,90.38079 23.97991,90.38084 23.98036,90.38087 23.98064,90.38092 23.98099,90.38097 23.98151,90.38097 23.98153,90.38102 23.98197,90.38107 23.98247,90.38107 23.98251,90.38109 23.98269,90.38109 23.9827,90.38111 23.98287,90.38116 23.98319,90.38116 23.98322,90.3812 23.98353,90.38121 23.98364,90.38125 23.98379,90.38126 23.98395,90.38127 23.98405,90.38127 23.98408,90.38126 23.98423,90.38133 23.98491,90.38137 23.98533,90.38137 23.98534,90.38139 23.98551,90.38144 23.98587,90.38152 23.98677,90.38154 23.98694,90.38158 23.9873,90.38161 23.98762,90.38166 23.9882,90.38167 23.98829,90.38168 23.98879,90.38169 23.98884,90.3817 23.98902,90.38173 23.98921,90.38174 23.9894,90.38175 23.98947,90.38175 23.98964,90.38176 23.98969,90.38182 23.98989,90.38183 23.98994,90.38185 23.99001,90.38188 23.99017,90.3819 23.99029,90.38192 23.99038,90.38198 23.99106,90.38202 23.9916,90.38208 23.99225,90.38213 23.99285,90.38221 23.99356,90.3823 23.99438,90.38234 23.99492,90.38234 23.995,90.38239 23.99565,90.38245 23.99611,90.3825 23.99645,90.38264 23.99767,90.38264 23.9977,90.38265 23.9977,90.38265 23.99773,90.38266 23.99781,90.38266 23.99784,90.38266 23.99788,90.38266 23.99791,90.38267 23.99799,90.38267 23.99801,90.38268 23.9982,90.38268 23.99843,90.38267 23.9986,90.38267 23.99875,90.38266 23.99883,90.38266 23.99902,90.38267 23.99944,90.38268 23.99967,90.38269 23.99977,90.38273 24.00021,90.38278 24.00066,90.38278 24.00068,90.38285 24.00137,90.38296 24.00246,90.38297 24.00253,90.38313 24.00424,90.3832 24.00493,90.38325 24.00549,90.38327 24.00571,90.38336 24.00661,90.38347 24.00779,90.38349 24.00797,90.38355 24.00851,90.38367 24.00987,90.38368 24.00992,90.38376 24.01078,90.38386 24.01173,90.38392 24.01224,90.38404 24.01351,90.38408 24.01406,90.38415 24.01472,90.3842 24.01523,90.38426 24.01584,90.38448 24.01796,90.38449 24.01808,90.38456 24.01879,90.38458 24.01895,90.38472 24.02033,90.38476 24.02086,90.3848 24.0214,90.38484 24.02171,90.38485 24.02188,90.3849 24.0223,90.38495 24.02283,90.38499 24.02321,90.38505 24.02376,90.38514 24.02473,90.38516 24.02491,90.38516 24.025,90.3852 24.02545,90.38525 24.02589,90.38528 24.02608,90.38532 24.02633,90.38536 24.02653,90.38538 24.02665,90.38542 24.02687,90.38545 24.02698,90.38545 24.02701,90.38547 24.02709,90.3855 24.0272,90.38553 24.02732,90.3856 24.02752,90.38567 24.0277,90.38567 24.02771,90.38574 24.02787,90.38581 24.02804,90.38588 24.02821,90.38609 24.02871,90.38616 24.02888,90.38622 24.02902,90.38628 24.02917,90.38661 24.03,90.38671 24.03025,90.38683 24.03053,90.38698 24.03089,90.38699 24.03092,90.38718 24.03142,90.38727 24.03169,90.38736 24.03199,90.38739 24.03211,90.38743 24.03225,90.38747 24.03238,90.3875 24.0325,90.38753 24.03263,90.3876 24.03304,90.38766 24.03348,90.38769 24.03363,90.38769 24.03364,90.3877 24.03373,90.38771 24.03381,90.38772 24.03382,90.38779 24.03434,90.38781 24.0345,90.3879 24.03508,90.38794 24.03541,90.38807 24.03629,90.38808 24.03642,90.38824 24.03767,90.38826 24.03776,90.38833 24.03837,90.3884 24.03887,90.38863 24.0405,90.38867 24.04076,90.38871 24.04103,90.38893 24.04254,90.389 24.043,90.38905 24.04335,90.3891 24.04365,90.38926 24.04468,90.3893 24.04496,90.38932 24.04509,90.38933 24.04529,90.38934 24.04541,90.38934 24.04554,90.38934 24.04567,90.38933 24.0457,90.38933 24.04584,90.38933 24.04585,90.38932 24.046,90.38931 24.04603,90.3893 24.04616,90.38925 24.04644,90.38917 24.04677,90.38909 24.04709,90.389 24.04748,90.38891 24.04797,90.38888 24.04812,90.38877 24.04876,90.38867 24.0494,90.38866 24.0495,90.38856 24.05011,90.38838 24.05119,90.3883 24.05175,90.38823 24.0523,90.38817 24.0532,90.38829 24.05318,90.38836 24.05237,90.38838 24.05213,90.38839 24.05202,90.3884 24.05188,90.38846 24.05153,90.3886 24.05068,90.38861 24.0506,90.38868 24.05018,90.38881 24.04929,90.38886 24.04894,90.38891 24.04863,90.38903 24.04793,90.38921 24.04704,90.38938 24.04634,90.3894 24.04623,90.38942 24.04612,90.38945 24.04587,90.38946 24.04562,90.38945 24.04534,90.38944 24.04506,90.38943 24.04492,90.3894 24.04476,90.38936 24.0445,90.38924 24.04371,90.38919 24.04334,90.38914 24.04298,90.38893 24.04155,90.3889 24.04138,90.38875 24.04041,90.38867 24.03991,90.38863 24.0397,90.38852 24.03882,90.38852 24.03881,90.38845 24.03827,90.38839 24.03777,90.38831 24.03723,90.38822 24.03652,90.38807 24.03546,90.38804 24.0352,90.38798 24.0348,90.38796 24.0347,90.38793 24.03447,90.38788 24.03408,90.38784 24.03381,90.38782 24.03365,90.38773 24.03304,90.3877 24.03283,90.38766 24.03263,90.38761 24.03244,90.38756 24.03226,90.3875 24.03209,90.38747 24.03197,90.38706 24.0309,90.38705 24.03088,90.38672 24.03004,90.38654 24.02961,90.38635 24.02915,90.3863 24.02903,90.38625 24.02891,90.38622 24.02885,90.38616 24.02868,90.38611 24.02856,90.38597 24.02822,90.38595 24.02818,90.38574 24.02767,90.38574 24.02766,90.3857 24.02755,90.38566 24.02745,90.38559 24.02722,90.38558 24.02718,90.38556 24.02709,90.38554 24.027,90.38551 24.02685,90.38547 24.02652,90.38536 24.02567,90.38532 24.02536,90.38516 24.0236,90.3851 24.02309,90.38504 24.02253,90.38494 24.02142,90.38492 24.02127,90.38492 24.02117,90.38486 24.0206,90.38485 24.02047,90.38483 24.02028,90.3848 24.01995,90.38467 24.01867,90.38461 24.01799,90.38441 24.01595,90.38433 24.01541,90.38426 24.0146,90.38422 24.01418,90.38403 24.01228,90.38398 24.01172,90.38397 24.01158,90.38391 24.01099,90.38388 24.01072,90.38388 24.01067,90.3838 24.00991,90.3837 24.00879,90.38367 24.00853,90.38367 24.00846,90.38361 24.00793,90.38358 24.00762,90.38356 24.00736,90.38352 24.00694,90.38349 24.00662,90.3834 24.00563,90.38338 24.0055,90.38336 24.00532,90.38326 24.00417,90.38317 24.00327,90.38309 24.00254,90.38306 24.0022,90.38293 24.00076,90.38282 23.99962,90.38281 23.99954,90.3828 23.99929,90.3828 23.99911,90.38279 23.99884,90.3828 23.99806,90.38279 23.99798,90.38277 23.99781,90.38275 23.99764,90.38271 23.99725,90.38269 23.99708,90.38264 23.99661,90.38263 23.99654,90.38257 23.99587,90.38257 23.99553,90.38255 23.99518,90.38268 23.99518,90.3828 23.99519,90.38287 23.9952,90.38311 23.99525,90.38315 23.99527,90.38326 23.99531,90.38333 23.99535,90.3834 23.99537,90.38346 23.99539,90.38355 23.99542,90.38361 23.99543,90.38365 23.99544,90.38369 23.99546,90.3837 23.99546,90.38373 23.99547,90.38379 23.99551,90.38381 23.99553,90.38382 23.99554,90.38382 23.99555,90.38382 23.99556,90.38381 23.99558,90.38378 23.99568,90.38378 23.9957,90.38378 23.99572,90.38378 23.99573,90.38379 23.99576,90.3839 23.9959,90.38407 23.9961,90.38408 23.99612,90.38409 23.99613,90.3841 23.99613,90.38411 23.99614,90.38412 23.99614,90.38415 23.99615,90.38425 23.99614,90.38436 23.99613,90.38444 23.99611,90.38452 23.99609,90.3846 23.99607,90.38465 23.99605,90.38469 23.99604,90.38476 23.9961,90.38482 23.99617,90.38483 23.99619,90.3849 23.99623,90.38501 23.99624,90.38524 23.99628,90.38536 23.9963,90.38542 23.99632)"
1sSBqoI5_qxeCLFpxjVPkeVm78nmjXicO,1sSBqoI5_qxeCLFpxjVPkeVm78nmjXicO-L88,2025.EIS.000068.kmz,"Directions from Graphics Textiles Limited, N 5, Dhamrai to Boro jathail play ground","Directions from Graphics Textiles Limited, N 5, Dhamrai to Boro jathail play ground",673,90.12452,23.91952,90.07058,24.01374,"LINESTRING(90.12452 23.91952,90.12452 23.91953,90.12465 23.91956,90.12493 23.91965,90.12502 23.91971,90.12496 23.91974,90.1249 23.91977,90.12644 23.92006,90.12769 23.9203,90.12807 23.92037,90.12813 23.92038,90.12843 23.92043,90.12846 23.92044,90.12878 23.9205,90.1291 23.92055,90.12951 23.92063,90.12974 23.92067,90.13063 23.92081,90.13081 23.92083,90.1309 23.92085,90.131 23.92086,90.13192 23.92108,90.13284 23.9213,90.13289 23.92132,90.13301 23.92135,90.13356 23.9215,90.13363 23.92152,90.13376 23.92155,90.13391 23.92159,90.13426 23.92168,90.13498 23.92185,90.13499 23.92185,90.13512 23.92188,90.13534 23.92193,90.13539 23.92194,90.13544 23.92196,90.13546 23.92196,90.136 23.92208,90.13641 23.92217,90.13681 23.92224,90.13717 23.92231,90.13752 23.92236,90.13775 23.92238,90.13797 23.9224,90.13832 23.92243,90.13857 23.92245,90.13922 23.92248,90.13923 23.92248,90.13979 23.92251,90.1399 23.92252,90.14013 23.92252,90.14035 23.92253,90.1406 23.92252,90.1408 23.9225,90.14105 23.92246,90.14125 23.92243,90.14162 23.92234,90.14184 23.9223,90.14239 23.92218,90.14275 23.9221,90.14299 23.92204,90.14305 23.92202,90.14338 23.92194,90.14359 23.92189,90.14389 23.92181,90.14409 23.92174,90.14453 23.92157,90.14464 23.92153,90.1457 23.92112,90.14578 23.92109,90.14616 23.92094,90.14762 23.92039,90.14786 23.9203,90.14866 23.92,90.14938 23.91973,90.14958 23.91966,90.15092 23.91923,90.15101 23.9192,90.15134 23.91909,90.15193 23.9189,90.15212 23.91884,90.15267 23.91865,90.15289 23.91858,90.1529 23.91859,90.15291 23.91859,90.15292 23.9186,90.15293 23.9186,90.15295 23.91859,90.15305 23.91857,90.1533 23.9185,90.15358 23.91841,90.15392 23.9183,90.15429 23.91818,90.15452 23.91811,90.15452 23.91817,90.15452 23.91821,90.15451 23.91824,90.15445 23.91857,90.15442 23.91874,90.15441 23.9188,90.15435 23.91916,90.15433 23.91928,90.15429 23.9197,90.15428 23.91971,90.15421 23.92011,90.15414 23.92049,90.15414 23.92054,90.15413 23.9207,90.15414 23.92084,90.15414 23.92103,90.15416 23.92133,90.15416 23.92136,90.15419 23.92162,90.1542 23.92169,90.15421 23.92202,90.15422 23.9222,90.15421 23.92241,90.1542 23.92244,90.15418 23.92257,90.15412 23.92269,90.15404 23.92278,90.15395 23.92284,90.1538 23.9229,90.15366 23.92295,90.15354 23.92299,90.15345 23.92303,90.1534 23.92308,90.15336 23.92315,90.15333 23.92321,90.15332 23.92333,90.15331 23.9235,90.1533 23.92387,90.15328 23.92434,90.15327 23.92449,90.15327 23.92451,90.15322 23.92476,90.15316 23.92496,90.15313 23.92505,90.15307 23.9253,90.15303 23.92544,90.153 23.92557,90.15296 23.92574,90.15294 23.92583,90.15293 23.92592,90.1529 23.92612,90.15286 23.92639,90.15288 23.9266,90.15288 23.92662,90.153 23.92707,90.15301 23.92709,90.15306 23.92724,90.15308 23.92731,90.15309 23.92735,90.15317 23.9276,90.15325 23.92785,90.15328 23.92792,90.1533 23.92797,90.15332 23.92804,90.15333 23.92805,90.15348 23.92845,90.15354 23.92863,90.15368 23.92906,90.1537 23.92911,90.15381 23.92935,90.15396 23.9295,90.15429 23.92971,90.15448 23.92985,90.15454 23.9299,90.15465 23.93007,90.15477 23.93026,90.15481 23.93033,90.15472 23.93036,90.15456 23.9304,90.15407 23.9305,90.15361 23.93065,90.15338 23.93076,90.15299 23.93093,90.1529 23.93097,90.15289 23.93098,90.15217 23.93142,90.15194 23.93156,90.15166 23.93172,90.15161 23.93174,90.15144 23.93182,90.15119 23.93193,90.15106 23.93198,90.15095 23.93202,90.15064 23.93215,90.15035 23.93228,90.15001 23.93242,90.14951 23.93262,90.14919 23.93276,90.14884 23.93292,90.14844 23.93313,90.14821 23.93326,90.1482 23.93326,90.1481 23.93333,90.14799 23.93342,90.14788 23.93353,90.14779 23.93362,90.1477 23.93371,90.14768 23.93373,90.14752 23.9339,90.14749 23.93392,90.14735 23.93406,90.14733 23.93409,90.14702 23.93439,90.14685 23.93456,90.14669 23.93472,90.14668 23.93474,90.14654 23.93487,90.14628 23.93512,90.14613 23.93528,90.14576 23.93562,90.14573 23.93565,90.1454 23.93596,90.14506 23.93628,90.14504 23.9363,90.14482 23.9365,90.14471 23.93662,90.14458 23.93675,90.14438 23.93694,90.14417 23.93713,90.14396 23.93733,90.14384 23.93745,90.14379 23.9375,90.14365 23.93764,90.14357 23.93772,90.14348 23.93779,90.1434 23.93787,90.14328 23.93798,90.14318 23.93805,90.14303 23.93816,90.14293 23.93823,90.14285 23.93829,90.14278 23.93834,90.1425 23.93853,90.14216 23.93877,90.14213 23.93879,90.14204 23.93884,90.142 23.93887,90.14175 23.93904,90.14147 23.93923,90.1414 23.93927,90.14122 23.93939,90.14113 23.93945,90.14086 23.93959,90.14073 23.93965,90.14054 23.93973,90.14025 23.93987,90.14003 23.93998,90.13973 23.94014,90.13948 23.94026,90.13933 23.94033,90.13918 23.9404,90.13908 23.94045,90.13898 23.94049,90.13874 23.9406,90.13846 23.94073,90.13845 23.94073,90.13824 23.94082,90.13798 23.94095,90.13789 23.94098,90.13784 23.94101,90.13782 23.94102,90.13777 23.94104,90.13771 23.94106,90.13758 23.94112,90.13732 23.94125,90.13719 23.9413,90.13705 23.94135,90.13684 23.94143,90.13656 23.94153,90.13624 23.94163,90.13605 23.94168,90.13593 23.94172,90.13582 23.94174,90.13562 23.94179,90.13545 23.94183,90.13536 23.94184,90.13522 23.94186,90.13509 23.94189,90.13498 23.94192,90.13484 23.94195,90.13468 23.94198,90.13457 23.94201,90.13441 23.94203,90.1342 23.94207,90.13345 23.9422,90.13314 23.94228,90.13278 23.9424,90.13277 23.9424,90.13267 23.94243,90.13244 23.94251,90.13221 23.94258,90.13196 23.94265,90.13168 23.94273,90.13149 23.94278,90.13127 23.94284,90.13103 23.94291,90.13083 23.94294,90.13064 23.94297,90.13048 23.94299,90.1302 23.94306,90.13017 23.94306,90.12997 23.94311,90.12975 23.94316,90.12967 23.94319,90.12939 23.9433,90.12921 23.94337,90.12886 23.94359,90.12859 23.94381,90.12829 23.94407,90.12808 23.94422,90.12788 23.94434,90.12769 23.94443,90.12749 23.9445,90.12729 23.94456,90.12708 23.94463,90.12689 23.94466,90.12666 23.94469,90.12633 23.94472,90.12615 23.94473,90.12589 23.94475,90.12548 23.94479,90.1251 23.94481,90.12488 23.94485,90.12476 23.94488,90.12459 23.94492,90.12424 23.94505,90.1234 23.94529,90.12328 23.94532,90.12325 23.94533,90.12298 23.94536,90.1228 23.94539,90.12255 23.94542,90.12231 23.94544,90.12211 23.94545,90.122 23.94545,90.12192 23.94545,90.12137 23.94545,90.12093 23.94545,90.12064 23.94546,90.11999 23.94547,90.11995 23.94547,90.11975 23.94546,90.11956 23.94546,90.11948 23.94546,90.1191 23.94545,90.11878 23.94544,90.11851 23.94545,90.11823 23.94546,90.11794 23.94547,90.11766 23.94547,90.1174 23.94547,90.11738 23.94547,90.11718 23.94546,90.1162 23.94543,90.11553 23.9454,90.11514 23.94541,90.1144 23.94542,90.11431 23.94542,90.11419 23.94542,90.11379 23.94541,90.11356 23.9454,90.11319 23.94538,90.11298 23.94537,90.11285 23.94537,90.11255 23.94537,90.11231 23.94538,90.11201 23.94541,90.11173 23.94552,90.1115 23.94563,90.11137 23.9457,90.11113 23.94583,90.11059 23.94615,90.11027 23.94637,90.11024 23.94639,90.11018 23.94644,90.11009 23.94651,90.11005 23.94654,90.1099 23.94666,90.10979 23.94674,90.10968 23.94682,90.10963 23.94685,90.10956 23.94688,90.10944 23.94694,90.10906 23.94715,90.10858 23.94741,90.10839 23.94752,90.10806 23.94773,90.10779 23.9479,90.10733 23.9482,90.10728 23.94823,90.10714 23.94832,90.10652 23.9487,90.10583 23.94904,90.10575 23.94908,90.10568 23.9491,90.10549 23.94918,90.10518 23.94931,90.10502 23.94937,90.10361 23.94989,90.10279 23.95024,90.10221 23.95049,90.10164 23.9508,90.10113 23.95107,90.10083 23.95124,90.10016 23.95164,90.10008 23.95169,90.09994 23.95178,90.09941 23.95212,90.09938 23.95214,90.09935 23.95216,90.099 23.95237,90.09851 23.95267,90.09825 23.95279,90.09767 23.95302,90.09751 23.95309,90.09735 23.95316,90.09674 23.95338,90.09671 23.95339,90.09587 23.95368,90.0951 23.95395,90.09419 23.95426,90.09389 23.95437,90.09312 23.95465,90.09166 23.95516,90.09156 23.9552,90.09151 23.95522,90.09132 23.9553,90.09093 23.95544,90.09021 23.95571,90.09016 23.95573,90.08916 23.9562,90.08875 23.95635,90.08834 23.95648,90.08807 23.95651,90.08775 23.95654,90.08749 23.95664,90.08744 23.95668,90.08738 23.95673,90.08731 23.9568,90.08722 23.95692,90.08716 23.95701,90.08711 23.95712,90.08702 23.9573,90.08687 23.95762,90.08669 23.95794,90.08651 23.95812,90.08629 23.95826,90.08613 23.95834,90.08588 23.95847,90.0855 23.95858,90.08538 23.95861,90.08524 23.95865,90.08493 23.95874,90.0845 23.95893,90.08412 23.95917,90.08399 23.95925,90.08383 23.95935,90.08274 23.95997,90.0816 23.96073,90.08109 23.96104,90.08097 23.9611,90.08061 23.96129,90.08045 23.9614,90.08018 23.96153,90.07995 23.96163,90.07957 23.96177,90.07952 23.96179,90.07935 23.96185,90.07917 23.96191,90.07902 23.96197,90.07898 23.96198,90.07854 23.96215,90.07846 23.96218,90.07831 23.96225,90.07806 23.96229,90.07788 23.9623,90.07772 23.96233,90.07765 23.96234,90.07758 23.96235,90.07752 23.96235,90.07751 23.96236,90.07736 23.9624,90.07717 23.96244,90.0772 23.9625,90.07721 23.96257,90.07724 23.96266,90.07724 23.96267,90.07724 23.96272,90.07725 23.96276,90.07725 23.96282,90.07726 23.96287,90.0773 23.96308,90.0773 23.96309,90.07731 23.96317,90.07736 23.96366,90.07738 23.96393,90.0774 23.96413,90.07742 23.96431,90.07747 23.96478,90.07748 23.96483,90.07748 23.96485,90.07757 23.96583,90.07758 23.96589,90.0776 23.96605,90.07778 23.9675,90.07779 23.96762,90.07782 23.9679,90.0779 23.96876,90.07794 23.96909,90.07799 23.96958,90.07809 23.97065,90.07816 23.97137,90.07817 23.97141,90.07818 23.97155,90.07824 23.97217,90.07824 23.9722,90.07828 23.97271,90.07829 23.97279,90.07834 23.97352,90.07835 23.9736,90.07835 23.97369,90.07842 23.97458,90.07843 23.97476,90.07845 23.97509,90.07846 23.97517,90.07847 23.97548,90.0785 23.97665,90.0785 23.97674,90.0785 23.97797,90.07852 23.97816,90.07853 23.97833,90.07856 23.97868,90.07856 23.97869,90.07857 23.97879,90.0786 23.97929,90.07861 23.9794,90.07861 23.97941,90.07862 23.97958,90.07864 23.97995,90.07864 23.98013,90.07865 23.98029,90.07866 23.98067,90.07867 23.98118,90.07868 23.98185,90.07869 23.98193,90.0787 23.98264,90.0787 23.98275,90.07873 23.98401,90.07874 23.9841,90.07877 23.98491,90.07877 23.98492,90.07881 23.986,90.07882 23.98607,90.07882 23.98637,90.07882 23.98643,90.07885 23.98715,90.07885 23.98736,90.07888 23.9881,90.0789 23.98857,90.07891 23.98873,90.07888 23.98902,90.0789 23.98924,90.07892 23.98963,90.07902 23.99107,90.07903 23.99112,90.07905 23.99195,90.07905 23.9928,90.079 23.99369,90.0789 23.99482,90.0789 23.99495,90.0789 23.99519,90.07889 23.99549,90.07888 23.99602,90.07886 23.99674,90.07886 23.99707,90.07886 23.99713,90.07885 23.99767,90.07884 23.99785,90.07884 23.99807,90.07882 23.99839,90.07884 23.99911,90.07884 23.9992,90.07886 23.99991,90.07887 24.00022,90.07887 24.00028,90.07889 24.00073,90.07891 24.00109,90.07894 24.00179,90.07894 24.00185,90.07896 24.00301,90.07896 24.00307,90.07897 24.00351,90.079 24.00406,90.079 24.00432,90.079 24.00439,90.07901 24.00475,90.07899 24.00528,90.07893 24.00619,90.07891 24.00666,90.0789 24.00673,90.07884 24.00781,90.07882 24.00818,90.07877 24.00912,90.07868 24.00984,90.07864 24.01012,90.07879 24.01012,90.07937 24.01016,90.07963 24.01017,90.0797 24.01008,90.07972 24.01006,90.07978 24.01001,90.07979 24.01,90.0798 24.00999,90.07979 24.01,90.07978 24.01001,90.07972 24.01006,90.0797 24.01008,90.07963 24.01017,90.07937 24.01016,90.07879 24.01012,90.07864 24.01012,90.07864 24.0102,90.07857 24.01113,90.07855 24.01119,90.07846 24.01122,90.07832 24.01132,90.07808 24.01147,90.07786 24.01158,90.07759 24.01173,90.07715 24.012,90.07688 24.01218,90.07669 24.0123,90.0761 24.01268,90.07576 24.01289,90.07525 24.0132,90.07516 24.01325,90.07482 24.01348,90.07451 24.01368,90.07428 24.0138,90.0742 24.01385,90.07419 24.01386,90.074 24.01397,90.0738 24.0141,90.07356 24.0143,90.07336 24.01444,90.07327 24.01451,90.07325 24.01452,90.07315 24.01458,90.07262 24.01492,90.0723 24.01513,90.07199 24.01534,90.07198 24.01534,90.07165 24.01554,90.07164 24.01551,90.07164 24.01548,90.07164 24.01546,90.07165 24.01543,90.07168 24.01537,90.07174 24.01527,90.07182 24.01516,90.07192 24.015,90.07164 24.01486,90.07145 24.01477,90.07123 24.01466,90.07105 24.01458,90.07084 24.01447,90.07062 24.01435,90.07024 24.01412,90.07058 24.01374)"
1tAAzwOA-b4Ecgb9rbvhqMOXGG2hmOUHt,1tAAzwOA-b4Ecgb9rbvhqMOXGG2hmOUHt-L89,2026.EIS.BEPZA.000025.kmz,Directions from MQ5F+QX4 Chirirbandar to Section Seven International Limited Building 1,Directions from MQ5F+QX4 Chirirbandar to Section Seven International Limited Building 1,536,88.77496,25.65939,88.86039,25.85817,"LINESTRING(88.77496 25.65939,88.77546 25.66074,88.77562 25.66122,88.77587 25.66262,88.77599 25.66302,88.77599 25.66303,88.7761 25.66353,88.77613 25.6638,88.77618 25.66408,88.77619 25.66409,88.77636 25.66482,88.77642 25.66513,88.77642 25.66516,88.77645 25.6654,88.77646 25.66567,88.77648 25.6659,88.77652 25.66607,88.77653 25.66615,88.77666 25.66669,88.77679 25.66702,88.77679 25.66703,88.77692 25.66745,88.7771 25.66817,88.77715 25.66846,88.77727 25.66886,88.77728 25.66894,88.77726 25.66904,88.77712 25.66931,88.777 25.6696,88.77692 25.66992,88.77689 25.67024,88.77694 25.67058,88.77701 25.67092,88.77707 25.67133,88.77709 25.67161,88.77701 25.67286,88.77701 25.673,88.77708 25.67393,88.77708 25.67411,88.77701 25.67498,88.77692 25.67553,88.77684 25.67587,88.77684 25.67589,88.77681 25.67604,88.77674 25.67628,88.77674 25.67631,88.7767 25.67648,88.7767 25.67666,88.77672 25.67678,88.77678 25.67697,88.77678 25.677,88.77682 25.67714,88.77696 25.67747,88.77706 25.67779,88.77707 25.67794,88.77692 25.67888,88.7769 25.67895,88.77686 25.67919,88.77681 25.67963,88.7768 25.67985,88.77677 25.68008,88.77677 25.68011,88.77671 25.68054,88.77662 25.68164,88.77654 25.68197,88.77647 25.68212,88.77635 25.68234,88.77624 25.68267,88.7762 25.68292,88.77619 25.68293,88.77604 25.68362,88.77585 25.6843,88.77584 25.68432,88.77562 25.68553,88.77561 25.68563,88.7756 25.68595,88.77561 25.68603,88.77561 25.6865,88.77558 25.68688,88.77522 25.68848,88.77521 25.68855,88.77521 25.68862,88.7751 25.68968,88.77492 25.691,88.77479 25.6918,88.77472 25.69204,88.77447 25.69268,88.77435 25.69292,88.77422 25.69313,88.77416 25.69331,88.77414 25.69345,88.77413 25.69369,88.77405 25.69446,88.77397 25.69476,88.77396 25.69486,88.77391 25.69503,88.77379 25.69536,88.77371 25.69555,88.77365 25.69566,88.77362 25.69576,88.77359 25.69591,88.77357 25.69633,88.77351 25.69673,88.7734 25.6978,88.7734 25.69813,88.77344 25.69835,88.77345 25.69836,88.77354 25.69856,88.7736 25.69866,88.77362 25.69872,88.77377 25.69904,88.77379 25.69913,88.77379 25.69923,88.7738 25.6993,88.77381 25.69972,88.77382 25.69977,88.77383 25.69995,88.77386 25.70006,88.77396 25.70034,88.77399 25.70048,88.774 25.7006,88.77398 25.70081,88.77397 25.70109,88.77394 25.70138,88.77383 25.70177,88.77369 25.70248,88.77363 25.70266,88.77354 25.70285,88.77332 25.70319,88.77321 25.70341,88.77317 25.70353,88.77306 25.70421,88.77306 25.70424,88.77302 25.70456,88.77302 25.70466,88.77311 25.7051,88.77312 25.70528,88.77312 25.70565,88.77315 25.7064,88.77314 25.70681,88.77311 25.70699,88.77309 25.70707,88.77299 25.70732,88.7727 25.70796,88.77258 25.70834,88.77251 25.70866,88.7725 25.70869,88.77248 25.70886,88.77249 25.70903,88.77259 25.70984,88.77261 25.7102,88.77261 25.71034,88.77257 25.71061,88.77255 25.71069,88.77234 25.71118,88.77225 25.71159,88.77222 25.71207,88.77225 25.71252,88.77237 25.71301,88.77257 25.71348,88.77292 25.71413,88.77305 25.71435,88.77317 25.71453,88.77317 25.71454,88.77329 25.71481,88.77335 25.71501,88.77339 25.7154,88.77337 25.7155,88.77335 25.7157,88.77319 25.71647,88.77319 25.71661,88.77324 25.71713,88.77325 25.71718,88.77321 25.71801,88.77327 25.71829,88.77335 25.71847,88.77343 25.7187,88.77348 25.71906,88.77349 25.71952,88.7735 25.71964,88.7735 25.71976,88.77345 25.72034,88.77324 25.72184,88.77322 25.72205,88.77324 25.72223,88.77327 25.72233,88.77331 25.72253,88.77332 25.72263,88.77332 25.72273,88.77322 25.7235,88.77316 25.72382,88.77312 25.72438,88.77307 25.72468,88.77288 25.72558,88.77288 25.7261,88.77287 25.72629,88.77274 25.7272,88.77269 25.72793,88.77268 25.72795,88.77263 25.72855,88.77264 25.72865,88.77264 25.72879,88.77266 25.72897,88.77269 25.72909,88.77275 25.72926,88.77287 25.72948,88.77339 25.73035,88.77341 25.73042,88.77342 25.73044,88.77344 25.73057,88.77344 25.73081,88.77341 25.73139,88.77343 25.73194,88.77342 25.73228,88.77343 25.73241,88.77349 25.73278,88.77357 25.73304,88.77362 25.73314,88.77524 25.73577,88.77573 25.73662,88.77577 25.73677,88.77577 25.73686,88.77572 25.73718,88.77568 25.73733,88.77564 25.73756,88.77555 25.73848,88.7755 25.73879,88.77536 25.74005,88.77528 25.74098,88.77505 25.74259,88.77504 25.74277,88.77505 25.74319,88.7752 25.74419,88.77524 25.74472,88.77525 25.74516,88.77516 25.74835,88.77516 25.74886,88.77526 25.74997,88.77529 25.75013,88.77531 25.75031,88.77534 25.75046,88.77536 25.75067,88.77552 25.75159,88.77565 25.75212,88.77578 25.75248,88.77614 25.75319,88.77637 25.75358,88.77655 25.75383,88.7769 25.75446,88.77783 25.75592,88.77793 25.75603,88.77886 25.75805,88.77891 25.75819,88.77962 25.75965,88.77967 25.75974,88.77985 25.76021,88.77992 25.76046,88.77994 25.76072,88.7799 25.76146,88.77985 25.7619,88.77983 25.76218,88.77984 25.76265,88.77995 25.76388,88.78005 25.76439,88.78013 25.76463,88.78029 25.76496,88.78095 25.7658,88.78106 25.76597,88.78115 25.76615,88.78162 25.7668,88.78193 25.76732,88.78228 25.768,88.78246 25.76846,88.78246 25.7686,88.78242 25.76881,88.78232 25.76922,88.78229 25.76929,88.78225 25.76943,88.78221 25.76975,88.78223 25.76991,88.78225 25.76998,88.78225 25.76999,88.78229 25.77012,88.78235 25.77027,88.78242 25.77039,88.78242 25.7704,88.78255 25.77064,88.78267 25.77098,88.78283 25.77154,88.78295 25.77207,88.78297 25.77213,88.7831 25.7727,88.78317 25.77291,88.78352 25.77341,88.78368 25.77368,88.78417 25.77423,88.78418 25.77425,88.78427 25.77432,88.78433 25.77431,88.78561 25.77421,88.78597 25.77417,88.78603 25.77417,88.7867 25.77411,88.78675 25.77411,88.79164 25.77372,88.79173 25.77372,88.79343 25.77357,88.79423 25.77353,88.79475 25.77346,88.79495 25.77342,88.79521 25.77335,88.79559 25.77327,88.80064 25.77158,88.8007 25.77155,88.8009 25.7715,88.8023 25.77101,88.80242 25.77095,88.80442 25.77028,88.80519 25.77011,88.80799 25.76968,88.8092 25.76952,88.80922 25.76952,88.81132 25.76923,88.81133 25.76922,88.81277 25.76902,88.81322 25.76898,88.81375 25.76889,88.81433 25.76882,88.81436 25.76882,88.81501 25.76869,88.81611 25.76856,88.81732 25.76837,88.81741 25.76835,88.82538 25.76727,88.82557 25.76723,88.8258 25.76721,88.82625 25.76723,88.82639 25.76725,88.82726 25.76729,88.82793 25.7672,88.82927 25.76706,88.8306 25.76689,88.83262 25.76655,88.83431 25.76633,88.83485 25.7663,88.83527 25.76631,88.83559 25.76634,88.83632 25.76647,88.83692 25.76661,88.8378 25.76673,88.83849 25.7668,88.83921 25.7669,88.84088 25.76708,88.84121 25.76713,88.84132 25.76714,88.84257 25.76744,88.84257 25.76745,88.843 25.76754,88.84343 25.76765,88.84345 25.76765,88.84433 25.76785,88.84462 25.76793,88.84703 25.7685,88.84722 25.76853,88.84734 25.76856,88.85114 25.76917,88.85295 25.7694,88.85292 25.76931,88.85292 25.76924,88.85292 25.76931,88.85295 25.7694,88.85298 25.76941,88.86108 25.7703,88.86428 25.77072,88.86441 25.77075,88.87208 25.772,88.8721 25.772,88.8724 25.77204,88.8727 25.7721,88.8728 25.77211,88.87353 25.77223,88.87391 25.77232,88.87408 25.77238,88.87481 25.77272,88.87528 25.77291,88.87543 25.77299,88.87552 25.77303,88.8756 25.77309,88.87621 25.77343,88.8765 25.77362,88.87671 25.77378,88.87675 25.7738,88.87689 25.77395,88.87797 25.77523,88.87835 25.77574,88.87857 25.77613,88.87863 25.77626,88.87866 25.77631,88.87888 25.77681,88.87899 25.77718,88.879 25.7772,88.87901 25.77727,88.87907 25.77749,88.87914 25.77782,88.87918 25.77808,88.87922 25.77866,88.87922 25.7798,88.87903 25.78512,88.879 25.78672,88.87896 25.78753,88.87895 25.78758,88.87885 25.79024,88.87881 25.79248,88.87883 25.79298,88.87886 25.79333,88.87888 25.79347,88.87908 25.79448,88.8799 25.79806,88.88147 25.80458,88.88164 25.80495,88.88175 25.8051,88.88196 25.80532,88.88206 25.8054,88.8823 25.80556,88.88249 25.80564,88.88262 25.80568,88.88386 25.80595,88.88393 25.80596,88.88558 25.80632,88.88576 25.80637,88.88602 25.80651,88.88603 25.80651,88.88603 25.80653,88.88604 25.80653,88.88605 25.80678,88.88488 25.81048,88.88485 25.8106,88.884 25.81331,88.88391 25.81354,88.88372 25.81395,88.88359 25.81416,88.88324 25.81466,88.88318 25.81472,88.88263 25.81537,88.88217 25.81582,88.88215 25.81583,88.88206 25.81591,88.88185 25.81607,88.88092 25.81672,88.87904 25.81796,88.87879 25.81811,88.87821 25.81849,88.87736 25.81909,88.87596 25.81999,88.87343 25.82168,88.87343 25.82169,88.87241 25.82235,88.87209 25.8226,88.87191 25.82276,88.8716 25.8231,88.87137 25.82343,88.87122 25.82376,88.87103 25.8243,88.87097 25.82453,88.87096 25.8246,88.87095 25.82515,88.87096 25.8254,88.87103 25.82584,88.87103 25.8259,88.87107 25.82626,88.87118 25.82677,88.87215 25.83411,88.87215 25.83415,88.87358 25.84531,88.87359 25.84548,88.87359 25.8459,88.87358 25.84607,88.87322 25.84833,88.87288 25.8502,88.87286 25.85038,88.8727 25.85129,88.87251 25.85255,88.87244 25.85292,88.8717 25.85785,88.87165 25.85797,88.87136 25.85989,88.87136 25.85991,88.87138 25.86,88.87009 25.86869,88.86966 25.86865,88.86881 25.86853,88.86877 25.86852,88.86873 25.8685,88.86871 25.86847,88.86868 25.86841,88.86868 25.8683,88.86866 25.86797,88.86862 25.86784,88.86859 25.86777,88.86855 25.86772,88.86849 25.86767,88.86824 25.86752,88.86803 25.86743,88.86785 25.86734,88.86762 25.86724,88.86738 25.86711,88.86701 25.86694,88.86684 25.86688,88.86635 25.86677,88.86628 25.86673,88.86624 25.8666,88.8662 25.86635,88.86609 25.86604,88.86588 25.86558,88.86563 25.86508,88.86551 25.8649,88.86541 25.86481,88.86357 25.86361,88.86324 25.86342,88.86256 25.86291,88.86075 25.86177,88.86021 25.8614,88.85906 25.86069,88.85876 25.86053,88.85841 25.86032,88.85795 25.85998,88.85771 25.85977,88.85796 25.85966,88.85821 25.85958,88.85928 25.85929,88.8594 25.85924,88.85949 25.85918,88.85951 25.85914,88.85957 25.85906,88.86021 25.85916,88.86039 25.85817)"
1tSHSBLEnc8tRr2iRTqRdOJqsHMkcYO4P,1tSHSBLEnc8tRr2iRTqRdOJqsHMkcYO4P-L90,2026.EIS.000142.kmz,"Directions from F73M+FJ4, Z3037, Bangladesh to Z3037, Bangladesh","Directions from F73M+FJ4, Z3037, Bangladesh to Z3037, Bangladesh",229,90.28411,24.45378,90.33834,24.44578,"LINESTRING(90.28411 24.45378,90.28405 24.45364,90.28411 24.45363,90.28422 24.4536,90.2848 24.45341,90.28504 24.45333,90.28557 24.45315,90.28597 24.45303,90.28639 24.45291,90.28644 24.45289,90.28655 24.45284,90.28674 24.45276,90.28717 24.45256,90.28765 24.4523,90.28813 24.4521,90.28831 24.45199,90.28862 24.45181,90.28909 24.45158,90.28933 24.45145,90.28991 24.45113,90.29001 24.45109,90.29017 24.45102,90.29068 24.45081,90.29073 24.45079,90.29123 24.45055,90.29124 24.45054,90.29142 24.45043,90.29165 24.45029,90.29191 24.45016,90.29192 24.45015,90.29196 24.45013,90.29227 24.44996,90.29253 24.4498,90.29274 24.44962,90.29296 24.44941,90.29314 24.44928,90.2934 24.44912,90.29379 24.44894,90.29396 24.44885,90.29401 24.44882,90.29447 24.44857,90.29491 24.4483,90.29512 24.44817,90.29525 24.44808,90.29563 24.44783,90.29576 24.44774,90.29591 24.44763,90.29601 24.44756,90.29642 24.44721,90.2968 24.44691,90.29695 24.4468,90.29709 24.44668,90.29762 24.4463,90.29791 24.44604,90.29793 24.44603,90.29811 24.44593,90.29826 24.44587,90.2986 24.44575,90.2989 24.44565,90.29926 24.4456,90.29971 24.44558,90.30008 24.44554,90.30008 24.44553,90.30023 24.44551,90.30044 24.44546,90.30095 24.44535,90.30123 24.44527,90.30142 24.44522,90.30174 24.44514,90.30194 24.44507,90.30212 24.44507,90.30241 24.44506,90.30293 24.44506,90.30304 24.44506,90.30375 24.44511,90.30386 24.44513,90.30401 24.44515,90.30434 24.44515,90.30483 24.44515,90.30502 24.44515,90.30531 24.44515,90.30573 24.44522,90.30598 24.44528,90.30629 24.44539,90.30659 24.44551,90.30682 24.4456,90.30704 24.44564,90.30729 24.44564,90.3073 24.44564,90.30765 24.44558,90.30772 24.44557,90.30793 24.44551,90.30812 24.44546,90.30843 24.44537,90.3085 24.44537,90.30864 24.44536,90.30865 24.44537,90.30872 24.44537,90.30881 24.44538,90.30891 24.4454,90.30926 24.44546,90.30942 24.44549,90.30961 24.44552,90.30993 24.44554,90.31058 24.44559,90.31068 24.44559,90.31096 24.44559,90.31131 24.44562,90.31155 24.44565,90.31174 24.44569,90.31177 24.4457,90.31183 24.44571,90.31216 24.44581,90.31255 24.44591,90.31274 24.44597,90.31305 24.44609,90.31347 24.44622,90.31372 24.44632,90.31397 24.44645,90.31414 24.44655,90.31425 24.44659,90.31445 24.44661,90.31473 24.44661,90.31488 24.44662,90.31498 24.44662,90.31537 24.44664,90.31556 24.44665,90.31565 24.44666,90.31569 24.44666,90.3158 24.44668,90.31589 24.4467,90.31622 24.4468,90.31753 24.44717,90.31761 24.44719,90.31769 24.44721,90.31809 24.44731,90.31848 24.4474,90.31876 24.44744,90.31887 24.44746,90.31929 24.44748,90.31969 24.44747,90.32024 24.44745,90.32104 24.44744,90.32109 24.44744,90.32129 24.44743,90.3216 24.44743,90.32189 24.44739,90.32214 24.4473,90.32231 24.4472,90.32246 24.44712,90.32278 24.447,90.32308 24.4469,90.32318 24.44685,90.32321 24.44683,90.32344 24.44662,90.32367 24.44648,90.32417 24.44625,90.32444 24.4461,90.32479 24.4459,90.32504 24.4458,90.32525 24.44579,90.32537 24.4458,90.32559 24.44583,90.32588 24.4458,90.32618 24.44577,90.32646 24.44576,90.32669 24.44576,90.32741 24.44576,90.32775 24.44579,90.32789 24.44581,90.32801 24.44586,90.3281 24.44593,90.32831 24.44606,90.32848 24.44618,90.32849 24.44618,90.32869 24.44629,90.32888 24.44636,90.32895 24.44641,90.32915 24.44659,90.32935 24.44671,90.32938 24.44673,90.3295 24.4468,90.32968 24.44681,90.3298 24.44679,90.33008 24.44673,90.33029 24.44668,90.33032 24.44667,90.33036 24.44666,90.33061 24.44657,90.33099 24.44647,90.33117 24.44642,90.33141 24.44641,90.33166 24.44638,90.3317 24.44638,90.33179 24.44637,90.332 24.44636,90.33217 24.44636,90.33231 24.44637,90.3324 24.44638,90.33251 24.44638,90.33261 24.44638,90.33278 24.4463,90.33285 24.44626,90.33305 24.44615,90.33318 24.44607,90.33326 24.44603,90.33347 24.44589,90.33359 24.44583,90.33378 24.44574,90.33387 24.44571,90.33409 24.44563,90.33416 24.44561,90.33461 24.44547,90.33481 24.44544,90.33488 24.44543,90.33492 24.44543,90.33518 24.44541,90.33559 24.44541,90.33576 24.44541,90.33608 24.44542,90.33652 24.44542,90.33678 24.44542,90.33706 24.44542,90.33717 24.44542,90.33751 24.44541,90.33804 24.44542,90.33816 24.4454,90.33824 24.44537,90.33834 24.44578)"
1ul83dtSs3tPwM78aziPcEJpKWR2IJXsz,1ul83dtSs3tPwM78aziPcEJpKWR2IJXsz-L91,2026.EIS.000139.kmz,"Directions from MGWM+QX7, Kanchpur, Bangladesh to Kanchpur Union Parishad, MGXF+R5V, Kanchpur","Directions from MGWM+QX7, Kanchpur, Bangladesh to Kanchpur Union Parishad, MGXF+R5V, Kanchpur",69,90.53498,23.69673,90.52302,23.69969,"LINESTRING(90.53498 23.69673,90.53494 23.6967,90.53485 23.69662,90.53382 23.69742,90.53376 23.69737,90.53352 23.69755,90.53301 23.69795,90.53285 23.69809,90.53246 23.6984,90.53 23.70039,90.52986 23.7005,90.52897 23.7012,90.52806 23.70193,90.52804 23.70189,90.52781 23.7016,90.52767 23.70142,90.52743 23.70136,90.5273 23.70133,90.52725 23.70132,90.52717 23.70129,90.52712 23.70127,90.52707 23.70125,90.52703 23.70123,90.52691 23.70115,90.52691 23.70107,90.52693 23.7003,90.52693 23.70026,90.52682 23.70023,90.52663 23.70018,90.52647 23.70013,90.5264 23.70012,90.52622 23.70009,90.52602 23.70006,90.52599 23.69987,90.5259 23.69986,90.52589 23.69979,90.52558 23.69982,90.52557 23.69982,90.52556 23.69981,90.52555 23.6998,90.52553 23.69976,90.52552 23.69975,90.52535 23.69975,90.52534 23.69972,90.52533 23.6997,90.52532 23.69965,90.52516 23.69964,90.52509 23.69963,90.52481 23.69963,90.52472 23.69962,90.52466 23.69962,90.52458 23.69959,90.5245 23.69957,90.52444 23.69954,90.52434 23.69948,90.52422 23.69941,90.52422 23.6994,90.52422 23.69939,90.52423 23.69936,90.52409 23.69932,90.52389 23.69928,90.52382 23.6995,90.52326 23.69934,90.52317 23.69954,90.52314 23.69957,90.52312 23.69959,90.52308 23.69964,90.52303 23.69967,90.52302 23.69969)"
1vJA4s5HrtvDEFenSWFEe8AU7h-JH5-7P,1vJA4s5HrtvDEFenSWFEe8AU7h-JH5-7P-L92,2025.EIS.000053.kmz,"Directions from Ananta Denim Technology Ltd. to Chanpur, বন্দর, Bangladesh","Directions from Ananta Denim Technology Ltd. to Chanpur, বন্দর, Bangladesh",78,90.53484,23.6946,90.55133,23.6948,"LINESTRING(90.53484 23.6946,90.5349 23.6948,90.53494 23.69503,90.53499 23.69557,90.53499 23.6956,90.53499 23.69567,90.53499 23.69574,90.53498 23.6958,90.53498 23.69585,90.53498 23.69588,90.535 23.69595,90.53502 23.69598,90.53505 23.69603,90.53511 23.69609,90.53489 23.69631,90.53472 23.6965,90.53463 23.69662,90.53456 23.69673,90.53376 23.69737,90.53382 23.69742,90.5343 23.69705,90.53485 23.69662,90.53527 23.69629,90.53585 23.69582,90.53629 23.69546,90.53647 23.69533,90.53702 23.69488,90.53708 23.69484,90.53775 23.69428,90.53808 23.69402,90.53842 23.69373,90.53892 23.69332,90.53917 23.69313,90.53931 23.69303,90.53943 23.69296,90.53973 23.69279,90.53998 23.69267,90.54017 23.69259,90.54058 23.69245,90.54095 23.69234,90.54116 23.69228,90.54185 23.69207,90.54227 23.69196,90.54306 23.69171,90.54328 23.69164,90.54358 23.69154,90.54473 23.6912,90.54528 23.69104,90.54579 23.69089,90.54593 23.69084,90.54611 23.69076,90.54635 23.69064,90.54656 23.69052,90.54667 23.69043,90.54675 23.69057,90.54693 23.69083,90.5471 23.69118,90.54721 23.69141,90.54765 23.69222,90.5477 23.69231,90.54806 23.69301,90.54868 23.69413,90.54888 23.69447,90.54911 23.69492,90.5494 23.69483,90.54963 23.69489,90.54977 23.69492,90.54981 23.69492,90.54983 23.69492,90.54984 23.69491,90.54985 23.69491,90.54999 23.69495,90.55019 23.69491,90.5502 23.69491,90.55039 23.69487,90.55078 23.6948,90.55114 23.69481,90.55133 23.6948)"
1w32L8d1v_VwpouefL4FlODFUX5bNxRfB,1w32L8d1v_VwpouefL4FlODFUX5bNxRfB-L93,EIS.2026.SP.000056.kmz,"Directions from Garments Export Village Limited, Maa Tower, M. Road, Tongi to Gazibari Pukurpar, Tongi","Directions from Garments Export Village Limited, Maa Tower, M. Road, Tongi to Gazibari Pukurpar, Tongi",66,90.40364,23.89874,90.40656,23.89292,"LINESTRING(90.40364 23.89874,90.40363 23.89838,90.40358 23.89775,90.40356 23.89727,90.40352 23.89643,90.40352 23.89638,90.40353 23.89629,90.40352 23.89619,90.40352 23.8961,90.40353 23.89602,90.40351 23.89564,90.40349 23.89531,90.40349 23.89528,90.40343 23.89444,90.40339 23.89393,90.40339 23.89388,90.40339 23.89386,90.40339 23.89385,90.4034 23.89384,90.40341 23.89381,90.40344 23.89375,90.40348 23.8937,90.40417 23.89414,90.40443 23.89431,90.40465 23.89446,90.40503 23.89471,90.40518 23.89432,90.40521 23.89425,90.40523 23.89417,90.40524 23.89413,90.40524 23.89407,90.40524 23.89403,90.40524 23.89402,90.40524 23.89398,90.40523 23.89391,90.40522 23.89385,90.4052 23.89372,90.40517 23.89359,90.40515 23.89356,90.40534 23.89357,90.40548 23.89359,90.40556 23.89362,90.40567 23.89363,90.40573 23.89365,90.40581 23.89368,90.40584 23.89371,90.40587 23.89373,90.40589 23.89373,90.4059 23.89372,90.40591 23.89372,90.40593 23.89368,90.40596 23.89363,90.40602 23.89358,90.40607 23.89355,90.40613 23.89352,90.40629 23.8935,90.40629 23.89344,90.40629 23.89338,90.40629 23.89333,90.4063 23.89326,90.40631 23.89321,90.40635 23.89312,90.4064 23.89302,90.40643 23.89296,90.40648 23.8929,90.40656 23.89292)"
1xSbpur4D7YicbDcu31if17zb-L7cqzgw,1xSbpur4D7YicbDcu31if17zb-L7cqzgw-L94,2026.EIS.000153.kmz,"Directions from Brothers Fashion Ltd. Team Group, Dhaka - Mymensingh Road, Gazipur to X9F8+HPR, বাসন সড়ক, Gazipur","Directions from Brothers Fashion Ltd. Team Group, Dhaka - Mymensingh Road, Gazipur to X9F8+HPR, বাসন সড়ক, Gazipur",123,90.38114,23.9838,90.36774,23.97408,"LINESTRING(90.38114 23.9838,90.38125 23.98379,90.38143 23.98377,90.38134 23.98316,90.38125 23.98255,90.38124 23.98244,90.3812 23.98193,90.38112 23.9812,90.38108 23.98085,90.38105 23.98047,90.38101 23.9801,90.38093 23.97929,90.38091 23.979,90.38089 23.97881,90.38089 23.97863,90.38086 23.97823,90.3808 23.97755,90.38056 23.97755,90.38055 23.97741,90.38029 23.97739,90.37942 23.9774,90.37806 23.97738,90.37804 23.97738,90.37782 23.97738,90.37696 23.97737,90.37598 23.97737,90.37597 23.97737,90.37534 23.97737,90.37514 23.97737,90.37434 23.97735,90.37391 23.97735,90.37387 23.97735,90.37355 23.97737,90.37325 23.97741,90.37295 23.97746,90.37284 23.97748,90.37256 23.97755,90.37229 23.97765,90.37204 23.97777,90.37177 23.97791,90.37161 23.97803,90.37141 23.97818,90.37123 23.97833,90.371 23.97856,90.37092 23.97844,90.37083 23.97827,90.37071 23.97806,90.37063 23.97795,90.37053 23.97784,90.3705 23.97782,90.37048 23.9778,90.37046 23.97778,90.37044 23.97777,90.37038 23.97776,90.37029 23.97775,90.37017 23.97774,90.37003 23.97769,90.36987 23.97762,90.36982 23.97757,90.36979 23.97755,90.36979 23.97751,90.36979 23.97747,90.36981 23.97739,90.36983 23.97729,90.36984 23.97726,90.36986 23.97723,90.36991 23.97721,90.36992 23.97721,90.36992 23.9772,90.36994 23.9772,90.36997 23.9772,90.36999 23.977,90.37 23.97689,90.37002 23.9768,90.37004 23.97671,90.37009 23.97662,90.37021 23.97641,90.37023 23.97636,90.37024 23.97636,90.3703 23.97634,90.37035 23.97633,90.37035 23.97632,90.37036 23.97632,90.37044 23.97615,90.3705 23.97604,90.3705 23.97603,90.37052 23.97598,90.37055 23.97594,90.37055 23.97593,90.37057 23.97593,90.37059 23.97593,90.37061 23.97592,90.37063 23.97592,90.37067 23.9759,90.37068 23.9759,90.37068 23.97589,90.37072 23.97583,90.37074 23.9758,90.37076 23.97577,90.37077 23.97573,90.3708 23.97553,90.37082 23.97545,90.37089 23.97518,90.37097 23.97484,90.37101 23.97474,90.37083 23.97466,90.37064 23.97458,90.37036 23.97446,90.37012 23.97434,90.36989 23.97425,90.36975 23.9742,90.36961 23.97415,90.36953 23.97413,90.36951 23.97412,90.36946 23.97412,90.36931 23.9741,90.36928 23.97411,90.36924 23.97412,90.36914 23.97411,90.36889 23.97411,90.36853 23.9741,90.36842 23.9741,90.36774 23.97408)"
1y84Doc5IrM7ccPeLpkHtyNgG5DFEE5pf,1y84Doc5IrM7ccPeLpkHtyNgG5DFEE5pf-L95,2026.EIS.000125.kmz,"Directions from W99X+4F9, Tongi, Bangladesh to Cotton Clothing (bd) Ltd, Sataish Road, Tongi","Directions from W99X+4F9, Tongi, Bangladesh to Cotton Clothing (bd) Ltd, Sataish Road, Tongi",289,90.39895,23.91763,90.38898,23.92015,"LINESTRING(90.39895 23.91763,90.39906 23.91733,90.39916 23.9171,90.39942 23.91721,90.39948 23.91694,90.39952 23.91668,90.39954 23.91653,90.39955 23.9165,90.39963 23.91585,90.39965 23.91585,90.40011 23.91592,90.40017 23.91593,90.4002 23.91593,90.40022 23.91593,90.40023 23.91592,90.40024 23.91592,90.40025 23.91591,90.40025 23.9159,90.40026 23.91588,90.40024 23.91584,90.40023 23.9158,90.40022 23.91574,90.40021 23.91563,90.40022 23.91555,90.40026 23.91542,90.40026 23.91536,90.40026 23.91534,90.40026 23.9153,90.40025 23.91529,90.40023 23.91527,90.40021 23.91524,90.40014 23.9152,90.4001 23.91518,90.40007 23.91516,90.40006 23.91514,90.40005 23.91512,90.4 23.91502,90.39994 23.91491,90.39998 23.91489,90.40002 23.91488,90.40008 23.91487,90.40019 23.91487,90.40029 23.91487,90.40033 23.91487,90.40039 23.91488,90.40048 23.91487,90.40049 23.91485,90.40049 23.91482,90.4005 23.91478,90.40051 23.91473,90.40054 23.91455,90.40056 23.91441,90.40057 23.91433,90.40059 23.91426,90.40065 23.91406,90.4007 23.9139,90.40073 23.91382,90.40074 23.91378,90.40078 23.91364,90.40086 23.91333,90.40088 23.91328,90.40093 23.91317,90.40096 23.91312,90.40096 23.91309,90.40097 23.91306,90.40097 23.91302,90.40096 23.913,90.40093 23.9129,90.4009 23.91276,90.4009 23.91273,90.40095 23.91251,90.40101 23.9123,90.40103 23.91227,90.4011 23.91218,90.40113 23.91214,90.40117 23.91205,90.40121 23.91196,90.40123 23.91188,90.40125 23.91183,90.40127 23.9116,90.40129 23.91142,90.40132 23.9113,90.40132 23.91129,90.40136 23.91117,90.40141 23.911,90.40146 23.91086,90.40149 23.91076,90.4012 23.91072,90.40113 23.91071,90.4009 23.91067,90.40074 23.91064,90.40047 23.91062,90.40015 23.91063,90.39987 23.91067,90.39986 23.91067,90.39991 23.91084,90.3999 23.91104,90.39989 23.91107,90.39978 23.91151,90.39973 23.9119,90.39972 23.91195,90.3997 23.91204,90.39967 23.91216,90.39965 23.91221,90.39957 23.91245,90.39948 23.9127,90.39941 23.9129,90.3995 23.91292,90.3996 23.91295,90.39974 23.91301,90.39985 23.91308,90.39995 23.91312,90.40003 23.91314,90.4001 23.91316,90.40014 23.91317,90.40054 23.91325,90.4006 23.91327,90.40054 23.91325,90.40014 23.91317,90.4001 23.91316,90.40003 23.91314,90.39995 23.91312,90.39985 23.91308,90.39974 23.91301,90.3996 23.91295,90.3995 23.91292,90.39941 23.9129,90.39948 23.9127,90.39957 23.91245,90.39965 23.91221,90.39918 23.91204,90.39899 23.91198,90.39885 23.91193,90.39881 23.91192,90.39802 23.91187,90.39802 23.91186,90.39802 23.91183,90.39802 23.91181,90.39802 23.91178,90.39801 23.91176,90.398 23.91174,90.39798 23.91173,90.39796 23.91171,90.39795 23.91171,90.39793 23.91171,90.3978 23.9117,90.39776 23.91169,90.39769 23.91168,90.39764 23.91167,90.39759 23.91165,90.39756 23.91163,90.39752 23.91161,90.39751 23.91161,90.3975 23.9116,90.3975 23.91159,90.3975 23.91158,90.3975 23.91157,90.3975 23.91156,90.39752 23.91153,90.39752 23.9115,90.39752 23.91149,90.39752 23.91147,90.39751 23.91144,90.3975 23.91143,90.39749 23.91142,90.39746 23.9114,90.39727 23.91133,90.39702 23.91125,90.39695 23.91123,90.39715 23.91074,90.39723 23.91052,90.39727 23.9104,90.39731 23.9103,90.39778 23.90935,90.39799 23.90898,90.39809 23.90876,90.39815 23.90864,90.39836 23.9082,90.39857 23.90763,90.39865 23.90738,90.39869 23.90724,90.39876 23.90695,90.39881 23.90674,90.39895 23.90612,90.39896 23.90603,90.39906 23.90559,90.39907 23.90553,90.3991 23.9054,90.39912 23.90533,90.39913 23.90525,90.39916 23.90514,90.39918 23.90506,90.39922 23.90479,90.3993 23.90432,90.3993 23.90408,90.3993 23.90395,90.3993 23.90385,90.39929 23.90379,90.39929 23.90376,90.39929 23.90361,90.39929 23.9034,90.39928 23.90319,90.39925 23.9027,90.39902 23.90273,90.39912 23.90379,90.39912 23.90389,90.3991 23.90436,90.39909 23.90448,90.39908 23.90459,90.39907 23.90463,90.39901 23.90496,90.39898 23.90509,90.39893 23.90533,90.39889 23.90556,90.39882 23.90586,90.39858 23.90689,90.39839 23.90758,90.39829 23.90785,90.3982 23.90808,90.39809 23.90832,90.39798 23.90859,90.39793 23.90869,90.39781 23.90897,90.3977 23.90919,90.39748 23.90964,90.39722 23.91016,90.39717 23.91026,90.39712 23.91035,90.3969 23.91083,90.3967 23.91128,90.3963 23.91217,90.39624 23.91233,90.39615 23.91256,90.39609 23.91269,90.39604 23.91282,90.396 23.91289,90.39594 23.91302,90.39589 23.91316,90.39584 23.91326,90.39568 23.91363,90.39551 23.91401,90.39526 23.91457,90.39492 23.91533,90.39462 23.91598,90.3944 23.91647,90.39418 23.91697,90.39416 23.91701,90.39379 23.91781,90.39377 23.91786,90.39365 23.91808,90.39352 23.91835,90.39342 23.91856,90.39312 23.91923,90.39308 23.9193,90.3929 23.91972,90.39274 23.92012,90.39254 23.9207,90.39236 23.92119,90.392 23.92113,90.39164 23.92108,90.39157 23.92107,90.39149 23.92106,90.39141 23.92105,90.39138 23.92105,90.39137 23.92105,90.39108 23.92104,90.3906 23.92102,90.39044 23.92101,90.39035 23.92101,90.3903 23.92101,90.39024 23.921,90.39017 23.921,90.38985 23.92098,90.38945 23.92095,90.38927 23.92094,90.38919 23.92093,90.38916 23.92093,90.38914 23.92094,90.38912 23.92094,90.38911 23.92096,90.3891 23.92097,90.38908 23.92099,90.38906 23.92104,90.38902 23.92114,90.389 23.92116,90.38904 23.92063,90.38898 23.9205,90.38898 23.92035,90.38898 23.92015)"
1yKViYBPJcqYuwbtKL90NThY8yDoU_PhJ,1yKViYBPJcqYuwbtKL90NThY8yDoU_PhJ-L96,2025.EIS.000118.kmz,"Directions from Essential Clothing Limited, Mouchak - Fulbaria Road to 24.071832, 90.306248","Directions from Essential Clothing Limited, Mouchak - Fulbaria Road to 24.071832, 90.306248",82,90.31533,24.06318,90.30607,24.07182,"LINESTRING(90.31533 24.06318,90.31538 24.06345,90.31614 24.06339,90.31614 24.0636,90.31616 24.06407,90.31615 24.06449,90.31614 24.06485,90.31615 24.06522,90.31616 24.06562,90.31615 24.06606,90.31614 24.06619,90.31613 24.06636,90.31612 24.06676,90.31613 24.06695,90.31614 24.06711,90.31617 24.06727,90.31628 24.06757,90.31636 24.06782,90.31645 24.06805,90.31652 24.0682,90.31634 24.06837,90.31625 24.06847,90.31614 24.06854,90.31594 24.06868,90.31592 24.06869,90.31573 24.06881,90.31564 24.06885,90.3155 24.06893,90.31512 24.06914,90.31473 24.0694,90.31466 24.06945,90.31451 24.06956,90.31435 24.06967,90.3142 24.06979,90.31409 24.06986,90.31404 24.0699,90.31379 24.0701,90.31374 24.07013,90.3134 24.07034,90.31299 24.07055,90.31291 24.07059,90.31236 24.0708,90.31231 24.07082,90.3122 24.07087,90.31202 24.07094,90.3117 24.07107,90.31148 24.0712,90.31135 24.07125,90.31105 24.07129,90.31077 24.07134,90.31076 24.07134,90.31058 24.07137,90.31037 24.0714,90.31 24.07147,90.30982 24.07149,90.30961 24.07153,90.30947 24.07155,90.30944 24.07156,90.30916 24.0716,90.30902 24.07164,90.30867 24.07174,90.30865 24.07174,90.30858 24.07176,90.3085 24.07176,90.30846 24.07176,90.30837 24.07175,90.3083 24.07175,90.30827 24.07174,90.30826 24.07174,90.30823 24.07173,90.30812 24.07168,90.30808 24.07167,90.30799 24.07166,90.30789 24.07166,90.30778 24.07166,90.30772 24.07167,90.30705 24.07166,90.30683 24.07166,90.30656 24.07165,90.30635 24.07165,90.30608 24.07163,90.30607 24.07182)"
1yLfwmNq7mUOf-i7nKhJBn0nc94yfl-sM,1yLfwmNq7mUOf-i7nKhJBn0nc94yfl-sM-L97,2026.EIS.000154.kmz,"Directions from Surma Bagan to Saiham Knit Composite Ltd., Jagadishpur - Noapara Road, Noapara","Directions from Surma Bagan to Saiham Knit Composite Ltd., Jagadishpur - Noapara Road, Noapara",483,91.39902,24.13515,91.35414,24.18295,"LINESTRING(91.39902 24.13515,91.399 24.13455,91.39923 24.13434,91.39945 24.13428,91.39985 24.13399,91.40018 24.13393,91.40018 24.13349,91.40018 24.13341,91.40017 24.1331,91.40018 24.13297,91.4002 24.1329,91.40027 24.13255,91.40042 24.13209,91.40053 24.13174,91.40058 24.13157,91.40064 24.1314,91.4008 24.13089,91.4008 24.13088,91.40084 24.13071,91.40085 24.1307,91.40087 24.13058,91.40087 24.13043,91.40087 24.13034,91.40087 24.13028,91.40085 24.13017,91.4008 24.1299,91.40078 24.12981,91.40074 24.12964,91.40062 24.12913,91.40046 24.12859,91.4003 24.12807,91.4003 24.12804,91.40026 24.12793,91.40024 24.12781,91.40025 24.12772,91.40033 24.12749,91.40037 24.1274,91.40037 24.12737,91.40038 24.12733,91.40037 24.12724,91.40037 24.12719,91.40034 24.12701,91.40033 24.12693,91.40034 24.12665,91.40035 24.12611,91.4001 24.12607,91.39984 24.12607,91.39971 24.12607,91.39961 24.12606,91.39956 24.12605,91.39951 24.12604,91.3994 24.12602,91.39908 24.12595,91.39892 24.12592,91.39882 24.12592,91.39873 24.12592,91.39869 24.12593,91.39865 24.12594,91.39858 24.12597,91.39853 24.12599,91.39844 24.12604,91.39834 24.12612,91.39817 24.12626,91.39803 24.12642,91.3976 24.12682,91.3975 24.12691,91.39739 24.12701,91.39726 24.12709,91.39704 24.12722,91.39689 24.1273,91.39683 24.12733,91.39672 24.12737,91.39656 24.12743,91.39644 24.12746,91.39631 24.12749,91.39614 24.12752,91.39579 24.12757,91.395 24.12767,91.3948 24.1277,91.39462 24.12772,91.39419 24.12778,91.394 24.1278,91.39382 24.12784,91.39367 24.12787,91.39353 24.12791,91.39336 24.12798,91.39304 24.12814,91.39269 24.12835,91.39258 24.12841,91.39248 24.12846,91.39229 24.12855,91.39221 24.12858,91.39189 24.12872,91.39157 24.12885,91.39132 24.12896,91.3911 24.12907,91.39088 24.12918,91.39023 24.12948,91.39008 24.12954,91.38995 24.12956,91.38982 24.12957,91.38969 24.12957,91.38964 24.12957,91.38951 24.12955,91.38887 24.12948,91.38856 24.12948,91.3884 24.1295,91.38824 24.12953,91.3881 24.12958,91.38795 24.12963,91.38766 24.1298,91.38726 24.13,91.38708 24.1301,91.38678 24.13025,91.38662 24.13032,91.38645 24.13036,91.38631 24.13038,91.38612 24.13039,91.38586 24.13039,91.38578 24.13039,91.38566 24.13039,91.38554 24.13039,91.38543 24.13038,91.38527 24.13034,91.38509 24.13028,91.38491 24.1302,91.38464 24.13004,91.38434 24.12985,91.38408 24.1297,91.38397 24.12965,91.38387 24.12961,91.38373 24.12958,91.38363 24.12956,91.3835 24.12953,91.38344 24.12951,91.38326 24.1295,91.38306 24.12949,91.38289 24.12948,91.38231 24.1295,91.38219 24.12951,91.38206 24.1295,91.38194 24.12949,91.38181 24.12947,91.38153 24.12939,91.38126 24.12931,91.38114 24.12929,91.38099 24.12926,91.38077 24.12923,91.38033 24.1292,91.37971 24.12916,91.37961 24.12915,91.37952 24.12915,91.37943 24.12916,91.37929 24.12918,91.37901 24.12923,91.37887 24.12925,91.37881 24.12927,91.37843 24.12933,91.37803 24.12941,91.37786 24.12943,91.37739 24.1295,91.37716 24.12953,91.37689 24.12955,91.37641 24.12957,91.37604 24.12964,91.3756 24.12967,91.3755 24.12966,91.37499 24.12967,91.37487 24.12966,91.37466 24.12965,91.37445 24.12962,91.3743 24.12958,91.37411 24.12956,91.37408 24.12956,91.37378 24.12951,91.3732 24.12943,91.37279 24.12937,91.37242 24.12932,91.37212 24.12927,91.37204 24.12926,91.37188 24.12924,91.37169 24.12922,91.3714 24.12922,91.37121 24.12923,91.37106 24.12923,91.37089 24.12925,91.37066 24.12927,91.37049 24.1293,91.37047 24.12931,91.3703 24.12934,91.37018 24.12937,91.3698 24.12948,91.36942 24.12958,91.36911 24.12966,91.36881 24.12974,91.36796 24.12994,91.36705 24.13021,91.3666 24.13033,91.36649 24.13036,91.3664 24.13037,91.36632 24.13038,91.36615 24.13041,91.36608 24.13043,91.36566 24.13052,91.36533 24.13059,91.36508 24.13065,91.36475 24.1307,91.36452 24.13072,91.36434 24.13073,91.36393 24.13073,91.36383 24.13072,91.36371 24.13072,91.36361 24.13071,91.36346 24.13071,91.36287 24.13066,91.36264 24.13064,91.36246 24.13063,91.36233 24.13063,91.36227 24.13063,91.36209 24.13064,91.36197 24.13066,91.36183 24.13069,91.36134 24.13079,91.36119 24.13083,91.36088 24.1309,91.36021 24.13104,91.35984 24.13113,91.3598 24.13113,91.35963 24.13116,91.35948 24.13119,91.35935 24.1312,91.35922 24.1312,91.359 24.1312,91.35864 24.13116,91.35844 24.13114,91.35843 24.13114,91.35815 24.13111,91.35814 24.13111,91.35707 24.13099,91.35691 24.13097,91.35636 24.13092,91.35629 24.13091,91.35614 24.1309,91.35596 24.13089,91.3559 24.1309,91.35575 24.13091,91.35556 24.13092,91.3555 24.13093,91.35525 24.13097,91.35498 24.13103,91.35448 24.13113,91.35426 24.13118,91.35339 24.13141,91.3533 24.13143,91.35301 24.13151,91.35277 24.13157,91.35236 24.13169,91.35224 24.13178,91.35217 24.13185,91.35208 24.13212,91.35204 24.1323,91.35204 24.13232,91.35201 24.13266,91.35198 24.13307,91.35187 24.13402,91.35182 24.13471,91.35175 24.13537,91.35168 24.13598,91.35166 24.13613,91.35161 24.13693,91.35156 24.13754,91.35146 24.13836,91.35142 24.13869,91.3514 24.13893,91.35134 24.13966,91.35132 24.13983,91.35129 24.14009,91.35126 24.1405,91.35124 24.14073,91.35123 24.14096,91.3512 24.14133,91.35116 24.14162,91.35114 24.1418,91.35107 24.14229,91.35106 24.14262,91.35107 24.14289,91.35107 24.14308,91.3511 24.14349,91.35113 24.14397,91.35114 24.14413,91.35117 24.14429,91.35121 24.14466,91.35121 24.14467,91.35123 24.14486,91.35125 24.14538,91.35127 24.14568,91.35128 24.14586,91.35128 24.14587,91.35129 24.146,91.35129 24.14605,91.35131 24.14639,91.35133 24.14675,91.35133 24.14694,91.35133 24.14695,91.35133 24.14713,91.35139 24.14764,91.35141 24.14802,91.35142 24.14833,91.35142 24.1484,91.3514 24.14858,91.35131 24.1487,91.35127 24.14872,91.35125 24.14874,91.35121 24.14875,91.35117 24.14875,91.35113 24.14876,91.35105 24.14874,91.35079 24.14869,91.35039 24.14858,91.34961 24.14835,91.34948 24.14831,91.34872 24.1481,91.34848 24.14804,91.34816 24.14797,91.34755 24.1478,91.34726 24.14772,91.34716 24.14769,91.34708 24.14767,91.34701 24.14766,91.34692 24.14764,91.34683 24.14762,91.34678 24.14761,91.34675 24.1476,91.34674 24.1476,91.34673 24.1476,91.34671 24.1476,91.3467 24.1476,91.34668 24.14762,91.34666 24.14761,91.34664 24.1476,91.34661 24.14759,91.34658 24.14759,91.34656 24.14759,91.34652 24.14761,91.34651 24.14762,91.34648 24.14763,91.34647 24.14764,91.34645 24.14765,91.34645 24.14766,91.34644 24.14767,91.34644 24.14768,91.34643 24.1477,91.34643 24.14771,91.34643 24.14772,91.34643 24.14773,91.34643 24.14776,91.34643 24.14777,91.34644 24.14778,91.34644 24.14779,91.34645 24.1478,91.34645 24.14781,91.34646 24.14782,91.34647 24.14783,91.34648 24.14784,91.34649 24.14784,91.34652 24.14789,91.34654 24.14792,91.34656 24.14795,91.34661 24.14807,91.34664 24.14817,91.34667 24.14824,91.3467 24.14831,91.34672 24.14836,91.34674 24.14839,91.34677 24.14843,91.34682 24.14854,91.34689 24.1487,91.34708 24.14906,91.34723 24.14935,91.34745 24.14975,91.34785 24.15047,91.34808 24.15092,91.34822 24.15121,91.34831 24.15145,91.34837 24.15162,91.34845 24.15185,91.34853 24.15212,91.34862 24.15254,91.34866 24.15279,91.3487 24.15313,91.34878 24.15362,91.34885 24.15421,91.34889 24.15454,91.3489 24.1549,91.34892 24.15582,91.34892 24.15607,91.34894 24.15637,91.34894 24.15659,91.34894 24.15706,91.34896 24.15803,91.349 24.15931,91.349 24.15952,91.34901 24.1599,91.34904 24.16086,91.34905 24.1612,91.34906 24.16183,91.34907 24.16241,91.34908 24.16285,91.3491 24.16353,91.3491 24.16365,91.3491 24.16369,91.34909 24.16412,91.34909 24.16509,91.34911 24.16681,91.3491 24.16755,91.3491 24.16784,91.34912 24.16851,91.34912 24.16859,91.34911 24.16921,91.3491 24.1697,91.34911 24.17014,91.34911 24.17017,91.34911 24.17155,91.34911 24.17165,91.34913 24.17257,91.34912 24.17331,91.34913 24.17381,91.34914 24.17442,91.34914 24.17458,91.34914 24.1747,91.34915 24.17475,91.34915 24.17496,91.34919 24.17533,91.34926 24.17575,91.3495 24.17694,91.34963 24.17758,91.34966 24.17776,91.34977 24.17829,91.34979 24.17845,91.34982 24.17862,91.35 24.17941,91.35009 24.17993,91.35021 24.18054,91.35022 24.18063,91.35039 24.18149,91.35043 24.18169,91.35046 24.18186,91.35052 24.18211,91.35055 24.18225,91.35056 24.18227,91.35058 24.1824,91.35065 24.18288,91.35069 24.18315,91.35071 24.18347,91.35072 24.18365,91.35072 24.1838,91.35107 24.18376,91.35141 24.18373,91.35159 24.18371,91.35178 24.18369,91.35188 24.18368,91.35216 24.18364,91.35237 24.18361,91.35252 24.18359,91.35276 24.18356,91.35275 24.18352,91.35272 24.18334,91.3527 24.18321,91.3527 24.18318,91.3527 24.18315,91.35271 24.18313,91.35272 24.18312,91.35272 24.18311,91.35273 24.18311,91.35274 24.1831,91.35275 24.1831,91.35282 24.18309,91.35283 24.18309,91.3536 24.18301,91.3537 24.183,91.3539 24.18297,91.3541 24.18295,91.35414 24.18295)"
1zh5jdg85WVbcRsZPqDugVD3t2fGdLEGs,1zh5jdg85WVbcRsZPqDugVD3t2fGdLEGs-L98,2025.EIS.000109.kmz,"Directions from BSKL-BANGLADESH SPINNERS & KNITTERS (PVT.) LTD. to 7QVP+G2R, Chattogram","Directions from BSKL-BANGLADESH SPINNERS & KNITTERS (PVT.) LTD. to 7QVP+G2R, Chattogram",82,91.77339,22.28444,91.78504,22.29355,"LINESTRING(91.77339 22.28444,91.77337 22.28473,91.77335 22.28497,91.77334 22.28509,91.77343 22.28509,91.77392 22.28511,91.7743 22.28513,91.77495 22.28517,91.7758 22.28521,91.77657 22.28526,91.77654 22.28601,91.77653 22.28619,91.77652 22.28655,91.77649 22.28691,91.77647 22.2872,91.77635 22.2887,91.77664 22.28871,91.77724 22.28874,91.77763 22.28876,91.77762 22.28879,91.77759 22.2893,91.77754 22.29002,91.7775 22.29054,91.77841 22.29057,91.77855 22.29058,91.77865 22.29059,91.77873 22.29059,91.77899 22.29063,91.77891 22.29101,91.7789 22.29107,91.77877 22.29165,91.77864 22.29227,91.77859 22.29248,91.77856 22.29261,91.77845 22.29303,91.7782 22.29302,91.77808 22.29301,91.77805 22.29324,91.77825 22.29325,91.77866 22.29326,91.77883 22.29326,91.77896 22.29326,91.77921 22.29327,91.77939 22.29327,91.77949 22.29326,91.77957 22.29327,91.77967 22.29327,91.77975 22.29328,91.78045 22.29332,91.78123 22.29335,91.78145 22.29337,91.7821 22.29336,91.78214 22.29346,91.78233 22.29383,91.78242 22.29402,91.7825 22.29419,91.78272 22.29465,91.78294 22.29458,91.7829 22.29451,91.78286 22.29442,91.78277 22.29426,91.78264 22.29403,91.78259 22.29392,91.78252 22.29378,91.78232 22.29331,91.78229 22.29321,91.78228 22.29313,91.78227 22.29298,91.7823 22.29288,91.78278 22.29306,91.78282 22.29308,91.783 22.29314,91.78302 22.29315,91.78336 22.29328,91.78349 22.29332,91.78368 22.29338,91.7839 22.29342,91.78419 22.29346,91.7845 22.2935,91.78502 22.29355,91.78503 22.29355,91.78504 22.29355)"